CREATE DATABASE  IF NOT EXISTS `heroku_a7483908002c347` /*!40100 DEFAULT CHARACTER SET utf8 */;
USE `heroku_a7483908002c347`;
-- MySQL dump 10.13  Distrib 5.7.17, for Win64 (x86_64)
--
-- Host: us-cdbr-iron-east-05.cleardb.net    Database: heroku_a7483908002c347
-- ------------------------------------------------------
-- Server version	5.6.36-log

/*!40101 SET @OLD_CHARACTER_SET_CLIENT=@@CHARACTER_SET_CLIENT */;
/*!40101 SET @OLD_CHARACTER_SET_RESULTS=@@CHARACTER_SET_RESULTS */;
/*!40101 SET @OLD_COLLATION_CONNECTION=@@COLLATION_CONNECTION */;
/*!40101 SET NAMES utf8 */;
/*!40103 SET @OLD_TIME_ZONE=@@TIME_ZONE */;
/*!40103 SET TIME_ZONE='+00:00' */;
/*!40014 SET @OLD_UNIQUE_CHECKS=@@UNIQUE_CHECKS, UNIQUE_CHECKS=0 */;
/*!40014 SET @OLD_FOREIGN_KEY_CHECKS=@@FOREIGN_KEY_CHECKS, FOREIGN_KEY_CHECKS=0 */;
/*!40101 SET @OLD_SQL_MODE=@@SQL_MODE, SQL_MODE='NO_AUTO_VALUE_ON_ZERO' */;
/*!40111 SET @OLD_SQL_NOTES=@@SQL_NOTES, SQL_NOTES=0 */;

--
-- Table structure for table `borrowers`
--

DROP TABLE IF EXISTS `borrowers`;
/*!40101 SET @saved_cs_client     = @@character_set_client */;
/*!40101 SET character_set_client = utf8 */;
CREATE TABLE `borrowers` (
  `id` int(11) NOT NULL AUTO_INCREMENT,
  `loanId` int(11) DEFAULT NULL,
  `borrowerId` varchar(10) DEFAULT NULL,
  `name` varchar(55) DEFAULT NULL,
  `email` varchar(55) DEFAULT NULL,
  `phone` bigint(20) DEFAULT NULL,
  `creditScore` int(11) DEFAULT NULL,
  `type` enum('B','C') DEFAULT NULL,
  `isActive` tinyint(4) DEFAULT '1',
  `createdAt` datetime DEFAULT NULL,
  `updatedAt` datetime DEFAULT NULL,
  `lastUpdatedBy` varchar(100) DEFAULT NULL,
  PRIMARY KEY (`id`)
) ENGINE=InnoDB AUTO_INCREMENT=172 DEFAULT CHARSET=latin1;
/*!40101 SET character_set_client = @saved_cs_client */;

--
-- Dumping data for table `borrowers`
--

LOCK TABLES `borrowers` WRITE;
/*!40000 ALTER TABLE `borrowers` DISABLE KEYS */;
INSERT INTO `borrowers` VALUES (1,20,'B','Arzoo Shaik','arzoo.rkcet@gmail.com',7574865414,0,'B',1,'2018-03-16 08:56:32',NULL,'loan officer'),(2,27,'B','','',NULL,0,'B',1,'2018-01-20 07:19:30',NULL,'loan officer'),(3,29,'B','','',NULL,0,'B',1,'2018-01-20 07:30:55',NULL,'loan officer'),(4,36,'B','','',NULL,0,'B',1,'2018-01-21 12:26:17',NULL,'loan officer'),(5,38,'B','','',NULL,0,'B',1,'2018-01-27 07:39:08',NULL,'loan officer'),(6,39,'B','','',NULL,0,'B',1,'2018-01-27 09:03:29',NULL,'loan officer'),(7,40,'B','','',NULL,0,'B',1,'2018-02-05 19:55:47',NULL,'loan officer'),(8,42,'B','','',NULL,0,'B',1,'2018-02-05 19:56:11',NULL,'loan officer'),(9,43,'B','','',NULL,0,'B',1,'2018-02-05 20:05:17',NULL,'loan officer'),(10,44,'B','','',NULL,0,'B',1,'2018-02-05 20:05:28',NULL,'loan officer'),(11,45,'B','','',NULL,0,'B',1,'2018-02-05 20:06:16',NULL,'loan officer'),(12,46,'B','','',NULL,0,'B',1,'2018-02-05 20:10:46',NULL,'loan officer'),(13,47,'B','','',NULL,0,'B',1,'2018-02-05 20:15:10',NULL,'loan officer'),(14,51,'B','','',NULL,0,'B',1,'2018-02-05 21:12:04',NULL,'loan officer'),(15,64,'B','','',NULL,0,'B',1,'2018-02-11 10:07:44',NULL,'loan officer'),(16,65,'B','','',NULL,0,'B',1,'2018-02-18 09:05:33',NULL,'loan officer'),(17,66,'B','','',NULL,0,'B',1,'2018-02-18 14:39:11',NULL,'loan officer'),(18,69,'B','','',NULL,0,'B',1,'2018-02-18 16:01:33',NULL,'loan officer'),(19,90,'B','','',NULL,720,'B',1,'2018-02-25 18:41:46',NULL,'loan officer'),(20,93,'B','','',NULL,660,'B',1,'2018-02-26 20:27:12',NULL,'loan officer'),(21,101,'B','','',NULL,0,'B',1,'2018-02-27 17:41:12',NULL,'loan officer'),(31,361,'B','','',NULL,0,'B',1,'2018-03-05 22:51:59',NULL,'loan officer'),(41,381,'B','Max Townsend','max@maxtownsend.com',NULL,720,'B',1,'2018-03-13 21:00:23',NULL,'loan officer'),(51,481,'B','','',NULL,0,'B',1,'2018-03-07 18:04:10',NULL,'loan officer'),(61,611,'B','Ankit Patel','ankitpatel@gmail.com',7698903070,0,'B',1,'2018-03-09 02:46:01',NULL,'loan officer'),(71,621,'B','Sailesh Patel','saileshpatel@gmail.com',9876549871,0,'B',1,'2018-03-09 02:52:02',NULL,'loan officer'),(81,631,'B','Jasmin Jasani','jj@gmail.com',12475842,760,'B',1,'2018-03-09 03:44:54',NULL,'loan officer'),(91,661,'B','Milan Patel','milanpatel@gmail.com',8654256525,0,'B',1,'2018-03-09 03:56:38',NULL,'loan officer'),(101,671,'B','Sagar Patel','sagarpatel@gmail.com',NULL,0,'B',1,'2018-03-09 04:11:29',NULL,'loan officer'),(111,681,'B','Viraj Patel','vishal.rkcet@gmail.com',0,0,'B',1,'2018-03-09 04:57:32',NULL,'loan officer'),(121,691,'B','Manish Patel','manishpatel@gmail.com',0,0,'B',1,'2018-03-09 04:51:22',NULL,'loan officer'),(131,701,'B','BTest2','',NULL,700,'B',1,'2018-03-09 09:46:09',NULL,'loan officer'),(141,771,'B','Max Townsend','max@maxtownsend.com',NULL,740,'B',1,'2018-03-10 16:04:25',NULL,'loan officer'),(151,791,'B','Leo','',0,740,'B',1,'2018-03-27 18:36:18',NULL,'loan officer'),(161,891,'B','B1403','martyn.benjamin@gmail.com',NULL,700,'B',1,'2018-03-16 08:56:44',NULL,'loan officer'),(171,911,'B','Sanjay Patel','sanjaypatel16@gmail.com',9998887771,0,'B',1,'2018-03-14 09:30:06',NULL,'loan officer');
/*!40000 ALTER TABLE `borrowers` ENABLE KEYS */;
UNLOCK TABLES;

--
-- Table structure for table `borrowershistory`
--

DROP TABLE IF EXISTS `borrowershistory`;
/*!40101 SET @saved_cs_client     = @@character_set_client */;
/*!40101 SET character_set_client = utf8 */;
CREATE TABLE `borrowershistory` (
  `id` int(11) NOT NULL,
  `loanId` int(11) DEFAULT NULL,
  `borrowerId` varchar(10) DEFAULT NULL,
  `name` varchar(55) DEFAULT NULL,
  `email` varchar(55) DEFAULT NULL,
  `phone` bigint(20) DEFAULT NULL,
  `creditScore` int(11) DEFAULT NULL,
  `type` enum('B','C') DEFAULT NULL,
  `isActive` tinyint(4) DEFAULT '1',
  `createdAt` datetime DEFAULT NULL,
  `updatedAt` datetime DEFAULT NULL,
  `lastUpdatedBy` varchar(100) DEFAULT NULL
) ENGINE=InnoDB DEFAULT CHARSET=latin1;
/*!40101 SET character_set_client = @saved_cs_client */;

--
-- Dumping data for table `borrowershistory`
--

LOCK TABLES `borrowershistory` WRITE;
/*!40000 ALTER TABLE `borrowershistory` DISABLE KEYS */;
INSERT INTO `borrowershistory` VALUES (2,2,'B','Hitesh Patel','hitesh@gmail.com',7698903070,0,'B',1,'2017-11-09 10:50:28',NULL,NULL),(2,2,'C1','Subhash Patel','subhash@gmail.com',9865856595,0,'C',1,'2017-11-09 10:50:28',NULL,NULL),(2,7,'B','Hitesh Patel','hitesh@gmail.com',7698903070,0,'B',1,'2017-11-11 06:18:22',NULL,NULL),(1,1,'B','Arzoo Shaikh','arzoo@gmail.com',7574865414,0,'B',1,'2017-11-13 16:44:00',NULL,'loan officer'),(1,1,'C1','Vishal Patel','vishal@gmail.com',7698903010,0,'C',1,'2017-11-13 16:44:00',NULL,'loan officer'),(1,16,'B','Arzoo Shaikh','arzoo@gmail.com',7574865414,0,'B',1,'2017-11-14 14:34:44',NULL,'customer'),(1,20,'B','','',NULL,0,'B',1,'2018-01-13 13:37:25',NULL,'loan officer'),(2,27,'B','','',NULL,0,'B',1,'2018-01-20 07:19:30',NULL,'loan officer'),(3,29,'B','','',NULL,0,'B',1,'2018-01-20 07:19:49',NULL,'loan officer'),(3,29,'B','','',NULL,0,'B',1,'2018-01-20 07:20:13',NULL,'loan officer'),(3,29,'B','','',NULL,0,'B',1,'2018-01-20 07:23:40',NULL,'loan officer'),(3,29,'B','','',NULL,0,'B',1,'2018-01-20 07:28:44',NULL,'loan officer'),(3,29,'B','','',NULL,0,'B',1,'2018-01-20 07:29:59',NULL,'loan officer'),(3,29,'B','','',NULL,0,'B',1,'2018-01-20 07:30:11',NULL,'loan officer'),(3,29,'B','','',NULL,0,'B',1,'2018-01-20 07:30:55',NULL,'loan officer'),(4,36,'B','','',NULL,0,'B',1,'2018-01-21 12:26:17',NULL,'loan officer'),(5,38,'B','','',NULL,0,'B',1,'2018-01-27 07:36:11',NULL,'loan officer'),(5,38,'B','','',NULL,0,'B',1,'2018-01-27 07:36:35',NULL,'loan officer'),(5,38,'B','','',NULL,0,'B',1,'2018-01-27 07:39:00',NULL,'loan officer'),(5,38,'B','','',NULL,0,'B',1,'2018-01-27 07:39:08',NULL,'loan officer'),(6,39,'B','','',NULL,0,'B',1,'2018-01-27 07:55:49',NULL,'loan officer'),(6,39,'B','','',NULL,0,'B',1,'2018-01-27 09:03:29',NULL,'loan officer'),(7,40,'B','','',NULL,0,'B',1,'2018-02-05 19:55:47',NULL,'loan officer'),(8,42,'B','','',NULL,0,'B',1,'2018-02-05 19:56:11',NULL,'loan officer'),(9,43,'B','','',NULL,0,'B',1,'2018-02-05 20:03:07',NULL,'loan officer'),(9,43,'B','','',NULL,0,'B',1,'2018-02-05 20:05:17',NULL,'loan officer'),(10,44,'B','','',NULL,0,'B',1,'2018-02-05 20:05:28',NULL,'loan officer'),(11,45,'B','','',NULL,0,'B',1,'2018-02-05 20:06:16',NULL,'loan officer'),(12,46,'B','','',NULL,0,'B',1,'2018-02-05 20:10:46',NULL,'loan officer'),(13,47,'B','','',NULL,0,'B',1,'2018-02-05 20:15:10',NULL,'loan officer'),(14,51,'B','','',NULL,0,'B',1,'2018-02-05 21:12:04',NULL,'loan officer'),(15,64,'B','','',NULL,0,'B',1,'2018-02-11 10:07:44',NULL,'loan officer'),(16,65,'B','','',NULL,0,'B',1,'2018-02-17 06:51:30',NULL,'loan officer'),(16,65,'B','','',NULL,0,'B',1,'2018-02-17 07:06:36',NULL,'loan officer'),(16,65,'B','','',NULL,0,'B',1,'2018-02-17 10:14:57',NULL,'loan officer'),(16,65,'B','','',NULL,0,'B',1,'2018-02-18 09:05:33',NULL,'loan officer'),(17,66,'B','','',NULL,0,'B',1,'2018-02-18 14:36:08',NULL,'loan officer'),(17,66,'B','','',NULL,0,'B',1,'2018-02-18 14:36:19',NULL,'loan officer'),(17,66,'B','','',NULL,0,'B',1,'2018-02-18 14:39:11',NULL,'loan officer'),(18,69,'B','','',NULL,0,'B',1,'2018-02-18 15:37:33',NULL,'loan officer'),(18,69,'B','','',NULL,0,'B',1,'2018-02-18 15:37:43',NULL,'loan officer'),(18,69,'B','','',NULL,0,'B',1,'2018-02-18 15:37:59',NULL,'loan officer'),(18,69,'B','','',NULL,0,'B',1,'2018-02-18 15:38:02',NULL,'loan officer'),(18,69,'B','','',NULL,0,'B',1,'2018-02-18 15:38:02',NULL,'loan officer'),(18,69,'B','','',NULL,0,'B',1,'2018-02-18 15:38:03',NULL,'loan officer'),(18,69,'B','','',NULL,0,'B',1,'2018-02-18 15:38:03',NULL,'loan officer'),(18,69,'B','','',NULL,0,'B',1,'2018-02-18 15:38:04',NULL,'loan officer'),(18,69,'B','','',NULL,0,'B',1,'2018-02-18 16:01:33',NULL,'loan officer'),(19,90,'B','','',NULL,0,'B',1,'2018-02-25 16:54:07',NULL,'loan officer'),(19,90,'B','','',NULL,0,'B',1,'2018-02-25 16:54:20',NULL,'loan officer'),(19,90,'B','','',NULL,0,'B',1,'2018-02-25 16:54:41',NULL,'loan officer'),(19,90,'B','','',NULL,720,'B',1,'2018-02-25 16:56:20',NULL,'loan officer'),(19,90,'B','','',NULL,720,'B',1,'2018-02-25 16:57:03',NULL,'loan officer'),(19,90,'B','','',NULL,720,'B',1,'2018-02-25 17:15:30',NULL,'loan officer'),(19,90,'B','','',NULL,720,'B',1,'2018-02-25 18:41:46',NULL,'loan officer'),(20,93,'B','','',NULL,720,'B',1,'2018-02-26 19:34:52',NULL,'loan officer'),(20,93,'B','','',NULL,720,'B',1,'2018-02-26 19:38:29',NULL,'loan officer'),(20,93,'B','','',NULL,640,'B',1,'2018-02-26 19:40:19',NULL,'loan officer'),(20,93,'B','','',NULL,640,'B',1,'2018-02-26 19:40:43',NULL,'loan officer'),(20,93,'B','','',NULL,660,'B',1,'2018-02-26 19:40:54',NULL,'loan officer'),(20,93,'B','','',NULL,660,'B',1,'2018-02-26 19:41:56',NULL,'loan officer'),(20,93,'B','','',NULL,660,'B',1,'2018-02-26 19:42:41',NULL,'loan officer'),(20,93,'B','','',NULL,660,'B',1,'2018-02-26 20:27:12',NULL,'loan officer'),(21,101,'B','','',NULL,0,'B',1,'2018-02-27 17:41:05',NULL,'loan officer'),(21,101,'B','','',NULL,0,'B',1,'2018-02-27 17:41:12',NULL,'loan officer'),(31,361,'B','','',NULL,0,'B',1,'2018-03-05 22:51:59',NULL,'loan officer'),(41,381,'B','','',NULL,0,'B',1,'2018-03-05 22:53:10',NULL,'loan officer'),(41,381,'B','','',NULL,0,'B',1,'2018-03-05 22:53:12',NULL,'loan officer'),(41,381,'B','','',NULL,0,'B',1,'2018-03-05 22:53:12',NULL,'loan officer'),(41,381,'B','Max Townsend','max@maxtownsend.com',NULL,0,'B',1,'2018-03-06 16:34:37',NULL,'loan officer'),(41,381,'B','Max Townsend','max@maxtownsend.com',NULL,700,'B',1,'2018-03-06 16:40:26',NULL,'loan officer'),(41,381,'B','Max Townsend','max@maxtownsend.com',NULL,700,'B',1,'2018-03-06 16:40:50',NULL,'loan officer'),(41,381,'B','Max Townsend','max@maxtownsend.com',NULL,700,'B',1,'2018-03-06 16:42:31',NULL,'loan officer'),(41,381,'B','Max Townsend','max@maxtownsend.com',NULL,700,'B',1,'2018-03-06 16:46:17',NULL,'loan officer'),(51,481,'B','','',NULL,0,'B',1,'2018-03-07 18:04:10',NULL,'loan officer'),(61,611,'B','Ankit Patel','ankitpatel@gmail.com',7485963212,0,'B',1,'2018-03-09 02:42:53',NULL,'loan officer'),(61,611,'B','Ankit Patel','ankitpatel@gmail.com',7698903070,0,'B',1,'2018-03-09 02:46:01',NULL,'loan officer'),(71,621,'B','Sailesh Patel','saileshpatel@gmail.com',9876549871,0,'B',1,'2018-03-09 02:52:02',NULL,'loan officer'),(81,631,'B','Jasmin Jasani','jj@gmail.com',12475842,760,'B',1,'2018-03-09 03:44:54',NULL,'loan officer'),(91,661,'B','Milan Patel','milanpatel@gmail.com',8654256525,0,'B',1,'2018-03-09 03:56:38',NULL,'loan officer'),(101,671,'B','Sagar Patel','sagarpatel@gmail.com',NULL,0,'B',1,'2018-03-09 04:11:29',NULL,'loan officer'),(111,681,'B','Viraj Patel','',NULL,0,'B',1,'2018-03-09 04:47:36',NULL,'loan officer'),(121,691,'B','Manish Patel','',NULL,0,'B',1,'2018-03-09 04:51:22',NULL,'loan officer'),(111,681,'B','Viraj Patel','virajpatel@gmail.com',NULL,0,'B',1,'2018-03-09 04:57:32',NULL,'loan officer'),(131,701,'B','BTest2','',NULL,700,'B',1,'2018-03-09 09:46:09',NULL,'loan officer'),(141,771,'B','','',NULL,740,'B',1,'2018-03-10 14:35:33',NULL,'loan officer'),(151,791,'B','Leo','',0,740,'B',1,'2018-03-12 17:57:29',NULL,'loan officer'),(151,791,'B','Leo','',0,740,'B',1,'2018-03-12 18:53:59',NULL,'loan officer'),(41,381,'B','Max Townsend','max@maxtownsend.com',NULL,720,'B',1,'2018-03-13 21:00:23',NULL,'loan officer'),(161,891,'B','B1403','',NULL,700,'B',1,'2018-03-14 07:04:01',NULL,'loan officer'),(161,891,'B','B1403','martyn.benjamin@gmail.com',NULL,700,'B',1,'2018-03-14 07:04:37',NULL,'loan officer'),(161,891,'B','B1403','martyn.benjamin@gmail.com',NULL,700,'B',1,'2018-03-14 07:06:56',NULL,'loan officer'),(161,891,'B','B1403','martyn.benjamin@gmail.com',NULL,700,'B',1,'2018-03-14 07:11:28',NULL,'loan officer'),(1,20,'B','Arzoo Shaik','arzoo.rkcet@gmail.com',7574865414,0,'B',1,'2018-03-14 09:08:26',NULL,'loan officer'),(1,20,'B','Arzoo Shaik','arzoo.rkcet@gmail.com',7574865414,0,'B',1,'2018-03-14 09:13:54',NULL,'loan officer'),(161,891,'B','B1403','martyn.benjamin@gmail.com',NULL,700,'B',1,'2018-03-14 09:21:41',NULL,'loan officer'),(161,891,'B','B1403','martyn.benjamin@gmail.com',NULL,700,'B',1,'2018-03-14 09:23:11',NULL,'loan officer'),(1,20,'B','Arzoo Shaik','arzoo.rkcet@gmail.com',7574865414,0,'B',1,'2018-03-14 09:26:05',NULL,'loan officer'),(151,791,'B','Leo','',0,740,'B',1,'2018-03-14 09:26:56',NULL,'loan officer'),(171,911,'B','Sanjay Patel','sanjay@gmail.com',NULL,0,'B',1,'2018-03-14 09:28:50',NULL,'loan officer'),(171,911,'B','Sanjay Patel','sanjay@gmail.com',9998887771,0,'B',1,'2018-03-14 09:29:41',NULL,'loan officer'),(171,911,'B','Sanjay Patel','sanjaypatel16@gmail.com',9998887771,0,'B',1,'2018-03-14 09:30:06',NULL,'loan officer'),(1,20,'B','Arzoo Shaik','arzoo.rkcet@gmail.com',7574865414,0,'B',1,'2018-03-16 08:56:32',NULL,'loan officer'),(161,891,'B','B1403','martyn.benjamin@gmail.com',NULL,700,'B',1,'2018-03-16 08:56:44',NULL,'loan officer'),(151,791,'B','Leo','',0,740,'B',1,'2018-03-27 18:36:18',NULL,'loan officer');
/*!40000 ALTER TABLE `borrowershistory` ENABLE KEYS */;
UNLOCK TABLES;

--
-- Table structure for table `bpmi`
--

DROP TABLE IF EXISTS `bpmi`;
/*!40101 SET @saved_cs_client     = @@character_set_client */;
/*!40101 SET character_set_client = utf8 */;
CREATE TABLE `bpmi` (
  `id` int(11) NOT NULL AUTO_INCREMENT,
  `ltvTo` decimal(15,2) DEFAULT NULL,
  `ltvFrom` decimal(15,2) DEFAULT NULL,
  `creditScoreFrom` int(11) DEFAULT NULL,
  `creditScoreTo` int(11) DEFAULT NULL,
  `bpmi` decimal(15,2) NOT NULL,
  `termFrom` int(11) DEFAULT NULL,
  `termTo` int(11) DEFAULT NULL,
  PRIMARY KEY (`id`)
) ENGINE=InnoDB AUTO_INCREMENT=65 DEFAULT CHARSET=latin1;
/*!40101 SET character_set_client = @saved_cs_client */;

--
-- Dumping data for table `bpmi`
--

LOCK TABLES `bpmi` WRITE;
/*!40000 ALTER TABLE `bpmi` DISABLE KEYS */;
INSERT INTO `bpmi` VALUES (1,97.00,95.01,760,0,0.55,241,0),(2,97.00,95.01,740,759,0.75,241,NULL),(3,97.00,95.01,720,739,0.95,241,NULL),(4,97.00,95.01,700,719,1.15,241,NULL),(5,97.00,95.01,680,699,1.40,241,NULL),(6,97.00,95.01,660,679,1.90,241,NULL),(7,97.00,95.01,640,659,2.05,241,NULL),(8,97.00,95.01,620,639,2.25,241,NULL),(9,95.00,90.01,760,0,0.41,241,0),(10,95.00,90.01,740,759,0.59,241,NULL),(11,95.00,90.01,720,739,0.73,241,NULL),(12,95.00,90.01,700,719,0.87,241,NULL),(13,95.00,90.01,680,699,1.08,241,NULL),(14,95.00,90.01,660,679,1.42,241,NULL),(15,95.00,90.01,640,659,1.50,241,NULL),(16,95.00,90.01,620,639,1.61,241,NULL),(17,90.00,85.01,760,NULL,0.30,241,NULL),(18,90.00,85.01,740,759,0.41,241,NULL),(19,90.00,85.01,720,739,0.50,241,NULL),(20,90.00,85.01,700,719,0.60,241,NULL),(21,90.00,85.01,680,699,0.73,241,NULL),(22,90.00,85.01,660,679,1.00,241,NULL),(23,90.00,85.01,640,659,1.05,241,NULL),(24,90.00,85.01,620,639,1.10,241,NULL),(25,85.00,0.00,760,0,0.19,241,0),(26,85.00,0.00,740,759,0.20,241,NULL),(27,85.00,0.00,720,739,0.23,241,NULL),(28,85.00,0.00,700,719,0.27,241,NULL),(29,85.00,0.00,680,699,0.32,241,NULL),(30,85.00,0.00,660,679,0.41,241,NULL),(31,85.00,0.00,640,659,0.43,241,NULL),(32,85.00,0.00,620,639,0.45,241,NULL),(33,97.00,95.01,760,NULL,0.37,0,240),(34,97.00,95.01,740,759,0.50,0,240),(35,97.00,95.01,720,739,0.65,0,240),(36,97.00,95.01,700,719,0.77,0,240),(37,97.00,95.01,680,699,0.97,0,240),(38,97.00,95.01,660,679,1.30,0,240),(39,97.00,95.01,640,659,1.45,0,240),(40,97.00,95.01,620,639,1.65,0,240),(41,95.00,90.01,760,NULL,0.30,0,240),(42,95.00,90.01,740,759,0.41,0,240),(43,95.00,90.01,720,739,0.50,0,240),(44,95.00,90.01,700,719,0.60,0,240),(45,95.00,90.01,680,699,0.75,0,240),(46,95.00,90.01,660,679,0.92,0,240),(47,95.00,90.01,640,659,1.04,0,240),(48,95.00,90.01,620,639,1.22,0,240),(49,90.00,85.01,760,NULL,0.24,0,240),(50,90.00,85.01,740,759,0.30,0,240),(51,90.00,85.01,720,739,0.36,0,240),(52,90.00,85.01,700,719,0.43,0,240),(53,90.00,85.01,680,699,0.50,0,240),(54,90.00,85.01,660,679,0.65,0,240),(55,90.00,85.01,640,659,0.73,0,240),(56,90.00,85.01,620,639,0.87,0,240),(57,85.00,0.00,760,NULL,0.18,0,240),(58,85.00,0.00,740,759,0.19,0,240),(59,85.00,0.00,720,739,0.22,0,240),(60,85.00,0.00,700,719,0.22,0,240),(61,85.00,0.00,680,699,0.25,0,240),(62,85.00,0.00,660,679,0.31,0,240),(63,85.00,0.00,640,659,0.33,0,240),(64,85.00,0.00,620,639,0.39,0,240);
/*!40000 ALTER TABLE `bpmi` ENABLE KEYS */;
UNLOCK TABLES;

--
-- Table structure for table `bpmi_adjustments`
--

DROP TABLE IF EXISTS `bpmi_adjustments`;
/*!40101 SET @saved_cs_client     = @@character_set_client */;
/*!40101 SET character_set_client = utf8 */;
CREATE TABLE `bpmi_adjustments` (
  `id` int(10) NOT NULL AUTO_INCREMENT,
  `adjustmentName` varchar(250) NOT NULL,
  `creditScoreFrom` decimal(15,2) DEFAULT NULL,
  `creditScoreTo` decimal(15,2) DEFAULT NULL,
  `bpmi` decimal(15,2) DEFAULT NULL,
  PRIMARY KEY (`id`)
) ENGINE=InnoDB AUTO_INCREMENT=9 DEFAULT CHARSET=latin1;
/*!40101 SET character_set_client = @saved_cs_client */;

--
-- Dumping data for table `bpmi_adjustments`
--

LOCK TABLES `bpmi_adjustments` WRITE;
/*!40000 ALTER TABLE `bpmi_adjustments` DISABLE KEYS */;
INSERT INTO `bpmi_adjustments` VALUES (1,'Loan Amounts',760.00,0.00,0.20),(2,'Loan Amounts',740.00,759.00,0.22),(3,'Loan Amounts',720.00,739.00,0.25),(4,'Loan Amounts',700.00,719.00,0.30),(5,'Loan Amounts',680.00,699.00,0.40),(6,'Loan Amounts',660.00,679.00,0.50),(7,'Loan Amounts',640.00,659.00,0.60),(8,'Loan Amounts',620.00,639.00,0.70);
/*!40000 ALTER TABLE `bpmi_adjustments` ENABLE KEYS */;
UNLOCK TABLES;

--
-- Table structure for table `businesstype_master`
--

DROP TABLE IF EXISTS `businesstype_master`;
/*!40101 SET @saved_cs_client     = @@character_set_client */;
/*!40101 SET character_set_client = utf8 */;
CREATE TABLE `businesstype_master` (
  `id` int(10) NOT NULL AUTO_INCREMENT,
  `businesstype_name` varchar(100) NOT NULL,
  PRIMARY KEY (`id`)
) ENGINE=InnoDB AUTO_INCREMENT=21 DEFAULT CHARSET=latin1;
/*!40101 SET character_set_client = @saved_cs_client */;

--
-- Dumping data for table `businesstype_master`
--

LOCK TABLES `businesstype_master` WRITE;
/*!40000 ALTER TABLE `businesstype_master` DISABLE KEYS */;
INSERT INTO `businesstype_master` VALUES (1,'Carpenter'),(3,'Plumber'),(4,'Moving Company');
/*!40000 ALTER TABLE `businesstype_master` ENABLE KEYS */;
UNLOCK TABLES;

--
-- Table structure for table `closing_cost_template`
--

DROP TABLE IF EXISTS `closing_cost_template`;
/*!40101 SET @saved_cs_client     = @@character_set_client */;
/*!40101 SET character_set_client = utf8 */;
CREATE TABLE `closing_cost_template` (
  `id` int(11) NOT NULL AUTO_INCREMENT,
  `name` varchar(100) NOT NULL,
  `stateId` varchar(100) NOT NULL,
  `userId` int(11) NOT NULL,
  PRIMARY KEY (`id`)
) ENGINE=InnoDB AUTO_INCREMENT=51 DEFAULT CHARSET=latin1;
/*!40101 SET character_set_client = @saved_cs_client */;

--
-- Dumping data for table `closing_cost_template`
--

LOCK TABLES `closing_cost_template` WRITE;
/*!40000 ALTER TABLE `closing_cost_template` DISABLE KEYS */;
INSERT INTO `closing_cost_template` VALUES (1,'Default Template','TX',101),(2,'dsd','',101),(3,'aaa','',101),(4,'jithin','',101),(5,'FHA','AL',101),(11,'test','TX',101),(21,'CONV-TX','TX',101),(31,'cb','TX',101),(41,'1403Test','TX',101);
/*!40000 ALTER TABLE `closing_cost_template` ENABLE KEYS */;
UNLOCK TABLES;

--
-- Table structure for table `closing_cost_type`
--

DROP TABLE IF EXISTS `closing_cost_type`;
/*!40101 SET @saved_cs_client     = @@character_set_client */;
/*!40101 SET character_set_client = utf8 */;
CREATE TABLE `closing_cost_type` (
  `id` int(11) NOT NULL,
  `name` varchar(100) NOT NULL,
  `calcOn` varchar(50) NOT NULL DEFAULT 'loan',
  `category` int(1) NOT NULL DEFAULT '0'
) ENGINE=InnoDB DEFAULT CHARSET=latin1;
/*!40101 SET character_set_client = @saved_cs_client */;

--
-- Dumping data for table `closing_cost_type`
--

LOCK TABLES `closing_cost_type` WRITE;
/*!40000 ALTER TABLE `closing_cost_type` DISABLE KEYS */;
INSERT INTO `closing_cost_type` VALUES (1,'Abstract or Title Search','loan',0),(2,'Additional QM Fees','loan',0),(3,'Admin Fee','loan',0),(4,'Amortization Fee','loan',0),(5,'Application Fee','loan',0),(6,'Appraisal Desk Review','loan',0),(7,'Appraisal Fee','loan',0),(8,'Appraisal Inspection','loan',0),(9,'Assignment Fee','loan',0),(10,'Assignment Recording','loan',0),(11,'Assumption Fee','loan',0),(12,'Attorney Fee','loan',0),(13,'Bond Fee','loan',0),(14,'Bond Review','loan',0),(15,'Borrower Closing Services Fee','loan',0),(16,'Borrower Paid Upfront Fee','loan',0),(17,'Certification Fee','loan',0),(18,'City/County Deed Tax Stamp','loan',0),(19,'City/County Mtg Tax Stamp','loan',0),(20,'CLO Access Fee','loan',0),(21,'Closing Protection Letter','loan',0),(22,'Commitment Fee','loan',0),(23,'Condo/PUD Certification','loan',0),(24,'Contribution','loan',0),(25,'Copy or Fax Fee','loan',0),(26,'Credit Report','loan',0),(27,'Debt Payoff','loan',0),(28,'Deed Recording Fee','loan',0),(29,'Doc Prep Fee','loan',0),(30,'Documentary Stamp','loan',0),(31,'Electronic Document Delivery','loan',0),(32,'Escrow Service Fee','loan',0),(33,'Escrow Waiver Fee','loan',0),(34,'Express Mail/Courier Fee','loan',0),(35,'FF9 - 10% of Lender\'s Policy','loan',0),(36,'Field Review','loan',0),(37,'Final Inspection','loan',0),(38,'Flood Certification Fee','loan',0),(39,'General Councel Fee','loan',0),(40,'Government Recording Fee','loan',0),(41,'Home Inspection Fee','loan',0),(42,'Intangible Tax','loan',0),(43,'Lender\'s Title Insurance','loan',0),(44,'Loan Origination','loan',0),(45,'Lock Fee','loan',0),(46,'MERS Registration','loan',0),(47,'MI Application Fee','loan',0),(48,'Modification Fee','loan',0),(49,'Mortgage Broker Fee','loan',0),(50,'Mortgage Insurance Premium','loan',0),(51,'Municipal Lien Certificate','loan',0),(52,'Municipal Lien Certificate Recording','loan',0),(53,'Notary Fee','loan',0),(54,'Origination Fee','loan',0),(55,'Other','loan',0),(56,'Owners Title Insurance','loan',0),(57,'Payoff Request Fee','loan',0),(58,'Pest Inspection','loan',0),(59,'Processing Fee','loan',0),(60,'Real Estate Commission','loan',0),(61,'Recording Fees','loan',0),(62,'Redraw Fee','loan',0),(63,'Reinspection Fee','loan',0),(64,'Release Recording Fee','loan',0),(65,'Rural Housing Fee','loan',0),(66,'Settlement Fee','loan',0),(67,'Signing Agent Fee','loan',0),(68,'State Deed Tax Stamp','loan',0),(69,'State Mortgage Tax Stamp','loan',0),(70,'Subordination Fee','loan',0),(71,'Survey','loan',0),(72,'Tax Service Fee','loan',0),(73,'Title Endorsement','loan',0),(74,'Title Examination','loan',0),(75,'Title Insurance Binder','loan',0),(76,'Underwriting Fee','loan',0),(77,'Verification of Employment','loan',0),(78,'Warehouse Fee','loan',0),(79,'Wire Transfer Fee','loan',0),(80,'__________________________________________','loan',6),(81,'Title Insurance ','loan',1),(82,'Discount Points','loan',2),(83,'UFMIP (FHA)','loan',3),(84,'VA - (Purchase)','loan',4),(85,'VA - (Re-Finance)','loan',5);
/*!40000 ALTER TABLE `closing_cost_type` ENABLE KEYS */;
UNLOCK TABLES;

--
-- Table structure for table `closing_costs`
--

DROP TABLE IF EXISTS `closing_costs`;
/*!40101 SET @saved_cs_client     = @@character_set_client */;
/*!40101 SET character_set_client = utf8 */;
CREATE TABLE `closing_costs` (
  `id` int(11) NOT NULL,
  `userId` int(11) DEFAULT NULL,
  `rowNo` int(11) DEFAULT NULL,
  `name` varchar(55) DEFAULT NULL,
  `type` int(11) DEFAULT NULL,
  `mode` int(11) DEFAULT NULL,
  `value` decimal(15,2) DEFAULT NULL,
  `percentage` decimal(15,3) DEFAULT NULL,
  `isApr` tinyint(1) NOT NULL DEFAULT '0',
  `templateId` int(11) NOT NULL,
  `isPpe` tinyint(1) NOT NULL DEFAULT '0',
  `addToLoan` tinyint(1) NOT NULL DEFAULT '0',
  `closingCostTypeId` int(11) NOT NULL,
  `calcOn` varchar(50) DEFAULT NULL,
  `category` int(1) NOT NULL DEFAULT '0'
) ENGINE=InnoDB DEFAULT CHARSET=latin1;
/*!40101 SET character_set_client = @saved_cs_client */;

--
-- Dumping data for table `closing_costs`
--

LOCK TABLES `closing_costs` WRITE;
/*!40000 ALTER TABLE `closing_costs` DISABLE KEYS */;
INSERT INTO `closing_costs` VALUES (0,101,1,'UFMIP (FHA)',1,1,0.00,1.750,0,2,0,0,82,NULL,3),(0,101,2,'VA - (Purchase)',1,1,0.00,2.150,0,2,0,0,83,NULL,4),(0,101,3,'VA - (Re-Finance)',1,1,0.00,0.500,0,2,0,0,84,NULL,5),(0,101,4,'',1,2,0.00,0.000,0,2,0,0,0,NULL,0),(0,101,1,'UFMIP (FHA)',1,1,0.00,1.750,0,3,0,0,82,NULL,3),(0,101,2,'VA - (Purchase)',1,1,0.00,2.150,0,3,0,0,83,NULL,4),(0,101,3,'VA - (Re-Finance)',1,1,0.00,0.500,0,3,0,0,84,NULL,5),(0,101,4,'',1,2,0.00,0.000,0,3,0,0,0,NULL,0),(0,101,1,'UFMIP (FHA)',1,1,0.00,1.750,0,5,0,0,82,NULL,3),(0,101,2,'VA - (Purchase)',1,1,0.00,2.150,0,5,0,0,83,NULL,4),(0,101,3,'VA - (Re-Finance)',1,1,0.00,0.500,0,5,0,0,84,NULL,5),(0,101,4,'Assignment Fee',1,2,3880.00,0.000,0,5,0,0,9,NULL,0),(0,101,5,'Discount Points',1,2,0.00,0.000,0,5,0,0,81,NULL,2),(0,101,6,'Processing Fee',1,2,700.00,0.000,0,5,0,0,59,NULL,0),(0,101,7,'Title Insurance ',1,2,0.00,0.000,0,5,0,0,80,NULL,1),(0,101,1,'UFMIP (FHA)',1,2,0.00,0.000,0,1,0,0,82,NULL,3),(0,101,2,'VA - (Purchase)',1,2,0.00,0.000,0,1,0,0,83,NULL,4),(0,101,3,'VA - (Re-Finance)',1,2,0.00,0.000,0,1,0,0,84,NULL,5),(0,101,1,'UFMIP (FHA)',1,1,0.00,1.750,0,41,0,0,82,NULL,3),(0,101,2,'VA - (Purchase)',1,1,0.00,2.150,0,41,0,0,83,NULL,4),(0,101,3,'VA - (Re-Finance)',1,1,0.00,0.500,0,41,0,0,84,NULL,5),(0,101,4,'Tax Service Fee',1,2,5.00,0.000,0,41,0,0,72,NULL,0),(0,101,5,'__________________________________________',1,2,0.00,0.000,0,41,0,0,80,NULL,6),(0,101,6,'Title Insurance ',1,2,0.00,0.000,0,41,0,0,81,NULL,1),(0,101,1,'UFMIP (FHA)',1,1,0.00,1.750,0,4,0,0,82,NULL,3),(0,101,2,'VA - (Purchase)',1,1,0.00,2.150,0,4,0,0,83,NULL,4),(0,101,3,'VA - (Re-Finance)',1,1,0.00,0.500,0,4,0,0,84,NULL,5),(0,101,4,'Discount Points',1,2,0.00,0.000,1,4,0,0,82,NULL,2),(0,101,5,'__________________________________________',1,2,0.00,0.000,0,4,0,0,80,NULL,6),(0,101,6,'Title Insurance ',1,2,0.00,0.000,0,4,0,0,81,NULL,1),(0,101,7,'Title Endorsement',1,2,250.00,0.000,0,4,0,0,73,NULL,0),(0,101,8,'Settlement Fee',1,2,450.00,0.000,0,4,0,0,66,NULL,0),(0,101,1,'Discount Points',1,2,0.00,0.000,0,11,0,0,82,NULL,2);
/*!40000 ALTER TABLE `closing_costs` ENABLE KEYS */;
UNLOCK TABLES;

--
-- Table structure for table `credits`
--

DROP TABLE IF EXISTS `credits`;
/*!40101 SET @saved_cs_client     = @@character_set_client */;
/*!40101 SET character_set_client = utf8 */;
CREATE TABLE `credits` (
  `id` int(11) NOT NULL,
  `userId` int(11) DEFAULT NULL,
  `credit1Name` varchar(65) DEFAULT NULL,
  `credit1Amount` decimal(15,2) DEFAULT NULL,
  `credit2Name` varchar(65) DEFAULT NULL,
  `credit2Amount` decimal(15,2) DEFAULT NULL,
  `credit3Name` varchar(65) DEFAULT NULL,
  `credit3Amount` decimal(15,2) DEFAULT NULL,
  `credit4Name` varchar(65) DEFAULT NULL,
  `credit4Amount` decimal(15,2) DEFAULT NULL
) ENGINE=InnoDB DEFAULT CHARSET=latin1;
/*!40101 SET character_set_client = @saved_cs_client */;

--
-- Dumping data for table `credits`
--

LOCK TABLES `credits` WRITE;
/*!40000 ALTER TABLE `credits` DISABLE KEYS */;
INSERT INTO `credits` VALUES (1,101,'Earnest Money',0.00,'Option Fee',0.00,'Appraisal',0.00,'',0.00);
/*!40000 ALTER TABLE `credits` ENABLE KEYS */;
UNLOCK TABLES;

--
-- Table structure for table `customer_master`
--

DROP TABLE IF EXISTS `customer_master`;
/*!40101 SET @saved_cs_client     = @@character_set_client */;
/*!40101 SET character_set_client = utf8 */;
CREATE TABLE `customer_master` (
  `id` int(10) NOT NULL AUTO_INCREMENT,
  `loanofficer_id` int(10) NOT NULL,
  `salutation` varchar(100) NOT NULL,
  `name` varchar(250) NOT NULL,
  `marital_status` varchar(20) NOT NULL,
  `spouse_name` varchar(50) NOT NULL,
  `email` varchar(100) NOT NULL,
  `phone` bigint(10) NOT NULL,
  `credit_score` int(10) NOT NULL,
  `address` varchar(250) NOT NULL,
  `facebookid` varchar(100) NOT NULL,
  `state` varchar(100) NOT NULL,
  `zipcode` int(10) NOT NULL,
  PRIMARY KEY (`id`)
) ENGINE=InnoDB AUTO_INCREMENT=181 DEFAULT CHARSET=latin1;
/*!40101 SET character_set_client = @saved_cs_client */;

--
-- Dumping data for table `customer_master`
--

LOCK TABLES `customer_master` WRITE;
/*!40000 ALTER TABLE `customer_master` DISABLE KEYS */;
INSERT INTO `customer_master` VALUES (1,1,'','Arzoo Shaik','','','arzoo.rkcet@gmail.com',7574865414,0,'Rajkot','','',360002),(2,1,'','Hitesh Patel','','','hitesh@gmail.com',7698903070,0,'Rajkot','','',360002),(11,24,'','Subhash Patel','','','subhashpatel@gmail.com',0,0,'','','',0),(21,0,'','Vimal Patel','','','vimal@gmail.com',7574865414,0,'Rajkot','','Alabama',360020),(31,0,'','abcd patel','','','abcd@gmail.com',9865231452,0,'Rajkot','','Alabama',360020),(41,1,'','Max Townsend','','','max@maxtownsend.com',0,0,'','','',0),(51,1,'','vinay kumar','','','vishalpatel16@gmail.com',8866152222,0,'','','',0),(61,1,'','Ankit Patel','','','ankitpatel@gmail.com',7698903070,0,'','','',0),(71,1,'','Sailesh Patel','','','saileshpatel@gmail.com',9876549871,0,'','','',0),(81,1,'','Jasmin Jasani','','','jj@gmail.com',12475842,0,'','','',0),(91,1,'','Milan Patel','','','milanpatel@gmail.com',8654256525,0,'','','',0),(101,1,'','Sagar Patel','','','sagarpatel@gmail.com',0,0,'','','',0),(111,1,'','Viraj Patel','','','vishal.rkcet@gmail.com',0,0,'','','',0),(121,1,'','Manish Patel','','','manishpatel@gmail.com',0,0,'','','',0),(131,1,'','BTest2','','','',0,0,'','','',0),(141,1,'','','','','',0,0,'','','',0),(151,1,'','Leo','','','',0,0,'','','',0),(161,1,'','B1403','','','martyn.benjamin@gmail.com',0,0,'','','',0),(171,1,'','Sanjay Patel','','','sanjaypatel16@gmail.com',9998887771,0,'','','',0);
/*!40000 ALTER TABLE `customer_master` ENABLE KEYS */;
UNLOCK TABLES;

--
-- Table structure for table `debits`
--

DROP TABLE IF EXISTS `debits`;
/*!40101 SET @saved_cs_client     = @@character_set_client */;
/*!40101 SET character_set_client = utf8 */;
CREATE TABLE `debits` (
  `id` int(11) NOT NULL,
  `loanId` int(11) DEFAULT NULL,
  `borrowerId` varchar(10) DEFAULT NULL,
  `description` varchar(55) DEFAULT NULL,
  `frequency` varchar(55) DEFAULT NULL,
  `amount` decimal(15,2) DEFAULT NULL,
  `isActive` tinyint(4) NOT NULL DEFAULT '1',
  `createdAt` datetime DEFAULT NULL,
  `updateAt` datetime DEFAULT NULL,
  `lastUpdatedBy` varchar(100) DEFAULT NULL
) ENGINE=InnoDB DEFAULT CHARSET=latin1;
/*!40101 SET character_set_client = @saved_cs_client */;

--
-- Dumping data for table `debits`
--

LOCK TABLES `debits` WRITE;
/*!40000 ALTER TABLE `debits` DISABLE KEYS */;
INSERT INTO `debits` VALUES (13,11,'B','','',NULL,1,'2017-09-08 14:58:55',NULL,NULL),(14,13,'B','','',NULL,1,'2017-09-08 15:20:32',NULL,NULL),(15,10,'B','','',NULL,1,'2017-09-08 15:56:21',NULL,NULL),(19,37,'B','','',NULL,1,'2017-09-18 13:13:16',NULL,NULL),(21,55,'B','','',NULL,1,'2017-09-30 07:19:55',NULL,NULL),(23,74,'B','','',NULL,1,'2017-10-12 04:31:19',NULL,NULL),(24,75,'B','','',NULL,1,'2017-10-13 15:46:20',NULL,NULL),(26,76,'B','','',NULL,1,'2017-10-15 10:47:30',NULL,NULL),(28,77,'B','','',NULL,1,'2017-10-15 10:53:10',NULL,NULL),(29,78,'B','','',NULL,1,'2017-10-15 10:54:10',NULL,NULL),(35,80,'B','','',NULL,1,'2017-10-15 11:06:17',NULL,NULL),(36,81,'B','','',NULL,1,'2017-10-15 11:06:51',NULL,NULL),(37,85,'B','','',NULL,1,'2017-10-18 16:29:36',NULL,NULL),(38,85,'B','','',NULL,1,'2017-10-18 16:29:36',NULL,NULL),(39,85,'B','','',NULL,1,'2017-10-18 16:29:36',NULL,NULL),(40,85,'B','','',NULL,1,'2017-10-18 16:29:36',NULL,NULL),(41,85,'B','','',NULL,1,'2017-10-18 16:29:36',NULL,NULL),(42,85,'B','','',NULL,1,'2017-10-18 16:29:36',NULL,NULL),(43,86,'B','','',NULL,1,'2017-10-21 00:19:38',NULL,NULL),(59,4,'B','','',NULL,1,'2017-10-31 14:22:08',NULL,NULL),(60,3,'B','','',NULL,1,'2017-10-31 14:24:35',NULL,NULL),(61,5,'B','','',NULL,1,'2017-10-31 14:26:06',NULL,NULL),(62,141,'B','','',NULL,1,'2017-11-01 05:49:54',NULL,NULL),(63,143,'B','','',NULL,1,'2017-11-01 05:52:04',NULL,NULL),(64,145,'B','','',NULL,1,'2017-11-01 10:43:11',NULL,NULL),(71,147,'B','','',NULL,1,'2017-11-01 11:17:25',NULL,NULL),(82,152,'B','','',NULL,1,'2017-11-01 12:08:03',NULL,NULL),(83,155,'B','','',NULL,1,'2017-11-06 15:58:15',NULL,NULL),(0,2,'B','','',NULL,1,'2017-11-09 10:50:29',NULL,NULL),(0,7,'B','','',NULL,1,'2017-11-11 06:18:22',NULL,NULL),(0,1,'B','sdfs','Twice a Month',5.55,1,'2017-11-13 16:44:00',NULL,'loan officer'),(0,16,'B','','',NULL,1,'2017-11-14 14:34:44',NULL,'customer'),(0,27,'B','','Monthly',NULL,1,'2018-01-20 07:19:30',NULL,'loan officer'),(0,29,'B','','Monthly',NULL,1,'2018-01-20 07:30:55',NULL,'loan officer'),(0,36,'B','','Monthly',NULL,1,'2018-01-21 12:26:17',NULL,'loan officer'),(0,38,'B','','Monthly',NULL,1,'2018-01-27 07:39:08',NULL,'loan officer'),(0,39,'B','','Monthly',NULL,1,'2018-01-27 09:03:29',NULL,'loan officer'),(0,40,'B','','Monthly',NULL,1,'2018-02-05 19:55:47',NULL,'loan officer'),(0,42,'B','','Monthly',NULL,1,'2018-02-05 19:56:11',NULL,'loan officer'),(0,43,'B','','Monthly',NULL,1,'2018-02-05 20:05:17',NULL,'loan officer'),(0,44,'B','','Monthly',NULL,1,'2018-02-05 20:05:28',NULL,'loan officer'),(0,45,'B','','Monthly',NULL,1,'2018-02-05 20:06:16',NULL,'loan officer'),(0,46,'B','','Monthly',NULL,1,'2018-02-05 20:10:46',NULL,'loan officer'),(0,47,'B','','Monthly',NULL,1,'2018-02-05 20:15:11',NULL,'loan officer'),(0,51,'B','','Monthly',NULL,1,'2018-02-05 21:12:04',NULL,'loan officer'),(0,64,'B','','Monthly',NULL,1,'2018-02-11 10:07:44',NULL,'loan officer'),(0,65,'B','','Monthly',NULL,1,'2018-02-18 09:05:33',NULL,'loan officer'),(0,66,'B','','Monthly',NULL,1,'2018-02-18 14:39:13',NULL,'loan officer'),(0,69,'B','','Monthly',NULL,1,'2018-02-18 16:01:33',NULL,'loan officer'),(0,90,'B','','Monthly',NULL,1,'2018-02-25 18:41:47',NULL,'loan officer'),(0,93,'B','','Monthly',NULL,1,'2018-02-26 20:27:12',NULL,'loan officer'),(0,101,'B','','Monthly',NULL,1,'2018-02-27 17:41:12',NULL,'loan officer'),(0,361,'B','','Monthly',NULL,1,'2018-03-05 22:51:59',NULL,'loan officer'),(0,481,'B','','Monthly',NULL,1,'2018-03-07 18:04:10',NULL,'loan officer'),(0,611,'B','','Monthly',NULL,1,'2018-03-09 02:46:01',NULL,'loan officer'),(0,621,'B','','Monthly',NULL,1,'2018-03-09 02:52:02',NULL,'loan officer'),(0,631,'B','','Monthly',NULL,1,'2018-03-09 03:44:54',NULL,'loan officer'),(0,661,'B','','Monthly',NULL,1,'2018-03-09 03:56:38',NULL,'loan officer'),(0,671,'B','','Monthly',NULL,1,'2018-03-09 04:11:29',NULL,'loan officer'),(0,691,'B','','Monthly',NULL,1,'2018-03-09 04:51:22',NULL,'loan officer'),(0,681,'B','','Monthly',NULL,1,'2018-03-09 04:57:32',NULL,'loan officer'),(0,701,'B','','Monthly',NULL,1,'2018-03-09 09:46:09',NULL,'loan officer'),(0,771,'B','','Monthly',NULL,1,'2018-03-10 14:35:33',NULL,'loan officer'),(0,381,'B','','Monthly',500.00,1,'2018-03-13 21:00:23',NULL,'loan officer'),(0,911,'B','','Monthly',NULL,1,'2018-03-14 09:30:06',NULL,'loan officer'),(0,20,'B','','Monthly',NULL,1,'2018-03-16 08:56:32',NULL,'loan officer'),(0,891,'B','','Monthly',NULL,1,'2018-03-16 08:56:44',NULL,'loan officer'),(0,791,'B','car','Monthly',0.00,1,'2018-03-27 18:36:18',NULL,'loan officer'),(0,791,'B','credit card','Monthly',0.00,1,'2018-03-27 18:36:18',NULL,'loan officer'),(0,791,'B','student loan','Monthly',0.00,1,'2018-03-27 18:36:18',NULL,'loan officer');
/*!40000 ALTER TABLE `debits` ENABLE KEYS */;
UNLOCK TABLES;

--
-- Table structure for table `debits_history`
--

DROP TABLE IF EXISTS `debits_history`;
/*!40101 SET @saved_cs_client     = @@character_set_client */;
/*!40101 SET character_set_client = utf8 */;
CREATE TABLE `debits_history` (
  `id` int(11) NOT NULL,
  `loanId` int(11) DEFAULT NULL,
  `borrowerId` varchar(10) DEFAULT NULL,
  `description` varchar(55) DEFAULT NULL,
  `frequency` varchar(55) DEFAULT NULL,
  `amount` decimal(15,2) DEFAULT NULL,
  `isActive` tinyint(4) NOT NULL DEFAULT '1',
  `createdAt` datetime DEFAULT NULL,
  `updateAt` datetime DEFAULT NULL,
  `lastUpdatedBy` varchar(100) DEFAULT NULL
) ENGINE=InnoDB DEFAULT CHARSET=latin1;
/*!40101 SET character_set_client = @saved_cs_client */;

--
-- Dumping data for table `debits_history`
--

LOCK TABLES `debits_history` WRITE;
/*!40000 ALTER TABLE `debits_history` DISABLE KEYS */;
INSERT INTO `debits_history` VALUES (0,1,'B','sdfs','Twice a Month',5.55,1,'2017-11-13 16:44:00',NULL,'loan officer'),(0,16,'B','','',NULL,1,'2017-11-14 14:34:44',NULL,'customer'),(0,20,'B','','Monthly',NULL,1,'2018-01-13 13:37:25',NULL,'loan officer'),(0,27,'B','','Monthly',NULL,1,'2018-01-20 07:19:30',NULL,'loan officer'),(0,29,'B','','Monthly',NULL,1,'2018-01-20 07:19:49',NULL,'loan officer'),(0,29,'B','','Monthly',NULL,1,'2018-01-20 07:20:13',NULL,'loan officer'),(0,29,'B','','Monthly',NULL,1,'2018-01-20 07:23:40',NULL,'loan officer'),(0,29,'B','','Monthly',NULL,1,'2018-01-20 07:28:44',NULL,'loan officer'),(0,29,'B','','Monthly',NULL,1,'2018-01-20 07:29:59',NULL,'loan officer'),(0,29,'B','','Monthly',NULL,1,'2018-01-20 07:30:11',NULL,'loan officer'),(0,29,'B','','Monthly',NULL,1,'2018-01-20 07:30:55',NULL,'loan officer'),(0,36,'B','','Monthly',NULL,1,'2018-01-21 12:26:17',NULL,'loan officer'),(0,38,'B','','Monthly',NULL,1,'2018-01-27 07:36:11',NULL,'loan officer'),(0,38,'B','','Monthly',NULL,1,'2018-01-27 07:36:35',NULL,'loan officer'),(0,38,'B','','Monthly',NULL,1,'2018-01-27 07:39:00',NULL,'loan officer'),(0,38,'B','','Monthly',NULL,1,'2018-01-27 07:39:08',NULL,'loan officer'),(0,39,'B','','Monthly',NULL,1,'2018-01-27 07:55:49',NULL,'loan officer'),(0,39,'B','','Monthly',NULL,1,'2018-01-27 09:03:29',NULL,'loan officer'),(0,40,'B','','Monthly',NULL,1,'2018-02-05 19:55:47',NULL,'loan officer'),(0,42,'B','','Monthly',NULL,1,'2018-02-05 19:56:11',NULL,'loan officer'),(0,43,'B','','Monthly',NULL,1,'2018-02-05 20:03:07',NULL,'loan officer'),(0,43,'B','','Monthly',NULL,1,'2018-02-05 20:05:17',NULL,'loan officer'),(0,44,'B','','Monthly',NULL,1,'2018-02-05 20:05:28',NULL,'loan officer'),(0,45,'B','','Monthly',NULL,1,'2018-02-05 20:06:16',NULL,'loan officer'),(0,46,'B','','Monthly',NULL,1,'2018-02-05 20:10:46',NULL,'loan officer'),(0,47,'B','','Monthly',NULL,1,'2018-02-05 20:15:11',NULL,'loan officer'),(0,51,'B','','Monthly',NULL,1,'2018-02-05 21:12:04',NULL,'loan officer'),(0,64,'B','','Monthly',NULL,1,'2018-02-11 10:07:44',NULL,'loan officer'),(0,65,'B','','Monthly',NULL,1,'2018-02-17 06:51:31',NULL,'loan officer'),(0,65,'B','','Monthly',NULL,1,'2018-02-17 07:06:36',NULL,'loan officer'),(0,65,'B','','Monthly',NULL,1,'2018-02-17 10:14:57',NULL,'loan officer'),(0,65,'B','','Monthly',NULL,1,'2018-02-18 09:05:33',NULL,'loan officer'),(0,66,'B','','Monthly',NULL,1,'2018-02-18 14:36:08',NULL,'loan officer'),(0,66,'B','','Monthly',NULL,1,'2018-02-18 14:36:19',NULL,'loan officer'),(0,66,'B','','Monthly',NULL,1,'2018-02-18 14:39:13',NULL,'loan officer'),(0,69,'B','','Monthly',NULL,1,'2018-02-18 15:37:33',NULL,'loan officer'),(0,69,'B','','Monthly',NULL,1,'2018-02-18 15:37:43',NULL,'loan officer'),(0,69,'B','','Monthly',NULL,1,'2018-02-18 15:37:59',NULL,'loan officer'),(0,69,'B','','Monthly',NULL,1,'2018-02-18 15:38:02',NULL,'loan officer'),(0,69,'B','','Monthly',NULL,1,'2018-02-18 15:38:03',NULL,'loan officer'),(0,69,'B','','Monthly',NULL,1,'2018-02-18 15:38:03',NULL,'loan officer'),(0,69,'B','','Monthly',NULL,1,'2018-02-18 15:38:03',NULL,'loan officer'),(0,69,'B','','Monthly',NULL,1,'2018-02-18 15:38:04',NULL,'loan officer'),(0,69,'B','','Monthly',NULL,1,'2018-02-18 16:01:33',NULL,'loan officer'),(0,90,'B','','Monthly',NULL,1,'2018-02-25 16:54:07',NULL,'loan officer'),(0,90,'B','','Monthly',NULL,1,'2018-02-25 16:54:20',NULL,'loan officer'),(0,90,'B','','Monthly',NULL,1,'2018-02-25 16:54:41',NULL,'loan officer'),(0,90,'B','','Monthly',NULL,1,'2018-02-25 16:56:20',NULL,'loan officer'),(0,90,'B','','Monthly',NULL,1,'2018-02-25 16:57:03',NULL,'loan officer'),(0,90,'B','','Monthly',NULL,1,'2018-02-25 17:15:30',NULL,'loan officer'),(0,90,'B','','Monthly',NULL,1,'2018-02-25 18:41:47',NULL,'loan officer'),(0,93,'B','','Monthly',NULL,1,'2018-02-26 19:34:52',NULL,'loan officer'),(0,93,'B','','Monthly',NULL,1,'2018-02-26 19:38:29',NULL,'loan officer'),(0,93,'B','','Monthly',NULL,1,'2018-02-26 19:40:19',NULL,'loan officer'),(0,93,'B','','Monthly',NULL,1,'2018-02-26 19:40:44',NULL,'loan officer'),(0,93,'B','','Monthly',NULL,1,'2018-02-26 19:40:54',NULL,'loan officer'),(0,93,'B','','Monthly',NULL,1,'2018-02-26 19:41:56',NULL,'loan officer'),(0,93,'B','','Monthly',NULL,1,'2018-02-26 19:42:41',NULL,'loan officer'),(0,93,'B','','Monthly',NULL,1,'2018-02-26 20:27:12',NULL,'loan officer'),(0,101,'B','','Monthly',NULL,1,'2018-02-27 17:41:05',NULL,'loan officer'),(0,101,'B','','Monthly',NULL,1,'2018-02-27 17:41:12',NULL,'loan officer'),(0,361,'B','','Monthly',NULL,1,'2018-03-05 22:51:59',NULL,'loan officer'),(0,381,'B','','Monthly',NULL,1,'2018-03-05 22:53:10',NULL,'loan officer'),(0,381,'B','','Monthly',NULL,1,'2018-03-05 22:53:12',NULL,'loan officer'),(0,381,'B','','Monthly',NULL,1,'2018-03-05 22:53:12',NULL,'loan officer'),(0,381,'B','','Monthly',NULL,1,'2018-03-06 16:34:37',NULL,'loan officer'),(0,381,'B','','Monthly',500.00,1,'2018-03-06 16:40:26',NULL,'loan officer'),(0,381,'B','','Monthly',500.00,1,'2018-03-06 16:40:50',NULL,'loan officer'),(0,381,'B','','Monthly',500.00,1,'2018-03-06 16:42:31',NULL,'loan officer'),(0,381,'B','','Monthly',500.00,1,'2018-03-06 16:46:17',NULL,'loan officer'),(0,481,'B','','Monthly',NULL,1,'2018-03-07 18:04:10',NULL,'loan officer'),(0,611,'B','','Monthly',NULL,1,'2018-03-09 02:42:53',NULL,'loan officer'),(0,611,'B','','Monthly',NULL,1,'2018-03-09 02:46:01',NULL,'loan officer'),(0,621,'B','','Monthly',NULL,1,'2018-03-09 02:52:02',NULL,'loan officer'),(0,631,'B','','Monthly',NULL,1,'2018-03-09 03:44:54',NULL,'loan officer'),(0,661,'B','','Monthly',NULL,1,'2018-03-09 03:56:38',NULL,'loan officer'),(0,671,'B','','Monthly',NULL,1,'2018-03-09 04:11:29',NULL,'loan officer'),(0,681,'B','','Monthly',NULL,1,'2018-03-09 04:47:36',NULL,'loan officer'),(0,691,'B','','Monthly',NULL,1,'2018-03-09 04:51:22',NULL,'loan officer'),(0,681,'B','','Monthly',NULL,1,'2018-03-09 04:57:32',NULL,'loan officer'),(0,701,'B','','Monthly',NULL,1,'2018-03-09 09:46:09',NULL,'loan officer'),(0,771,'B','','Monthly',NULL,1,'2018-03-10 14:35:33',NULL,'loan officer'),(0,791,'B','car','Monthly',350.00,1,'2018-03-12 17:57:29',NULL,'loan officer'),(0,791,'B','credit card','Monthly',150.00,1,'2018-03-12 17:57:29',NULL,'loan officer'),(0,791,'B','student loan','Monthly',125.00,1,'2018-03-12 17:57:29',NULL,'loan officer'),(0,791,'B','car','Monthly',350.00,1,'2018-03-12 18:53:59',NULL,'loan officer'),(0,791,'B','credit card','Monthly',150.00,1,'2018-03-12 18:53:59',NULL,'loan officer'),(0,791,'B','student loan','Monthly',125.00,1,'2018-03-12 18:53:59',NULL,'loan officer'),(0,381,'B','','Monthly',500.00,1,'2018-03-13 21:00:23',NULL,'loan officer'),(0,891,'B','','Monthly',NULL,1,'2018-03-14 07:04:01',NULL,'loan officer'),(0,891,'B','','Monthly',NULL,1,'2018-03-14 07:04:37',NULL,'loan officer'),(0,891,'B','','Monthly',NULL,1,'2018-03-14 07:06:56',NULL,'loan officer'),(0,891,'B','','Monthly',NULL,1,'2018-03-14 07:11:28',NULL,'loan officer'),(0,20,'B','','Monthly',NULL,1,'2018-03-14 09:08:26',NULL,'loan officer'),(0,20,'B','','Monthly',NULL,1,'2018-03-14 09:13:55',NULL,'loan officer'),(0,891,'B','','Monthly',NULL,1,'2018-03-14 09:21:41',NULL,'loan officer'),(0,891,'B','','Monthly',NULL,1,'2018-03-14 09:23:11',NULL,'loan officer'),(0,20,'B','','Monthly',NULL,1,'2018-03-14 09:26:06',NULL,'loan officer'),(0,791,'B','car','Monthly',350.00,1,'2018-03-14 09:26:56',NULL,'loan officer'),(0,791,'B','credit card','Monthly',150.00,1,'2018-03-14 09:26:56',NULL,'loan officer'),(0,791,'B','student loan','Monthly',125.00,1,'2018-03-14 09:26:56',NULL,'loan officer'),(0,911,'B','','Monthly',NULL,1,'2018-03-14 09:28:50',NULL,'loan officer'),(0,911,'B','','Monthly',NULL,1,'2018-03-14 09:29:41',NULL,'loan officer'),(0,911,'B','','Monthly',NULL,1,'2018-03-14 09:30:06',NULL,'loan officer'),(0,20,'B','','Monthly',NULL,1,'2018-03-16 08:56:32',NULL,'loan officer'),(0,891,'B','','Monthly',NULL,1,'2018-03-16 08:56:44',NULL,'loan officer'),(0,791,'B','car','Monthly',0.00,1,'2018-03-27 18:36:18',NULL,'loan officer'),(0,791,'B','credit card','Monthly',0.00,1,'2018-03-27 18:36:18',NULL,'loan officer'),(0,791,'B','student loan','Monthly',0.00,1,'2018-03-27 18:36:18',NULL,'loan officer');
/*!40000 ALTER TABLE `debits_history` ENABLE KEYS */;
UNLOCK TABLES;

--
-- Table structure for table `email_master`
--

DROP TABLE IF EXISTS `email_master`;
/*!40101 SET @saved_cs_client     = @@character_set_client */;
/*!40101 SET character_set_client = utf8 */;
CREATE TABLE `email_master` (
  `id` int(10) NOT NULL AUTO_INCREMENT,
  `loanofficer_id` int(10) NOT NULL,
  `sender_name` varchar(100) NOT NULL,
  `sender_email` varchar(100) NOT NULL,
  `subject` varchar(250) NOT NULL,
  `message` varchar(1000) NOT NULL,
  `template` int(5) DEFAULT NULL,
  PRIMARY KEY (`id`)
) ENGINE=InnoDB AUTO_INCREMENT=31 DEFAULT CHARSET=latin1;
/*!40101 SET character_set_client = @saved_cs_client */;

--
-- Dumping data for table `email_master`
--

LOCK TABLES `email_master` WRITE;
/*!40000 ALTER TABLE `email_master` DISABLE KEYS */;
INSERT INTO `email_master` VALUES (3,1,'vishal','vishalpatel16@gmail.com','Loan Calculator Link','Hi Customer,kindly access given link for your loan calculator.{URL}',2),(11,1,'Vishal Patel','vishalpatel16@gmail.com','Loan Calculator Link','Hi Customer,kindly access given link for your loan calculator.{URL}',1),(21,1,'Max Townsend','max@maxtownsend.com','Loan Options Link','Please find the link attached.Thank you!  Max',2);
/*!40000 ALTER TABLE `email_master` ENABLE KEYS */;
UNLOCK TABLES;

--
-- Table structure for table `email_setting`
--

DROP TABLE IF EXISTS `email_setting`;
/*!40101 SET @saved_cs_client     = @@character_set_client */;
/*!40101 SET character_set_client = utf8 */;
CREATE TABLE `email_setting` (
  `id` int(10) NOT NULL AUTO_INCREMENT,
  `loanofficer_id` int(10) NOT NULL,
  `smtp_host` varchar(100) NOT NULL,
  `smtp_port` int(5) NOT NULL,
  `ssl_protocol` varchar(10) NOT NULL,
  `tls_protocol` varchar(10) NOT NULL,
  `smtp_username` varchar(100) NOT NULL,
  `smtp_password` varchar(50) NOT NULL,
  PRIMARY KEY (`id`)
) ENGINE=InnoDB AUTO_INCREMENT=2 DEFAULT CHARSET=latin1;
/*!40101 SET character_set_client = @saved_cs_client */;

--
-- Dumping data for table `email_setting`
--

LOCK TABLES `email_setting` WRITE;
/*!40000 ALTER TABLE `email_setting` DISABLE KEYS */;
INSERT INTO `email_setting` VALUES (1,1,'smtp.gmail.com',587,'ON','ON','vishal@gmail.com','2616');
/*!40000 ALTER TABLE `email_setting` ENABLE KEYS */;
UNLOCK TABLES;

--
-- Table structure for table `incomes`
--

DROP TABLE IF EXISTS `incomes`;
/*!40101 SET @saved_cs_client     = @@character_set_client */;
/*!40101 SET character_set_client = utf8 */;
CREATE TABLE `incomes` (
  `id` int(11) NOT NULL,
  `loanId` int(11) DEFAULT NULL,
  `borrowerId` varchar(10) DEFAULT NULL,
  `incomeSource` varchar(55) DEFAULT NULL,
  `frequency` varchar(55) DEFAULT NULL,
  `amount` decimal(15,2) DEFAULT NULL,
  `isActive` tinyint(4) NOT NULL DEFAULT '1',
  `createdAt` datetime DEFAULT NULL,
  `updateAt` datetime DEFAULT NULL,
  `lastUpdatedBy` varchar(100) DEFAULT NULL
) ENGINE=InnoDB DEFAULT CHARSET=latin1;
/*!40101 SET character_set_client = @saved_cs_client */;

--
-- Dumping data for table `incomes`
--

LOCK TABLES `incomes` WRITE;
/*!40000 ALTER TABLE `incomes` DISABLE KEYS */;
INSERT INTO `incomes` VALUES (15,11,'B','','',NULL,1,'2017-09-08 14:58:55',NULL,NULL),(16,13,'B','','',NULL,1,'2017-09-08 15:20:32',NULL,NULL),(17,10,'B','','',NULL,1,'2017-09-08 15:56:21',NULL,NULL),(21,37,'B','','',NULL,1,'2017-09-18 13:13:16',NULL,NULL),(23,55,'B','','',NULL,1,'2017-09-30 07:19:55',NULL,NULL),(25,74,'B','','',NULL,1,'2017-10-12 04:31:19',NULL,NULL),(26,75,'B','','',NULL,1,'2017-10-13 15:46:20',NULL,NULL),(28,76,'B','','',NULL,1,'2017-10-15 10:47:30',NULL,NULL),(30,77,'B','','',NULL,1,'2017-10-15 10:53:10',NULL,NULL),(31,78,'B','','',NULL,1,'2017-10-15 10:54:10',NULL,NULL),(37,80,'B','','',NULL,1,'2017-10-15 11:06:17',NULL,NULL),(38,81,'B','','',NULL,1,'2017-10-15 11:06:51',NULL,NULL),(39,85,'B','','Annual',100000.00,1,'2017-10-18 16:29:36',NULL,NULL),(40,85,'B','','',NULL,1,'2017-10-18 16:29:36',NULL,NULL),(41,86,'B','','',NULL,1,'2017-10-21 00:19:38',NULL,NULL),(57,4,'B','','',NULL,1,'2017-10-31 14:22:08',NULL,NULL),(58,3,'B','','',NULL,1,'2017-10-31 14:24:35',NULL,NULL),(59,5,'B','','',NULL,1,'2017-10-31 14:26:06',NULL,NULL),(60,141,'B','','',NULL,1,'2017-11-01 05:49:54',NULL,NULL),(61,143,'B','','',NULL,1,'2017-11-01 05:52:04',NULL,NULL),(62,145,'B','','',NULL,1,'2017-11-01 10:43:11',NULL,NULL),(70,147,'B','','',NULL,1,'2017-11-01 11:17:25',NULL,NULL),(81,152,'B','','',NULL,1,'2017-11-01 12:08:03',NULL,NULL),(82,155,'B','','',NULL,1,'2017-11-06 15:58:15',NULL,NULL),(0,2,'B','abc','Weekly',5.00,1,'2017-11-09 10:50:29',NULL,NULL),(0,2,'B','agcd','Monthly',463.63,1,'2017-11-09 10:50:29',NULL,NULL),(0,7,'B','','',NULL,1,'2017-11-11 06:18:22',NULL,NULL),(0,1,'B','bussiness','Monthly',1000.00,1,'2017-11-13 16:44:00',NULL,'loan officer'),(0,16,'B','','',NULL,1,'2017-11-14 14:34:44',NULL,'customer'),(0,27,'B','','Monthly',NULL,1,'2018-01-20 07:19:30',NULL,'loan officer'),(0,29,'B','','Monthly',NULL,1,'2018-01-20 07:30:55',NULL,'loan officer'),(0,36,'B','','Monthly',NULL,1,'2018-01-21 12:26:17',NULL,'loan officer'),(0,38,'B','','Monthly',NULL,1,'2018-01-27 07:39:08',NULL,'loan officer'),(0,39,'B','base income','Monthly',6000.00,1,'2018-01-27 09:03:29',NULL,'loan officer'),(0,40,'B','','Monthly',NULL,1,'2018-02-05 19:55:47',NULL,'loan officer'),(0,42,'B','','Monthly',NULL,1,'2018-02-05 19:56:11',NULL,'loan officer'),(0,43,'B','','Monthly',NULL,1,'2018-02-05 20:05:17',NULL,'loan officer'),(0,44,'B','','Monthly',NULL,1,'2018-02-05 20:05:28',NULL,'loan officer'),(0,45,'B','','Monthly',NULL,1,'2018-02-05 20:06:16',NULL,'loan officer'),(0,46,'B','','Monthly',NULL,1,'2018-02-05 20:10:46',NULL,'loan officer'),(0,47,'B','','Monthly',NULL,1,'2018-02-05 20:15:10',NULL,'loan officer'),(0,51,'B','','Monthly',NULL,1,'2018-02-05 21:12:04',NULL,'loan officer'),(0,64,'B','','Monthly',NULL,1,'2018-02-11 10:07:44',NULL,'loan officer'),(0,65,'B','','Monthly',NULL,1,'2018-02-18 09:05:33',NULL,'loan officer'),(0,66,'B','','Monthly',NULL,1,'2018-02-18 14:39:13',NULL,'loan officer'),(0,69,'B','','Monthly',NULL,1,'2018-02-18 16:01:33',NULL,'loan officer'),(0,90,'B','','Monthly',6000.00,1,'2018-02-25 18:41:46',NULL,'loan officer'),(0,93,'B','','Monthly',6000.00,1,'2018-02-26 20:27:12',NULL,'loan officer'),(0,101,'B','','Monthly',NULL,1,'2018-02-27 17:41:12',NULL,'loan officer'),(0,361,'B','','Monthly',NULL,1,'2018-03-05 22:51:59',NULL,'loan officer'),(0,481,'B','','Monthly',NULL,1,'2018-03-07 18:04:10',NULL,'loan officer'),(0,611,'B','','Monthly',NULL,1,'2018-03-09 02:46:01',NULL,'loan officer'),(0,621,'B','','Monthly',NULL,1,'2018-03-09 02:52:02',NULL,'loan officer'),(0,631,'B','','Monthly',NULL,1,'2018-03-09 03:44:54',NULL,'loan officer'),(0,661,'B','','Monthly',NULL,1,'2018-03-09 03:56:38',NULL,'loan officer'),(0,671,'B','','Monthly',NULL,1,'2018-03-09 04:11:29',NULL,'loan officer'),(0,691,'B','','Monthly',100.00,1,'2018-03-09 04:51:22',NULL,'loan officer'),(0,681,'B','','Monthly',900.00,1,'2018-03-09 04:57:32',NULL,'loan officer'),(0,701,'B','','Monthly',7000.00,1,'2018-03-09 09:46:09',NULL,'loan officer'),(0,771,'B','','Monthly',NULL,1,'2018-03-10 14:35:33',NULL,'loan officer'),(0,381,'B','','Monthly',10000.00,1,'2018-03-13 21:00:23',NULL,'loan officer'),(0,911,'B','','Monthly',NULL,1,'2018-03-14 09:30:06',NULL,'loan officer'),(0,20,'B','','Monthly',NULL,1,'2018-03-16 08:56:32',NULL,'loan officer'),(0,891,'B','','Monthly',9000.00,1,'2018-03-16 08:56:44',NULL,'loan officer'),(0,791,'B','','Monthly',2516.95,1,'2018-03-27 18:36:18',NULL,'loan officer');
/*!40000 ALTER TABLE `incomes` ENABLE KEYS */;
UNLOCK TABLES;

--
-- Table structure for table `incomes_history`
--

DROP TABLE IF EXISTS `incomes_history`;
/*!40101 SET @saved_cs_client     = @@character_set_client */;
/*!40101 SET character_set_client = utf8 */;
CREATE TABLE `incomes_history` (
  `id` int(11) NOT NULL,
  `loanId` int(11) DEFAULT NULL,
  `borrowerId` varchar(10) DEFAULT NULL,
  `incomeSource` varchar(55) DEFAULT NULL,
  `frequency` varchar(55) DEFAULT NULL,
  `amount` decimal(15,2) DEFAULT NULL,
  `isActive` tinyint(4) NOT NULL DEFAULT '1',
  `createdAt` datetime DEFAULT NULL,
  `updateAt` datetime DEFAULT NULL,
  `lastUpdatedBy` varchar(100) DEFAULT NULL
) ENGINE=InnoDB DEFAULT CHARSET=latin1;
/*!40101 SET character_set_client = @saved_cs_client */;

--
-- Dumping data for table `incomes_history`
--

LOCK TABLES `incomes_history` WRITE;
/*!40000 ALTER TABLE `incomes_history` DISABLE KEYS */;
INSERT INTO `incomes_history` VALUES (0,1,'B','bussiness','Monthly',1000.00,1,'2017-11-13 16:44:00',NULL,'loan officer'),(0,16,'B','','',NULL,1,'2017-11-14 14:34:44',NULL,'customer'),(0,20,'B','','Monthly',NULL,1,'2018-01-13 13:37:25',NULL,'loan officer'),(0,27,'B','','Monthly',NULL,1,'2018-01-20 07:19:30',NULL,'loan officer'),(0,29,'B','','Monthly',NULL,1,'2018-01-20 07:19:49',NULL,'loan officer'),(0,29,'B','','Monthly',NULL,1,'2018-01-20 07:20:13',NULL,'loan officer'),(0,29,'B','','Monthly',NULL,1,'2018-01-20 07:23:40',NULL,'loan officer'),(0,29,'B','','Monthly',NULL,1,'2018-01-20 07:28:44',NULL,'loan officer'),(0,29,'B','','Monthly',NULL,1,'2018-01-20 07:29:59',NULL,'loan officer'),(0,29,'B','','Monthly',NULL,1,'2018-01-20 07:30:11',NULL,'loan officer'),(0,29,'B','','Monthly',NULL,1,'2018-01-20 07:30:55',NULL,'loan officer'),(0,36,'B','','Monthly',NULL,1,'2018-01-21 12:26:17',NULL,'loan officer'),(0,38,'B','','Monthly',NULL,1,'2018-01-27 07:36:11',NULL,'loan officer'),(0,38,'B','','Monthly',NULL,1,'2018-01-27 07:36:35',NULL,'loan officer'),(0,38,'B','','Monthly',NULL,1,'2018-01-27 07:39:00',NULL,'loan officer'),(0,38,'B','','Monthly',NULL,1,'2018-01-27 07:39:08',NULL,'loan officer'),(0,39,'B','','Monthly',NULL,1,'2018-01-27 07:55:49',NULL,'loan officer'),(0,39,'B','base income','Monthly',6000.00,1,'2018-01-27 09:03:29',NULL,'loan officer'),(0,40,'B','','Monthly',NULL,1,'2018-02-05 19:55:47',NULL,'loan officer'),(0,42,'B','','Monthly',NULL,1,'2018-02-05 19:56:11',NULL,'loan officer'),(0,43,'B','','Monthly',NULL,1,'2018-02-05 20:03:07',NULL,'loan officer'),(0,43,'B','','Monthly',NULL,1,'2018-02-05 20:05:17',NULL,'loan officer'),(0,44,'B','','Monthly',NULL,1,'2018-02-05 20:05:28',NULL,'loan officer'),(0,45,'B','','Monthly',NULL,1,'2018-02-05 20:06:16',NULL,'loan officer'),(0,46,'B','','Monthly',NULL,1,'2018-02-05 20:10:46',NULL,'loan officer'),(0,47,'B','','Monthly',NULL,1,'2018-02-05 20:15:11',NULL,'loan officer'),(0,51,'B','','Monthly',NULL,1,'2018-02-05 21:12:04',NULL,'loan officer'),(0,64,'B','','Monthly',NULL,1,'2018-02-11 10:07:44',NULL,'loan officer'),(0,65,'B','','Monthly',NULL,1,'2018-02-17 06:51:30',NULL,'loan officer'),(0,65,'B','','Monthly',NULL,1,'2018-02-17 07:06:36',NULL,'loan officer'),(0,65,'B','','Monthly',NULL,1,'2018-02-17 10:14:57',NULL,'loan officer'),(0,65,'B','','Monthly',NULL,1,'2018-02-18 09:05:33',NULL,'loan officer'),(0,66,'B','','Monthly',NULL,1,'2018-02-18 14:36:08',NULL,'loan officer'),(0,66,'B','','Monthly',NULL,1,'2018-02-18 14:36:19',NULL,'loan officer'),(0,66,'B','','Monthly',NULL,1,'2018-02-18 14:39:13',NULL,'loan officer'),(0,69,'B','','Monthly',NULL,1,'2018-02-18 15:37:33',NULL,'loan officer'),(0,69,'B','','Monthly',NULL,1,'2018-02-18 15:37:43',NULL,'loan officer'),(0,69,'B','','Monthly',NULL,1,'2018-02-18 15:37:59',NULL,'loan officer'),(0,69,'B','','Monthly',NULL,1,'2018-02-18 15:38:02',NULL,'loan officer'),(0,69,'B','','Monthly',NULL,1,'2018-02-18 15:38:03',NULL,'loan officer'),(0,69,'B','','Monthly',NULL,1,'2018-02-18 15:38:03',NULL,'loan officer'),(0,69,'B','','Monthly',NULL,1,'2018-02-18 15:38:03',NULL,'loan officer'),(0,69,'B','','Monthly',NULL,1,'2018-02-18 15:38:04',NULL,'loan officer'),(0,69,'B','','Monthly',NULL,1,'2018-02-18 16:01:33',NULL,'loan officer'),(0,90,'B','','Monthly',NULL,1,'2018-02-25 16:54:07',NULL,'loan officer'),(0,90,'B','','Monthly',6000.00,1,'2018-02-25 16:54:20',NULL,'loan officer'),(0,90,'B','','Monthly',6000.00,1,'2018-02-25 16:54:41',NULL,'loan officer'),(0,90,'B','','Monthly',6000.00,1,'2018-02-25 16:56:20',NULL,'loan officer'),(0,90,'B','','Monthly',6000.00,1,'2018-02-25 16:57:03',NULL,'loan officer'),(0,90,'B','','Monthly',6000.00,1,'2018-02-25 17:15:30',NULL,'loan officer'),(0,90,'B','','Monthly',6000.00,1,'2018-02-25 18:41:46',NULL,'loan officer'),(0,93,'B','','Monthly',NULL,1,'2018-02-26 19:34:52',NULL,'loan officer'),(0,93,'B','','Monthly',NULL,1,'2018-02-26 19:38:29',NULL,'loan officer'),(0,93,'B','','Monthly',6000.00,1,'2018-02-26 19:40:19',NULL,'loan officer'),(0,93,'B','','Monthly',6000.00,1,'2018-02-26 19:40:43',NULL,'loan officer'),(0,93,'B','','Monthly',6000.00,1,'2018-02-26 19:40:54',NULL,'loan officer'),(0,93,'B','','Monthly',6000.00,1,'2018-02-26 19:41:56',NULL,'loan officer'),(0,93,'B','','Monthly',6000.00,1,'2018-02-26 19:42:41',NULL,'loan officer'),(0,93,'B','','Monthly',6000.00,1,'2018-02-26 20:27:12',NULL,'loan officer'),(0,101,'B','','Monthly',NULL,1,'2018-02-27 17:41:05',NULL,'loan officer'),(0,101,'B','','Monthly',NULL,1,'2018-02-27 17:41:12',NULL,'loan officer'),(0,361,'B','','Monthly',NULL,1,'2018-03-05 22:51:59',NULL,'loan officer'),(0,381,'B','','Monthly',NULL,1,'2018-03-05 22:53:10',NULL,'loan officer'),(0,381,'B','','Monthly',NULL,1,'2018-03-05 22:53:12',NULL,'loan officer'),(0,381,'B','','Monthly',NULL,1,'2018-03-05 22:53:12',NULL,'loan officer'),(0,381,'B','','Monthly',NULL,1,'2018-03-06 16:34:37',NULL,'loan officer'),(0,381,'B','','Monthly',10000.00,1,'2018-03-06 16:40:26',NULL,'loan officer'),(0,381,'B','','Monthly',10000.00,1,'2018-03-06 16:40:50',NULL,'loan officer'),(0,381,'B','','Monthly',10000.00,1,'2018-03-06 16:42:31',NULL,'loan officer'),(0,381,'B','','Monthly',10000.00,1,'2018-03-06 16:46:17',NULL,'loan officer'),(0,481,'B','','Monthly',NULL,1,'2018-03-07 18:04:10',NULL,'loan officer'),(0,611,'B','','Monthly',NULL,1,'2018-03-09 02:42:53',NULL,'loan officer'),(0,611,'B','','Monthly',NULL,1,'2018-03-09 02:46:01',NULL,'loan officer'),(0,621,'B','','Monthly',NULL,1,'2018-03-09 02:52:02',NULL,'loan officer'),(0,631,'B','','Monthly',NULL,1,'2018-03-09 03:44:54',NULL,'loan officer'),(0,661,'B','','Monthly',NULL,1,'2018-03-09 03:56:38',NULL,'loan officer'),(0,671,'B','','Monthly',NULL,1,'2018-03-09 04:11:29',NULL,'loan officer'),(0,681,'B','','Monthly',900.00,1,'2018-03-09 04:47:36',NULL,'loan officer'),(0,691,'B','','Monthly',100.00,1,'2018-03-09 04:51:22',NULL,'loan officer'),(0,681,'B','','Monthly',900.00,1,'2018-03-09 04:57:32',NULL,'loan officer'),(0,701,'B','','Monthly',7000.00,1,'2018-03-09 09:46:09',NULL,'loan officer'),(0,771,'B','','Monthly',NULL,1,'2018-03-10 14:35:33',NULL,'loan officer'),(0,791,'B','','Monthly',10500.00,1,'2018-03-12 17:57:29',NULL,'loan officer'),(0,791,'B','','Monthly',9500.00,1,'2018-03-12 18:53:59',NULL,'loan officer'),(0,381,'B','','Monthly',10000.00,1,'2018-03-13 21:00:23',NULL,'loan officer'),(0,891,'B','','Monthly',9000.00,1,'2018-03-14 07:04:01',NULL,'loan officer'),(0,891,'B','','Monthly',9000.00,1,'2018-03-14 07:04:37',NULL,'loan officer'),(0,891,'B','','Monthly',9000.00,1,'2018-03-14 07:06:56',NULL,'loan officer'),(0,891,'B','','Monthly',9000.00,1,'2018-03-14 07:11:28',NULL,'loan officer'),(0,20,'B','','Monthly',NULL,1,'2018-03-14 09:08:26',NULL,'loan officer'),(0,20,'B','','Monthly',NULL,1,'2018-03-14 09:13:54',NULL,'loan officer'),(0,891,'B','','Monthly',9000.00,1,'2018-03-14 09:21:41',NULL,'loan officer'),(0,891,'B','','Monthly',9000.00,1,'2018-03-14 09:23:11',NULL,'loan officer'),(0,20,'B','','Monthly',NULL,1,'2018-03-14 09:26:06',NULL,'loan officer'),(0,791,'B','','Monthly',9500.00,1,'2018-03-14 09:26:56',NULL,'loan officer'),(0,911,'B','','Monthly',NULL,1,'2018-03-14 09:28:50',NULL,'loan officer'),(0,911,'B','','Monthly',NULL,1,'2018-03-14 09:29:41',NULL,'loan officer'),(0,911,'B','','Monthly',NULL,1,'2018-03-14 09:30:06',NULL,'loan officer'),(0,20,'B','','Monthly',NULL,1,'2018-03-16 08:56:32',NULL,'loan officer'),(0,891,'B','','Monthly',9000.00,1,'2018-03-16 08:56:44',NULL,'loan officer'),(0,791,'B','','Monthly',2516.95,1,'2018-03-27 18:36:18',NULL,'loan officer');
/*!40000 ALTER TABLE `incomes_history` ENABLE KEYS */;
UNLOCK TABLES;

--
-- Table structure for table `loan_loanofficer_mapping`
--

DROP TABLE IF EXISTS `loan_loanofficer_mapping`;
/*!40101 SET @saved_cs_client     = @@character_set_client */;
/*!40101 SET character_set_client = utf8 */;
CREATE TABLE `loan_loanofficer_mapping` (
  `id` int(11) NOT NULL AUTO_INCREMENT,
  `loanid` int(11) NOT NULL,
  `loanofficer_id` int(11) NOT NULL,
  PRIMARY KEY (`id`)
) ENGINE=InnoDB AUTO_INCREMENT=451 DEFAULT CHARSET=latin1;
/*!40101 SET character_set_client = @saved_cs_client */;

--
-- Dumping data for table `loan_loanofficer_mapping`
--

LOCK TABLES `loan_loanofficer_mapping` WRITE;
/*!40000 ALTER TABLE `loan_loanofficer_mapping` DISABLE KEYS */;
INSERT INTO `loan_loanofficer_mapping` VALUES (11,551,1),(21,561,1),(31,571,1),(41,581,1),(51,591,1),(61,601,1),(71,611,1),(81,621,1),(91,631,1),(101,641,1),(111,651,0),(121,661,1),(131,671,1),(141,681,1),(151,691,1),(161,701,1),(171,711,1),(181,721,1),(191,731,1),(201,741,1),(211,751,1),(221,761,1),(231,771,1),(241,781,1),(251,791,1),(261,801,1),(271,811,1),(281,821,1),(291,831,1),(301,841,1),(311,851,1),(321,861,1),(331,871,1),(341,881,1),(351,891,1),(361,901,1),(371,911,1),(381,921,1),(391,931,1),(401,941,1),(411,951,27),(421,961,27),(431,971,27),(441,981,27);
/*!40000 ALTER TABLE `loan_loanofficer_mapping` ENABLE KEYS */;
UNLOCK TABLES;

--
-- Table structure for table `loan_options`
--

DROP TABLE IF EXISTS `loan_options`;
/*!40101 SET @saved_cs_client     = @@character_set_client */;
/*!40101 SET character_set_client = utf8 */;
CREATE TABLE `loan_options` (
  `id` int(11) NOT NULL AUTO_INCREMENT,
  `loanId` int(11) DEFAULT '0',
  `optionNo` int(11) DEFAULT '0',
  `salesPrice` decimal(15,2) DEFAULT '0.00',
  `loanMode` int(11) DEFAULT '0',
  `loanType` int(11) DEFAULT '0',
  `downPayment` decimal(15,2) DEFAULT '0.00',
  `miType` int(11) DEFAULT '0',
  `firstMortgageRate` decimal(15,2) DEFAULT '0.00',
  `firstMortgagePoints` decimal(15,3) DEFAULT '0.000',
  `firstMortgageTerm` int(11) DEFAULT '0',
  `firstMortgageLoanAmount` decimal(15,2) DEFAULT '0.00',
  `firstMortgageLoanBaseAmount` decimal(15,2) DEFAULT '0.00',
  `firstMortgagePiti` decimal(15,2) DEFAULT '0.00',
  `firstMortgagePAndI` decimal(15,2) DEFAULT '0.00',
  `tax` decimal(15,2) DEFAULT '0.00',
  `ins` decimal(15,2) DEFAULT '0.00',
  `hoa` decimal(15,2) DEFAULT '0.00',
  `mi` decimal(15,2) DEFAULT '0.00',
  `other` decimal(15,2) DEFAULT '0.00',
  `front` decimal(15,2) DEFAULT '0.00',
  `back` decimal(15,2) DEFAULT '0.00',
  `dti` decimal(15,2) DEFAULT '0.00',
  `ltv` decimal(15,2) DEFAULT '0.00',
  `cltv` decimal(15,2) DEFAULT '0.00',
  `secondMortgageRate` decimal(15,2) DEFAULT '0.00',
  `secondMortgagePoints` decimal(15,3) DEFAULT '0.000',
  `secondMortgageTerm` int(11) DEFAULT '0',
  `secondMortgageLoanAmount` decimal(15,2) DEFAULT '0.00',
  `secondMortgageLoanBaseAmount` decimal(15,2) DEFAULT '0.00',
  `secondMortgagePiti` decimal(15,2) DEFAULT '0.00',
  `secondMortgagePAndI` decimal(15,2) DEFAULT '0.00',
  `firstAndSecondPiti` decimal(15,2) DEFAULT '0.00',
  `monthsOfTax` int(11) DEFAULT '0',
  `monthsOfTaxAmount` decimal(15,2) DEFAULT '0.00',
  `monthsOfInsurance` int(11) DEFAULT '0',
  `monthsOfInsuranceAmount` decimal(15,2) DEFAULT '0.00',
  `daysOfInterest` int(11) DEFAULT '0',
  `daysOfInterestAmount` decimal(15,2) DEFAULT '0.00',
  `totalPrePaids` decimal(15,2) DEFAULT '0.00',
  `credit1Name` varchar(250) DEFAULT '0',
  `credit1Amount` decimal(15,2) DEFAULT '0.00',
  `credit2Name` varchar(250) DEFAULT '0',
  `credit2Amount` decimal(15,2) DEFAULT '0.00',
  `credit3Name` varchar(250) DEFAULT '0',
  `credit3Amount` decimal(15,2) DEFAULT '0.00',
  `credit4Name` varchar(250) DEFAULT '0',
  `credit4Amount` decimal(15,2) DEFAULT '0.00',
  `totalCredits` int(11) DEFAULT '0',
  `totalClosingCosts` decimal(15,2) DEFAULT '0.00',
  `closingCostTemplateId` int(11) DEFAULT '1',
  `cashToClose` decimal(15,2) DEFAULT '0.00',
  `apr` decimal(15,2) DEFAULT '0.00',
  `taxVerified` tinyint(1) NOT NULL DEFAULT '0',
  `insVerified` tinyint(1) NOT NULL DEFAULT '0',
  `hoaVerified` tinyint(1) NOT NULL DEFAULT '0',
  `miVerified` tinyint(1) NOT NULL DEFAULT '0',
  `expiry` varchar(100) DEFAULT NULL,
  `lastUpdatedBy` varchar(100) DEFAULT NULL,
  PRIMARY KEY (`id`)
) ENGINE=InnoDB AUTO_INCREMENT=501 DEFAULT CHARSET=latin1;
/*!40101 SET character_set_client = @saved_cs_client */;

--
-- Dumping data for table `loan_options`
--

LOCK TABLES `loan_options` WRITE;
/*!40000 ALTER TABLE `loan_options` DISABLE KEYS */;
INSERT INTO `loan_options` VALUES (4,2,1,0.00,1,1,0.00,1,0.00,0.000,0,0.00,0.00,630.41,0.00,559.58,70.83,0.00,0.00,0.00,0.00,0.00,0.00,0.00,0.00,0.00,0.000,0,0.00,0.00,0.00,0.00,630.41,2,1119.16,4,283.32,5,0.00,1402.48,'Earnest Money',0.00,'Option Fee',0.00,'Appraisal',0.00,'',0.00,0,0.00,NULL,1402.48,0.00,0,0,0,0,NULL,NULL),(5,7,1,0.00,1,1,0.00,1,0.00,0.000,0,0.00,0.00,630.41,0.00,559.58,70.83,0.00,0.00,0.00,0.00,0.00,0.00,0.00,0.00,0.00,0.000,0,0.00,0.00,0.00,0.00,630.41,2,1119.16,4,283.32,5,0.00,1402.48,'Earnest Money',0.00,'Option Fee',0.00,'Appraisal',0.00,'',0.00,0,0.00,NULL,1402.48,0.00,0,0,0,0,NULL,NULL),(7,1,1,0.00,1,1,0.00,1,0.00,0.000,0,0.00,0.00,630.41,0.00,559.58,70.83,0.00,0.00,0.00,0.00,0.00,0.00,0.00,0.00,0.00,0.000,0,0.00,0.00,0.00,0.00,630.41,2,1119.16,4,283.32,5,0.00,1402.48,'Earnest Money',0.00,'Option Fee',0.00,'Appraisal',0.00,'',0.00,0,0.00,NULL,1402.48,0.00,0,0,0,0,NULL,'loan officer'),(8,16,1,0.00,1,1,0.00,1,0.00,0.000,0,0.00,0.00,630.41,0.00,559.58,70.83,0.00,0.00,0.00,0.00,0.00,0.00,0.00,0.00,0.00,0.000,0,0.00,0.00,0.00,0.00,630.41,2,1119.16,4,283.32,5,0.00,1402.48,'Earnest Money',0.00,'Option Fee',0.00,'Appraisal',0.00,'',0.00,0,0.00,NULL,1402.48,0.00,0,0,0,0,NULL,'customer'),(10,27,1,0.00,1,1,0.00,1,0.00,0.000,0,0.00,0.00,630.41,0.00,559.58,70.83,0.00,0.00,0.00,0.00,0.00,0.00,0.00,0.00,0.00,0.000,0,0.00,0.00,0.00,0.00,630.41,2,1119.16,4,283.32,5,0.00,1402.48,'Earnest Money',0.00,'Option Fee',0.00,'Appraisal',0.00,'',0.00,0,0.00,NULL,1402.48,0.00,0,0,0,0,NULL,'loan officer'),(17,29,1,1111.00,1,1,33.33,1,0.00,0.000,0,1077.67,1077.67,630.41,0.00,559.58,70.83,0.00,0.00,0.00,0.00,0.00,0.00,97.00,97.00,0.00,0.000,0,0.00,0.00,0.00,0.00,630.41,2,1119.16,4,283.32,5,0.00,1402.48,'Earnest Money',0.00,'Option Fee',0.00,'Appraisal',0.00,'',0.00,0,238.00,NULL,1673.81,12.00,0,0,0,0,NULL,'loan officer'),(18,36,1,0.00,1,1,0.00,1,0.00,0.000,0,0.00,0.00,630.41,0.00,559.58,70.83,0.00,0.00,0.00,0.00,0.00,0.00,0.00,0.00,0.00,0.000,0,0.00,0.00,0.00,0.00,630.41,2,1119.16,4,283.32,5,0.00,1402.48,'Earnest Money',0.00,'Option Fee',0.00,'Appraisal',0.00,'',0.00,0,0.00,NULL,1402.48,0.00,0,0,0,0,NULL,'loan officer'),(22,38,1,100.00,1,15,0.00,1,0.00,0.000,0,100.00,100.00,630.41,0.00,559.58,70.83,0.00,0.00,0.00,0.00,0.00,0.00,100.00,100.00,0.00,0.000,0,0.00,0.00,0.00,0.00,630.41,2,1119.16,4,283.32,5,0.00,1402.48,'Earnest Money',0.00,'Option Fee',0.00,'Appraisal',0.00,'',0.00,0,269.46,NULL,1671.94,12.00,0,0,0,0,NULL,'loan officer'),(24,39,1,400000.00,1,2,20000.00,1,4.25,0.000,360,380000.00,380000.00,2499.78,1869.37,559.58,70.83,0.00,0.00,0.00,41.66,41.66,0.00,95.00,95.00,0.00,0.000,0,0.00,0.00,0.00,0.00,2499.78,2,1119.16,4,283.32,5,224.31,1626.79,'Earnest Money',0.00,'Option Fee',0.00,'Appraisal',0.00,'',0.00,0,16139.22,NULL,37766.01,4.29,0,0,0,0,NULL,'loan officer'),(25,40,1,0.00,1,1,NULL,1,0.00,0.000,0,0.00,0.00,0.00,0.00,559.58,70.83,0.00,NULL,0.00,NULL,NULL,0.00,0.00,0.00,0.00,0.000,0,0.00,0.00,0.00,0.00,NULL,2,NULL,2,NULL,1,NULL,NULL,'Earnest Money',0.00,'Option Fee',0.00,'Appraisal',0.00,'',0.00,NULL,0.00,NULL,0.00,0.00,0,0,0,0,NULL,'loan officer'),(26,42,1,0.00,1,1,NULL,1,0.00,0.000,0,0.00,0.00,0.00,0.00,559.58,70.83,0.00,NULL,0.00,NULL,NULL,0.00,0.00,0.00,0.00,0.000,0,0.00,0.00,0.00,0.00,NULL,2,NULL,2,NULL,1,NULL,NULL,'Earnest Money',0.00,'Option Fee',0.00,'Appraisal',0.00,'',0.00,NULL,0.00,NULL,0.00,0.00,0,0,0,0,NULL,'loan officer'),(28,43,1,0.00,1,1,0.00,1,0.00,0.000,0,0.00,0.00,0.00,0.00,559.58,70.83,0.00,0.00,0.00,0.00,0.00,0.00,0.00,0.00,0.00,0.000,0,0.00,0.00,0.00,0.00,NULL,2,0.00,2,0.00,1,0.00,0.00,'Earnest Money',0.00,'Option Fee',0.00,'Appraisal',0.00,'',0.00,NULL,0.00,NULL,0.00,0.00,0,0,0,0,NULL,'loan officer'),(29,44,1,0.00,1,1,0.00,1,0.00,0.000,0,0.00,0.00,0.00,0.00,559.58,70.83,0.00,0.00,0.00,NULL,NULL,0.00,0.00,0.00,0.00,0.000,0,0.00,0.00,0.00,0.00,NULL,2,NULL,2,NULL,1,NULL,NULL,'Earnest Money',0.00,'Option Fee',0.00,'Appraisal',0.00,'',0.00,NULL,0.00,NULL,0.00,0.00,0,0,0,0,NULL,'loan officer'),(30,45,1,0.00,1,1,0.00,1,0.00,0.000,0,0.00,0.00,0.00,0.00,559.58,70.83,0.00,0.00,0.00,0.00,NULL,0.00,0.00,0.00,0.00,0.000,0,0.00,0.00,0.00,0.00,NULL,2,NULL,2,NULL,1,NULL,NULL,'Earnest Money',0.00,'Option Fee',0.00,'Appraisal',0.00,'',0.00,NULL,0.00,NULL,0.00,0.00,0,0,0,0,NULL,'loan officer'),(31,46,1,0.00,1,1,0.00,1,0.00,0.000,0,0.00,0.00,0.00,0.00,559.58,70.83,0.00,0.00,0.00,0.00,0.00,0.00,0.00,0.00,0.00,0.000,0,0.00,0.00,0.00,0.00,0.00,2,0.00,2,0.00,1,0.00,0.00,'Earnest Money',0.00,'Option Fee',0.00,'Appraisal',0.00,'',0.00,0,0.00,NULL,0.00,0.00,0,0,0,0,NULL,'loan officer'),(32,47,1,0.00,1,1,0.00,1,0.00,0.000,0,0.00,0.00,630.41,0.00,559.58,70.83,0.00,0.00,0.00,0.00,0.00,0.00,0.00,0.00,0.00,0.000,0,0.00,0.00,0.00,0.00,630.41,2,1119.16,2,141.66,1,0.00,1260.82,'Earnest Money',0.00,'Option Fee',0.00,'Appraisal',0.00,'',0.00,0,0.00,NULL,1260.82,0.00,0,0,0,0,NULL,'loan officer'),(33,51,1,0.00,1,1,0.00,1,0.00,0.000,0,0.00,0.00,630.41,0.00,559.58,70.83,0.00,0.00,0.00,0.00,0.00,0.00,0.00,0.00,0.00,0.000,0,0.00,0.00,0.00,0.00,630.41,2,1119.16,2,141.66,1,0.00,1260.82,'Earnest Money',0.00,'Option Fee',0.00,'Appraisal',0.00,'',0.00,0,27.22,NULL,1288.04,0.00,0,0,0,0,NULL,'loan officer'),(34,64,1,0.00,1,1,0.00,1,0.00,0.000,0,0.00,0.00,630.41,0.00,559.58,70.83,0.00,0.00,0.00,0.00,0.00,0.00,0.00,0.00,0.00,0.000,0,0.00,0.00,0.00,0.00,630.41,2,1119.16,2,141.66,1,0.00,1260.82,'Earnest Money',0.00,'Option Fee',0.00,'Appraisal',0.00,'',0.00,0,0.22,2,1261.04,0.00,0,0,0,0,NULL,'loan officer'),(38,65,1,0.00,0,1,0.00,1,0.00,1.250,0,0.00,0.00,630.41,0.00,559.58,70.83,0.00,0.00,0.00,0.00,0.00,0.00,0.00,0.00,0.00,0.000,0,0.00,0.00,0.00,0.00,630.41,2,1119.16,2,141.66,1,0.00,1260.82,'Earnest Money',0.00,'Option Fee',0.00,'Appraisal',0.00,'',0.00,0,1.25,2,1262.07,0.00,0,0,0,0,NULL,'loan officer'),(41,66,1,1000000.00,1,8,35000.00,1,5.00,1.250,360,965000.00,965000.00,5875.49,5245.08,559.58,70.83,0.00,0.00,0.00,0.00,0.00,0.00,96.50,96.50,0.00,0.000,0,0.00,0.00,0.00,0.00,5875.49,2,1119.16,2,141.66,1,135.70,1396.52,'Earnest Money',0.00,'Option Fee',0.00,'Appraisal',0.00,'',0.00,0,21588.75,3,57985.27,5.05,0,0,0,0,NULL,'loan officer'),(50,69,1,1000000.00,1,1,30000.00,1,4.50,1.250,12,970000.00,970000.00,83447.58,82817.17,559.58,70.83,0.00,0.00,0.00,0.00,0.00,0.00,97.00,97.00,0.00,0.000,0,0.00,0.00,0.00,0.00,83447.58,2,1119.16,2,141.66,1,121.25,1382.07,'Earnest Money',0.00,'Option Fee',0.00,'Appraisal',0.00,'',0.00,0,64413.00,2,95795.07,20.07,0,0,0,0,NULL,'loan officer'),(57,90,1,400000.00,0,2,20000.00,1,4.25,0.000,360,380000.00,380000.00,2499.78,1869.37,559.58,70.83,0.00,231.17,0.00,41.66,41.66,0.00,95.00,95.00,0.00,0.000,0,0.00,0.00,0.00,0.00,2499.78,2,1119.16,2,141.66,1,44.86,1305.68,'Earnest Money',0.00,'Option Fee',0.00,'Appraisal',0.00,'',0.00,0,2000.00,5,23305.68,4.34,0,0,0,0,NULL,'loan officer'),(65,93,1,400000.00,1,1,12000.00,1,4.50,1.000,360,388000.00,388000.00,3210.68,1965.94,559.58,70.83,0.00,614.33,0.00,53.51,53.51,0.00,97.00,97.00,0.00,0.000,0,0.00,0.00,0.00,0.00,3210.68,3,1678.74,14,991.62,15,727.50,3397.86,'Earnest Money',1000.00,'Option Fee',0.00,'Appraisal',0.00,'',0.00,1000,12215.00,5,26612.86,5.51,0,0,0,0,NULL,'loan officer'),(81,101,1,400000.00,1,11,400000.00,1,4.50,0.000,360,0.00,0.00,903.83,0.00,559.58,70.83,0.00,0.00,0.00,0.00,0.00,0.00,0.00,0.00,0.00,0.000,0,0.00,0.00,0.00,0.00,903.83,2,1119.16,2,141.66,1,0.00,1260.82,'Earnest Money',0.00,'Option Fee',0.00,'Appraisal',0.00,'',0.00,0,0.00,1,401260.82,5.08,0,0,0,0,NULL,'loan officer'),(91,361,1,0.00,1,1,0.00,1,0.00,0.000,0,0.00,0.00,630.41,0.00,559.58,70.83,0.00,0.00,0.00,0.00,0.00,0.00,0.00,0.00,0.00,0.000,0,0.00,0.00,0.00,0.00,630.41,3,1678.74,14,991.62,15,0.00,2670.36,'Earnest Money',0.00,'Option Fee',0.00,'Appraisal',0.00,'',0.00,0,0.00,1,2670.36,0.00,0,0,0,0,NULL,'loan officer'),(101,361,2,0.00,1,8,0.00,1,0.00,0.000,0,0.00,0.00,630.41,0.00,559.58,70.83,0.00,0.00,0.00,0.00,0.00,0.00,0.00,0.00,0.00,0.000,0,0.00,0.00,0.00,0.00,630.41,0,0.00,0,0.00,0,0.00,0.00,'',NULL,'',NULL,'',NULL,'',NULL,0,0.00,1,0.00,0.00,0,0,0,0,NULL,'loan officer'),(191,481,1,0.00,1,1,0.00,1,0.00,0.000,0,0.00,0.00,630.41,0.00,559.58,70.83,0.00,0.00,0.00,0.00,0.00,0.00,0.00,0.00,0.00,0.000,0,0.00,0.00,0.00,0.00,630.41,3,1678.74,14,991.62,15,0.00,2670.36,'Earnest Money',0.00,'Option Fee',0.00,'Appraisal',0.00,'',0.00,0,0.00,1,2670.36,0.00,0,0,0,0,NULL,'loan officer'),(211,611,1,0.00,1,1,0.00,1,0.00,0.000,0,0.00,0.00,630.41,0.00,559.58,70.83,0.00,0.00,0.00,0.00,0.00,0.00,0.00,0.00,0.00,0.000,0,0.00,0.00,0.00,0.00,630.41,3,1678.74,14,991.62,15,0.00,2670.36,'Earnest Money',0.00,'Option Fee',0.00,'Appraisal',0.00,'',0.00,0,0.00,1,2670.36,0.00,0,0,0,0,NULL,'loan officer'),(221,621,1,0.00,1,1,0.00,1,0.00,0.000,0,0.00,0.00,630.41,0.00,559.58,70.83,0.00,0.00,0.00,0.00,0.00,0.00,0.00,0.00,0.00,0.000,0,0.00,0.00,0.00,0.00,630.41,3,1678.74,14,991.62,15,0.00,2670.36,'Earnest Money',0.00,'Option Fee',0.00,'Appraisal',0.00,'',0.00,0,0.00,1,2670.36,0.00,0,0,0,0,NULL,'loan officer'),(231,631,1,0.00,1,1,0.00,1,0.00,0.000,0,0.00,0.00,630.41,0.00,559.58,70.83,0.00,0.00,0.00,0.00,0.00,0.00,0.00,0.00,0.00,0.000,0,0.00,0.00,0.00,0.00,630.41,3,1678.74,14,991.62,15,0.00,2670.36,'Earnest Money',0.00,'Option Fee',0.00,'Appraisal',0.00,'',0.00,0,0.00,1,2670.36,0.00,0,0,0,0,NULL,'loan officer'),(241,661,1,0.00,1,1,0.00,1,0.00,0.000,0,0.00,0.00,630.41,0.00,559.58,70.83,0.00,0.00,0.00,0.00,0.00,0.00,0.00,0.00,0.00,0.000,0,0.00,0.00,0.00,0.00,630.41,3,1678.74,14,991.62,15,0.00,2670.36,'Earnest Money',0.00,'Option Fee',0.00,'Appraisal',0.00,'',0.00,0,0.00,1,2670.36,0.00,0,0,0,0,NULL,'loan officer'),(251,671,1,0.00,1,1,0.00,1,0.00,0.000,0,0.00,0.00,630.41,0.00,559.58,70.83,0.00,0.00,0.00,0.00,0.00,0.00,0.00,0.00,0.00,0.000,0,0.00,0.00,0.00,0.00,630.41,3,1678.74,14,991.62,15,0.00,2670.36,'Earnest Money',0.00,'Option Fee',0.00,'Appraisal',0.00,'',0.00,0,0.00,1,2670.36,0.00,0,0,0,0,NULL,'loan officer'),(271,691,1,0.00,1,1,0.00,1,0.00,0.000,0,0.00,0.00,630.41,0.00,559.58,70.83,0.00,0.00,0.00,0.00,0.00,0.00,0.00,0.00,0.00,0.000,0,0.00,0.00,0.00,0.00,630.41,3,1678.74,14,991.62,15,0.00,2670.36,'Earnest Money',0.00,'Option Fee',0.00,'Appraisal',0.00,'',0.00,0,0.00,1,2670.36,0.00,0,0,0,0,NULL,'loan officer'),(281,681,1,0.00,1,1,0.00,1,0.00,0.000,0,0.00,0.00,630.41,0.00,559.58,70.83,0.00,0.00,0.00,0.00,0.00,0.00,0.00,0.00,0.00,0.000,0,0.00,0.00,0.00,0.00,630.41,3,1678.74,14,991.62,15,0.00,2670.36,'Earnest Money',0.00,'Option Fee',0.00,'Appraisal',0.00,'',0.00,0,0.00,1,2670.36,0.00,0,0,0,0,NULL,'loan officer'),(291,701,1,0.00,1,1,0.00,1,0.00,0.000,0,0.00,0.00,630.41,0.00,559.58,70.83,0.00,0.00,0.00,0.00,0.00,0.00,0.00,0.00,0.00,0.000,0,0.00,0.00,0.00,0.00,630.41,3,1678.74,14,991.62,15,0.00,2670.36,'Earnest Money',0.00,'Option Fee',0.00,'Appraisal',0.00,'',0.00,0,0.00,1,2670.36,0.00,0,0,0,0,NULL,'loan officer'),(301,771,1,400000.00,1,1,12000.00,1,4.63,1.000,360,388000.00,388000.00,2868.93,1996.02,559.58,70.83,0.00,242.50,0.00,0.00,0.00,0.00,97.00,97.00,0.00,0.000,0,0.00,0.00,0.00,0.00,2868.93,3,1678.74,14,991.62,15,748.52,3418.88,'Earnest Money',1000.00,'Option Fee',0.00,'Appraisal',0.00,'',0.00,1000,9949.00,21,24367.88,5.11,0,0,0,0,NULL,'loan officer'),(331,381,1,400000.00,1,2,20000.00,1,4.50,1.500,360,380000.00,380000.00,2786.98,1925.40,559.58,70.83,0.00,231.17,0.00,27.87,32.87,0.00,95.00,95.00,0.00,0.000,360,0.00,0.00,0.00,0.00,2786.98,3,1678.74,14,991.62,15,712.50,3382.86,'Earnest Money',1000.00,'Option Fee',0.00,'Appraisal',0.00,'',0.00,1000,13001.00,21,35383.86,4.97,0,0,0,0,NULL,'loan officer'),(461,911,1,0.00,1,1,0.00,1,0.00,0.000,0,0.00,0.00,630.41,0.00,559.58,70.83,0.00,0.00,0.00,0.00,0.00,0.00,0.00,0.00,0.00,0.000,0,0.00,0.00,0.00,0.00,630.41,3,1678.74,15,1062.45,15,0.00,2741.19,'Earnest Money',0.00,'Option Fee',0.00,'Appraisal',0.00,'',0.00,0,0.00,1,2741.19,0.00,0,0,0,0,NULL,'loan officer'),(471,20,1,0.00,1,1,0.00,1,0.00,0.000,0,0.00,0.00,630.41,0.00,559.58,70.83,0.00,0.00,0.00,0.00,0.00,0.00,0.00,0.00,0.00,0.000,0,0.00,0.00,0.00,0.00,630.41,2,1119.16,4,283.32,5,0.00,1402.48,'Earnest Money',0.00,'Option Fee',0.00,'Appraisal',0.00,'',0.00,0,0.00,NULL,1402.48,0.00,0,0,0,0,NULL,'loan officer'),(481,891,1,1000000.00,1,1,30000.00,1,5.00,1.125,360,970000.00,970000.00,7696.75,5207.17,559.58,70.83,0.00,1859.17,0.00,85.52,85.52,0.00,97.00,97.00,0.00,0.000,0,0.00,0.00,0.00,0.00,7696.75,3,1678.74,15,1062.45,15,2020.83,4762.02,'Earnest Money',0.00,'Option Fee',1000.00,'Appraisal',0.00,'',0.00,1000,5700.00,41,39462.02,6.08,0,0,0,0,NULL,'loan officer'),(491,791,1,150000.00,1,8,5250.00,1,5.50,0.000,0,144750.00,144750.00,805.63,663.44,2.75,55.00,0.00,84.44,0.00,32.01,32.01,0.00,98.19,96.50,0.00,0.000,0,0.00,0.00,0.00,0.00,805.63,3,8.25,15,825.00,15,337.52,1170.77,'Earnest Money',0.00,'Option Fee',0.00,'Appraisal',0.00,'',0.00,0,6078.13,31,9965.77,12.00,0,0,0,0,NULL,'loan officer');
/*!40000 ALTER TABLE `loan_options` ENABLE KEYS */;
UNLOCK TABLES;

--
-- Table structure for table `loan_options_history`
--

DROP TABLE IF EXISTS `loan_options_history`;
/*!40101 SET @saved_cs_client     = @@character_set_client */;
/*!40101 SET character_set_client = utf8 */;
CREATE TABLE `loan_options_history` (
  `id` int(11) NOT NULL AUTO_INCREMENT,
  `loanId` int(11) DEFAULT '0',
  `optionNo` int(11) DEFAULT '0',
  `salesPrice` decimal(15,2) DEFAULT '0.00',
  `loanMode` int(11) DEFAULT '0',
  `loanType` int(11) DEFAULT '0',
  `downPayment` decimal(15,2) DEFAULT '0.00',
  `miType` int(11) DEFAULT '0',
  `firstMortgageRate` decimal(15,2) DEFAULT '0.00',
  `firstMortgagePoints` decimal(15,3) DEFAULT '0.000',
  `firstMortgageTerm` int(11) DEFAULT '0',
  `firstMortgageLoanAmount` decimal(15,2) DEFAULT '0.00',
  `firstMortgageLoanBaseAmount` decimal(15,2) DEFAULT '0.00',
  `firstMortgagePiti` decimal(15,2) DEFAULT '0.00',
  `firstMortgagePAndI` decimal(15,2) DEFAULT '0.00',
  `tax` decimal(15,2) DEFAULT '0.00',
  `ins` decimal(15,2) DEFAULT '0.00',
  `hoa` decimal(15,2) DEFAULT '0.00',
  `mi` decimal(15,2) DEFAULT '0.00',
  `other` decimal(15,2) DEFAULT '0.00',
  `front` decimal(15,2) DEFAULT '0.00',
  `back` decimal(15,2) DEFAULT '0.00',
  `dti` decimal(15,2) DEFAULT '0.00',
  `ltv` decimal(15,2) DEFAULT '0.00',
  `cltv` decimal(15,2) DEFAULT '0.00',
  `secondMortgageRate` decimal(15,2) DEFAULT '0.00',
  `secondMortgagePoints` decimal(15,3) DEFAULT '0.000',
  `secondMortgageTerm` int(11) DEFAULT '0',
  `secondMortgageLoanAmount` decimal(15,2) DEFAULT '0.00',
  `secondMortgageLoanBaseAmount` decimal(15,2) DEFAULT '0.00',
  `secondMortgagePiti` decimal(15,2) DEFAULT '0.00',
  `secondMortgagePAndI` decimal(15,2) DEFAULT '0.00',
  `firstAndSecondPiti` decimal(15,2) DEFAULT '0.00',
  `monthsOfTax` int(11) DEFAULT '0',
  `monthsOfTaxAmount` decimal(15,2) DEFAULT '0.00',
  `monthsOfInsurance` int(11) DEFAULT '0',
  `monthsOfInsuranceAmount` decimal(15,2) DEFAULT '0.00',
  `daysOfInterest` int(11) DEFAULT '0',
  `daysOfInterestAmount` decimal(15,2) DEFAULT '0.00',
  `totalPrePaids` decimal(15,2) DEFAULT '0.00',
  `credit1Name` varchar(250) DEFAULT '0',
  `credit1Amount` decimal(15,2) DEFAULT '0.00',
  `credit2Name` varchar(250) DEFAULT '0',
  `credit2Amount` decimal(15,2) DEFAULT '0.00',
  `credit3Name` varchar(250) DEFAULT '0',
  `credit3Amount` decimal(15,2) DEFAULT '0.00',
  `credit4Name` varchar(250) DEFAULT '0',
  `credit4Amount` decimal(15,2) DEFAULT '0.00',
  `totalCredits` int(11) DEFAULT '0',
  `totalClosingCosts` decimal(15,2) DEFAULT '0.00',
  `closingCostTemplateId` int(11) DEFAULT NULL,
  `cashToClose` decimal(15,2) DEFAULT '0.00',
  `apr` decimal(15,2) DEFAULT '0.00',
  `taxVerified` tinyint(1) NOT NULL DEFAULT '0',
  `insVerified` tinyint(1) NOT NULL DEFAULT '0',
  `hoaVerified` tinyint(1) NOT NULL DEFAULT '0',
  `miVerified` tinyint(1) NOT NULL DEFAULT '0',
  `expiry` varchar(100) DEFAULT NULL,
  `lastUpdatedBy` varchar(100) DEFAULT NULL,
  PRIMARY KEY (`id`)
) ENGINE=InnoDB AUTO_INCREMENT=501 DEFAULT CHARSET=latin1;
/*!40101 SET character_set_client = @saved_cs_client */;

--
-- Dumping data for table `loan_options_history`
--

LOCK TABLES `loan_options_history` WRITE;
/*!40000 ALTER TABLE `loan_options_history` DISABLE KEYS */;
INSERT INTO `loan_options_history` VALUES (1,1,1,0.00,1,1,0.00,1,0.00,0.000,0,0.00,0.00,630.41,0.00,559.58,70.83,0.00,0.00,0.00,0.00,0.00,0.00,0.00,0.00,0.00,0.000,0,0.00,0.00,0.00,0.00,630.41,2,1119.16,4,283.32,5,0.00,1402.48,'Earnest Money',0.00,'Option Fee',0.00,'Appraisal',0.00,'',0.00,0,0.00,NULL,1402.48,0.00,0,0,0,0,NULL,NULL),(2,2,1,0.00,1,1,0.00,1,0.00,0.000,0,0.00,0.00,630.41,0.00,559.58,70.83,0.00,0.00,0.00,0.00,0.00,0.00,0.00,0.00,0.00,0.000,0,0.00,0.00,0.00,0.00,630.41,2,1119.16,4,283.32,5,0.00,1402.48,'Earnest Money',0.00,'Option Fee',0.00,'Appraisal',0.00,'',0.00,0,0.00,NULL,1402.48,0.00,0,0,0,0,NULL,NULL),(3,1,1,0.00,1,1,0.00,1,0.00,0.000,0,0.00,0.00,630.41,0.00,559.58,70.83,0.00,0.00,0.00,0.00,0.00,0.00,0.00,0.00,0.00,0.000,0,0.00,0.00,0.00,0.00,630.41,2,1119.16,4,283.32,5,0.00,1402.48,'Earnest Money',0.00,'Option Fee',0.00,'Appraisal',0.00,'',0.00,0,0.00,NULL,1402.48,0.00,0,0,0,0,NULL,NULL),(4,2,1,0.00,1,1,0.00,1,0.00,0.000,0,0.00,0.00,630.41,0.00,559.58,70.83,0.00,0.00,0.00,0.00,0.00,0.00,0.00,0.00,0.00,0.000,0,0.00,0.00,0.00,0.00,630.41,2,1119.16,4,283.32,5,0.00,1402.48,'Earnest Money',0.00,'Option Fee',0.00,'Appraisal',0.00,'',0.00,0,0.00,NULL,1402.48,0.00,0,0,0,0,NULL,NULL),(5,7,1,0.00,1,1,0.00,1,0.00,0.000,0,0.00,0.00,630.41,0.00,559.58,70.83,0.00,0.00,0.00,0.00,0.00,0.00,0.00,0.00,0.00,0.000,0,0.00,0.00,0.00,0.00,630.41,2,1119.16,4,283.32,5,0.00,1402.48,'Earnest Money',0.00,'Option Fee',0.00,'Appraisal',0.00,'',0.00,0,0.00,NULL,1402.48,0.00,0,0,0,0,NULL,NULL),(6,1,1,0.00,1,1,0.00,1,0.00,0.000,0,0.00,0.00,630.41,0.00,559.58,70.83,0.00,0.00,0.00,0.00,0.00,0.00,0.00,0.00,0.00,0.000,0,0.00,0.00,0.00,0.00,630.41,2,1119.16,4,283.32,5,0.00,1402.48,'Earnest Money',0.00,'Option Fee',0.00,'Appraisal',0.00,'',0.00,0,0.00,NULL,1402.48,0.00,0,0,0,0,NULL,'customer'),(7,1,1,0.00,1,1,0.00,1,0.00,0.000,0,0.00,0.00,630.41,0.00,559.58,70.83,0.00,0.00,0.00,0.00,0.00,0.00,0.00,0.00,0.00,0.000,0,0.00,0.00,0.00,0.00,630.41,2,1119.16,4,283.32,5,0.00,1402.48,'Earnest Money',0.00,'Option Fee',0.00,'Appraisal',0.00,'',0.00,0,0.00,NULL,1402.48,0.00,0,0,0,0,NULL,'loan officer'),(8,16,1,0.00,1,1,0.00,1,0.00,0.000,0,0.00,0.00,630.41,0.00,559.58,70.83,0.00,0.00,0.00,0.00,0.00,0.00,0.00,0.00,0.00,0.000,0,0.00,0.00,0.00,0.00,630.41,2,1119.16,4,283.32,5,0.00,1402.48,'Earnest Money',0.00,'Option Fee',0.00,'Appraisal',0.00,'',0.00,0,0.00,NULL,1402.48,0.00,0,0,0,0,NULL,'customer'),(9,20,1,0.00,1,1,0.00,1,0.00,0.000,0,0.00,0.00,630.41,0.00,559.58,70.83,0.00,0.00,0.00,0.00,0.00,0.00,0.00,0.00,0.00,0.000,0,0.00,0.00,0.00,0.00,630.41,2,1119.16,4,283.32,5,0.00,1402.48,'Earnest Money',0.00,'Option Fee',0.00,'Appraisal',0.00,'',0.00,0,0.00,NULL,1402.48,0.00,0,0,0,0,NULL,'loan officer'),(10,27,1,0.00,1,1,0.00,1,0.00,0.000,0,0.00,0.00,630.41,0.00,559.58,70.83,0.00,0.00,0.00,0.00,0.00,0.00,0.00,0.00,0.00,0.000,0,0.00,0.00,0.00,0.00,630.41,2,1119.16,4,283.32,5,0.00,1402.48,'Earnest Money',0.00,'Option Fee',0.00,'Appraisal',0.00,'',0.00,0,0.00,NULL,1402.48,0.00,0,0,0,0,NULL,'loan officer'),(11,29,1,1111.00,1,1,33.33,1,0.00,0.000,0,1077.67,1077.67,630.41,0.00,559.58,70.83,0.00,0.00,0.00,0.00,0.00,0.00,97.00,97.00,0.00,0.000,0,0.00,0.00,0.00,0.00,630.41,2,1119.16,4,283.32,5,0.00,1402.48,'Earnest Money',0.00,'Option Fee',0.00,'Appraisal',0.00,'',0.00,0,238.00,NULL,1673.81,12.00,0,0,0,0,NULL,'loan officer'),(12,29,1,1111.00,1,1,33.33,1,0.00,0.000,0,1077.67,1077.67,630.41,0.00,559.58,70.83,0.00,0.00,0.00,0.00,0.00,0.00,97.00,97.00,0.00,0.000,0,0.00,0.00,0.00,0.00,630.41,2,1119.16,4,283.32,5,0.00,1402.48,'Earnest Money',0.00,'Option Fee',0.00,'Appraisal',0.00,'',0.00,0,238.00,NULL,1673.81,12.00,0,0,0,0,NULL,'loan officer'),(13,29,1,1111.00,1,1,33.33,1,0.00,0.000,0,1077.67,1077.67,630.41,0.00,559.58,70.83,0.00,0.00,0.00,0.00,0.00,0.00,97.00,97.00,0.00,0.000,0,0.00,0.00,0.00,0.00,630.41,2,1119.16,4,283.32,5,0.00,1402.48,'Earnest Money',0.00,'Option Fee',0.00,'Appraisal',0.00,'',0.00,0,238.00,NULL,1673.81,12.00,0,0,0,0,NULL,'loan officer'),(14,29,1,1111.00,1,1,33.33,1,0.00,0.000,0,1077.67,1077.67,630.41,0.00,559.58,70.83,0.00,0.00,0.00,0.00,0.00,0.00,97.00,97.00,0.00,0.000,0,0.00,0.00,0.00,0.00,630.41,2,1119.16,4,283.32,5,0.00,1402.48,'Earnest Money',0.00,'Option Fee',0.00,'Appraisal',0.00,'',0.00,0,238.00,NULL,1673.81,12.00,0,0,0,0,NULL,'loan officer'),(15,29,1,1111.00,1,1,33.33,1,0.00,0.000,0,1077.67,1077.67,630.41,0.00,559.58,70.83,0.00,0.00,0.00,0.00,0.00,0.00,97.00,97.00,0.00,0.000,0,0.00,0.00,0.00,0.00,630.41,2,1119.16,4,283.32,5,0.00,1402.48,'Earnest Money',0.00,'Option Fee',0.00,'Appraisal',0.00,'',0.00,0,238.00,NULL,1673.81,12.00,0,0,0,0,NULL,'loan officer'),(16,29,1,1111.00,1,1,33.33,1,0.00,0.000,0,1077.67,1077.67,630.41,0.00,559.58,70.83,0.00,0.00,0.00,0.00,0.00,0.00,97.00,97.00,0.00,0.000,0,0.00,0.00,0.00,0.00,630.41,2,1119.16,4,283.32,5,0.00,1402.48,'Earnest Money',0.00,'Option Fee',0.00,'Appraisal',0.00,'',0.00,0,238.00,NULL,1673.81,12.00,0,0,0,0,NULL,'loan officer'),(17,29,1,1111.00,1,1,33.33,1,0.00,0.000,0,1077.67,1077.67,630.41,0.00,559.58,70.83,0.00,0.00,0.00,0.00,0.00,0.00,97.00,97.00,0.00,0.000,0,0.00,0.00,0.00,0.00,630.41,2,1119.16,4,283.32,5,0.00,1402.48,'Earnest Money',0.00,'Option Fee',0.00,'Appraisal',0.00,'',0.00,0,238.00,NULL,1673.81,12.00,0,0,0,0,NULL,'loan officer'),(18,36,1,0.00,1,1,0.00,1,0.00,0.000,0,0.00,0.00,630.41,0.00,559.58,70.83,0.00,0.00,0.00,0.00,0.00,0.00,0.00,0.00,0.00,0.000,0,0.00,0.00,0.00,0.00,630.41,2,1119.16,4,283.32,5,0.00,1402.48,'Earnest Money',0.00,'Option Fee',0.00,'Appraisal',0.00,'',0.00,0,0.00,NULL,1402.48,0.00,0,0,0,0,NULL,'loan officer'),(19,38,1,100.00,1,15,0.00,1,0.00,0.000,0,100.00,100.00,630.41,0.00,559.58,70.83,0.00,0.00,0.00,0.00,0.00,0.00,100.00,100.00,0.00,0.000,0,0.00,0.00,0.00,0.00,630.41,2,1119.16,4,283.32,5,0.00,1402.48,'Earnest Money',0.00,'Option Fee',0.00,'Appraisal',0.00,'',0.00,0,269.46,NULL,1671.94,12.00,0,0,0,0,NULL,'loan officer'),(20,38,1,100.00,1,15,0.00,1,0.00,0.000,0,100.00,100.00,630.41,0.00,559.58,70.83,0.00,0.00,0.00,0.00,0.00,0.00,100.00,100.00,0.00,0.000,0,0.00,0.00,0.00,0.00,630.41,2,1119.16,4,283.32,5,0.00,1402.48,'Earnest Money',0.00,'Option Fee',0.00,'Appraisal',0.00,'',0.00,0,269.46,NULL,1671.94,12.00,0,0,0,0,NULL,'loan officer'),(21,38,1,100.00,1,15,0.00,1,0.00,0.000,0,100.00,100.00,630.41,0.00,559.58,70.83,0.00,0.00,0.00,0.00,0.00,0.00,100.00,100.00,0.00,0.000,0,0.00,0.00,0.00,0.00,630.41,2,1119.16,4,283.32,5,0.00,1402.48,'Earnest Money',0.00,'Option Fee',0.00,'Appraisal',0.00,'',0.00,0,269.46,NULL,1671.94,12.00,0,0,0,0,NULL,'loan officer'),(22,38,1,100.00,1,15,0.00,1,0.00,0.000,0,100.00,100.00,630.41,0.00,559.58,70.83,0.00,0.00,0.00,0.00,0.00,0.00,100.00,100.00,0.00,0.000,0,0.00,0.00,0.00,0.00,630.41,2,1119.16,4,283.32,5,0.00,1402.48,'Earnest Money',0.00,'Option Fee',0.00,'Appraisal',0.00,'',0.00,0,269.46,NULL,1671.94,12.00,0,0,0,0,NULL,'loan officer'),(23,39,1,0.00,1,1,0.00,1,0.00,0.000,0,0.00,0.00,630.41,0.00,559.58,70.83,0.00,0.00,0.00,0.00,0.00,0.00,0.00,0.00,0.00,0.000,0,0.00,0.00,0.00,0.00,630.41,2,1119.16,4,283.32,5,0.00,1402.48,'Earnest Money',0.00,'Option Fee',0.00,'Appraisal',0.00,'',0.00,0,27.22,NULL,1429.70,0.00,0,0,0,0,NULL,'loan officer'),(24,39,1,400000.00,1,2,20000.00,1,4.25,0.000,360,380000.00,380000.00,2499.78,1869.37,559.58,70.83,0.00,0.00,0.00,41.66,41.66,0.00,95.00,95.00,0.00,0.000,0,0.00,0.00,0.00,0.00,2499.78,2,1119.16,4,283.32,5,224.31,1626.79,'Earnest Money',0.00,'Option Fee',0.00,'Appraisal',0.00,'',0.00,0,16139.22,NULL,37766.01,4.29,0,0,0,0,NULL,'loan officer'),(25,40,1,0.00,1,1,NULL,1,0.00,0.000,0,0.00,0.00,0.00,0.00,559.58,70.83,0.00,NULL,0.00,NULL,NULL,0.00,0.00,0.00,0.00,0.000,0,0.00,0.00,0.00,0.00,NULL,2,NULL,2,NULL,1,NULL,NULL,'Earnest Money',0.00,'Option Fee',0.00,'Appraisal',0.00,'',0.00,NULL,0.00,NULL,0.00,0.00,0,0,0,0,NULL,'loan officer'),(26,42,1,0.00,1,1,NULL,1,0.00,0.000,0,0.00,0.00,0.00,0.00,559.58,70.83,0.00,NULL,0.00,NULL,NULL,0.00,0.00,0.00,0.00,0.000,0,0.00,0.00,0.00,0.00,NULL,2,NULL,2,NULL,1,NULL,NULL,'Earnest Money',0.00,'Option Fee',0.00,'Appraisal',0.00,'',0.00,NULL,0.00,NULL,0.00,0.00,0,0,0,0,NULL,'loan officer'),(27,43,1,0.00,1,1,0.00,1,0.00,0.000,0,0.00,0.00,0.00,0.00,559.58,70.83,0.00,NULL,0.00,NULL,NULL,0.00,0.00,0.00,0.00,0.000,0,0.00,0.00,0.00,0.00,NULL,2,NULL,2,NULL,1,NULL,NULL,'Earnest Money',0.00,'Option Fee',0.00,'Appraisal',0.00,'',0.00,NULL,0.00,NULL,0.00,0.00,0,0,0,0,NULL,'loan officer'),(28,43,1,0.00,1,1,0.00,1,0.00,0.000,0,0.00,0.00,0.00,0.00,559.58,70.83,0.00,0.00,0.00,0.00,0.00,0.00,0.00,0.00,0.00,0.000,0,0.00,0.00,0.00,0.00,NULL,2,0.00,2,0.00,1,0.00,0.00,'Earnest Money',0.00,'Option Fee',0.00,'Appraisal',0.00,'',0.00,NULL,0.00,NULL,0.00,0.00,0,0,0,0,NULL,'loan officer'),(29,44,1,0.00,1,1,0.00,1,0.00,0.000,0,0.00,0.00,0.00,0.00,559.58,70.83,0.00,0.00,0.00,NULL,NULL,0.00,0.00,0.00,0.00,0.000,0,0.00,0.00,0.00,0.00,NULL,2,NULL,2,NULL,1,NULL,NULL,'Earnest Money',0.00,'Option Fee',0.00,'Appraisal',0.00,'',0.00,NULL,0.00,NULL,0.00,0.00,0,0,0,0,NULL,'loan officer'),(30,45,1,0.00,1,1,0.00,1,0.00,0.000,0,0.00,0.00,0.00,0.00,559.58,70.83,0.00,0.00,0.00,0.00,NULL,0.00,0.00,0.00,0.00,0.000,0,0.00,0.00,0.00,0.00,NULL,2,NULL,2,NULL,1,NULL,NULL,'Earnest Money',0.00,'Option Fee',0.00,'Appraisal',0.00,'',0.00,NULL,0.00,NULL,0.00,0.00,0,0,0,0,NULL,'loan officer'),(31,46,1,0.00,1,1,0.00,1,0.00,0.000,0,0.00,0.00,0.00,0.00,559.58,70.83,0.00,0.00,0.00,0.00,0.00,0.00,0.00,0.00,0.00,0.000,0,0.00,0.00,0.00,0.00,0.00,2,0.00,2,0.00,1,0.00,0.00,'Earnest Money',0.00,'Option Fee',0.00,'Appraisal',0.00,'',0.00,0,0.00,NULL,0.00,0.00,0,0,0,0,NULL,'loan officer'),(32,47,1,0.00,1,1,0.00,1,0.00,0.000,0,0.00,0.00,630.41,0.00,559.58,70.83,0.00,0.00,0.00,0.00,0.00,0.00,0.00,0.00,0.00,0.000,0,0.00,0.00,0.00,0.00,630.41,2,1119.16,2,141.66,1,0.00,1260.82,'Earnest Money',0.00,'Option Fee',0.00,'Appraisal',0.00,'',0.00,0,0.00,NULL,1260.82,0.00,0,0,0,0,NULL,'loan officer'),(33,51,1,0.00,1,1,0.00,1,0.00,0.000,0,0.00,0.00,630.41,0.00,559.58,70.83,0.00,0.00,0.00,0.00,0.00,0.00,0.00,0.00,0.00,0.000,0,0.00,0.00,0.00,0.00,630.41,2,1119.16,2,141.66,1,0.00,1260.82,'Earnest Money',0.00,'Option Fee',0.00,'Appraisal',0.00,'',0.00,0,27.22,NULL,1288.04,0.00,0,0,0,0,NULL,'loan officer'),(34,64,1,0.00,1,1,0.00,1,0.00,0.000,0,0.00,0.00,630.41,0.00,559.58,70.83,0.00,0.00,0.00,0.00,0.00,0.00,0.00,0.00,0.00,0.000,0,0.00,0.00,0.00,0.00,630.41,2,1119.16,2,141.66,1,0.00,1260.82,'Earnest Money',0.00,'Option Fee',0.00,'Appraisal',0.00,'',0.00,0,0.22,2,1261.04,0.00,0,0,0,0,NULL,'loan officer'),(35,65,1,0.00,0,1,0.00,1,0.00,1.250,0,0.00,0.00,630.41,0.00,559.58,70.83,0.00,0.00,0.00,0.00,0.00,0.00,0.00,0.00,0.00,0.000,0,0.00,0.00,0.00,0.00,630.41,2,1119.16,2,141.66,1,0.00,1260.82,'Earnest Money',0.00,'Option Fee',0.00,'Appraisal',0.00,'',0.00,0,1.47,2,1262.29,0.00,0,0,0,0,NULL,'loan officer'),(36,65,1,0.00,0,1,0.00,1,0.00,1.250,0,0.00,0.00,630.41,0.00,559.58,70.83,0.00,0.00,0.00,0.00,0.00,0.00,0.00,0.00,0.00,0.000,0,0.00,0.00,0.00,0.00,630.41,2,1119.16,2,141.66,1,0.00,1260.82,'Earnest Money',0.00,'Option Fee',0.00,'Appraisal',0.00,'',0.00,0,1.47,2,1262.29,0.00,0,0,0,0,NULL,'loan officer'),(37,65,1,0.00,0,1,0.00,1,0.00,1.250,0,0.00,0.00,630.41,0.00,559.58,70.83,0.00,0.00,0.00,0.00,0.00,0.00,0.00,0.00,0.00,0.000,0,0.00,0.00,0.00,0.00,630.41,2,1119.16,2,141.66,1,0.00,1260.82,'Earnest Money',0.00,'Option Fee',0.00,'Appraisal',0.00,'',0.00,0,23.69,2,1284.51,0.00,0,0,0,0,NULL,'loan officer'),(38,65,1,0.00,0,1,0.00,1,0.00,1.250,0,0.00,0.00,630.41,0.00,559.58,70.83,0.00,0.00,0.00,0.00,0.00,0.00,0.00,0.00,0.00,0.000,0,0.00,0.00,0.00,0.00,630.41,2,1119.16,2,141.66,1,0.00,1260.82,'Earnest Money',0.00,'Option Fee',0.00,'Appraisal',0.00,'',0.00,0,1.25,2,1262.07,0.00,0,0,0,0,NULL,'loan officer'),(39,66,1,1000000.00,1,1,30000.00,1,0.00,0.000,0,970000.00,970000.00,630.41,0.00,559.58,70.83,0.00,0.00,0.00,0.00,0.00,0.00,97.00,97.00,0.00,0.000,0,0.00,0.00,0.00,0.00,630.41,2,1119.16,2,141.66,1,0.00,1260.82,'Earnest Money',0.00,'Option Fee',0.00,'Appraisal',0.00,'',0.00,0,0.00,0,31260.82,12.00,0,0,0,0,NULL,'loan officer'),(40,66,1,1000000.00,1,8,35000.00,1,0.00,0.000,0,965000.00,965000.00,630.41,0.00,559.58,70.83,0.00,0.00,0.00,0.00,0.00,0.00,96.50,96.50,0.00,0.000,0,0.00,0.00,0.00,0.00,630.41,2,1119.16,2,141.66,1,0.00,1260.82,'Earnest Money',0.00,'Option Fee',0.00,'Appraisal',0.00,'',0.00,0,0.00,0,36260.82,12.00,0,0,0,0,NULL,'loan officer'),(41,66,1,1000000.00,1,8,35000.00,1,5.00,1.250,360,965000.00,965000.00,5875.49,5245.08,559.58,70.83,0.00,0.00,0.00,0.00,0.00,0.00,96.50,96.50,0.00,0.000,0,0.00,0.00,0.00,0.00,5875.49,2,1119.16,2,141.66,1,135.70,1396.52,'Earnest Money',0.00,'Option Fee',0.00,'Appraisal',0.00,'',0.00,0,21588.75,3,57985.27,5.05,0,0,0,0,NULL,'loan officer'),(42,69,1,1000000.00,1,1,30000.00,1,0.00,0.000,0,970000.00,970000.00,630.41,0.00,559.58,70.83,0.00,0.00,0.00,0.00,0.00,0.00,97.00,97.00,0.00,0.000,0,0.00,0.00,0.00,0.00,630.41,2,1119.16,2,141.66,1,0.00,1260.82,'Earnest Money',0.00,'Option Fee',0.00,'Appraisal',0.00,'',0.00,0,0.00,0,31260.82,12.00,0,0,0,0,NULL,'loan officer'),(43,69,1,1000000.00,1,1,30000.00,1,0.00,0.000,0,970000.00,970000.00,630.41,0.00,559.58,70.83,0.00,0.00,0.00,0.00,0.00,0.00,97.00,97.00,0.00,0.000,0,0.00,0.00,0.00,0.00,630.41,2,1119.16,2,141.66,1,0.00,1260.82,'Earnest Money',0.00,'Option Fee',0.00,'Appraisal',0.00,'',0.00,0,0.00,0,31260.82,12.00,0,0,0,0,NULL,'loan officer'),(44,69,1,1000000.00,1,1,30000.00,1,0.00,0.000,0,970000.00,970000.00,630.41,0.00,559.58,70.83,0.00,0.00,0.00,0.00,0.00,0.00,97.00,97.00,0.00,0.000,0,0.00,0.00,0.00,0.00,630.41,2,1119.16,2,141.66,1,0.00,1260.82,'Earnest Money',0.00,'Option Fee',0.00,'Appraisal',0.00,'',0.00,0,52288.00,2,83548.82,12.00,0,0,0,0,NULL,'loan officer'),(45,69,1,1000000.00,1,1,30000.00,1,0.00,0.000,0,970000.00,970000.00,630.41,0.00,559.58,70.83,0.00,0.00,0.00,0.00,0.00,0.00,97.00,97.00,0.00,0.000,0,0.00,0.00,0.00,0.00,630.41,2,1119.16,2,141.66,1,0.00,1260.82,'Earnest Money',0.00,'Option Fee',0.00,'Appraisal',0.00,'',0.00,0,52288.00,2,83548.82,12.00,0,0,0,0,NULL,'loan officer'),(46,69,1,1000000.00,1,1,30000.00,1,0.00,0.000,0,970000.00,970000.00,630.41,0.00,559.58,70.83,0.00,0.00,0.00,0.00,0.00,0.00,97.00,97.00,0.00,0.000,0,0.00,0.00,0.00,0.00,630.41,2,1119.16,2,141.66,1,0.00,1260.82,'Earnest Money',0.00,'Option Fee',0.00,'Appraisal',0.00,'',0.00,0,52288.00,2,83548.82,12.00,0,0,0,0,NULL,'loan officer'),(47,69,1,1000000.00,1,1,30000.00,1,0.00,0.000,0,970000.00,970000.00,630.41,0.00,559.58,70.83,0.00,0.00,0.00,0.00,0.00,0.00,97.00,97.00,0.00,0.000,0,0.00,0.00,0.00,0.00,630.41,2,1119.16,2,141.66,1,0.00,1260.82,'Earnest Money',0.00,'Option Fee',0.00,'Appraisal',0.00,'',0.00,0,52288.00,2,83548.82,12.00,0,0,0,0,NULL,'loan officer'),(48,69,1,1000000.00,1,1,30000.00,1,0.00,0.000,0,970000.00,970000.00,630.41,0.00,559.58,70.83,0.00,0.00,0.00,0.00,0.00,0.00,97.00,97.00,0.00,0.000,0,0.00,0.00,0.00,0.00,630.41,2,1119.16,2,141.66,1,0.00,1260.82,'Earnest Money',0.00,'Option Fee',0.00,'Appraisal',0.00,'',0.00,0,52288.00,2,83548.82,12.00,0,0,0,0,NULL,'loan officer'),(49,69,1,1000000.00,1,1,30000.00,1,0.00,0.000,0,970000.00,970000.00,630.41,0.00,559.58,70.83,0.00,0.00,0.00,0.00,0.00,0.00,97.00,97.00,0.00,0.000,0,0.00,0.00,0.00,0.00,630.41,2,1119.16,2,141.66,1,0.00,1260.82,'Earnest Money',0.00,'Option Fee',0.00,'Appraisal',0.00,'',0.00,0,52288.00,2,83548.82,12.00,0,0,0,0,NULL,'loan officer'),(50,69,1,1000000.00,1,1,30000.00,1,4.50,1.250,12,970000.00,970000.00,83447.58,82817.17,559.58,70.83,0.00,0.00,0.00,0.00,0.00,0.00,97.00,97.00,0.00,0.000,0,0.00,0.00,0.00,0.00,83447.58,2,1119.16,2,141.66,1,121.25,1382.07,'Earnest Money',0.00,'Option Fee',0.00,'Appraisal',0.00,'',0.00,0,64413.00,2,95795.07,20.07,0,0,0,0,NULL,'loan officer'),(51,90,1,400000.00,1,2,20000.00,1,0.00,0.000,0,380000.00,380000.00,630.41,0.00,559.58,70.83,0.00,0.00,0.00,0.00,0.00,0.00,95.00,95.00,0.00,0.000,0,0.00,0.00,0.00,0.00,630.41,2,1119.16,2,141.66,1,0.00,1260.82,'Earnest Money',0.00,'Option Fee',0.00,'Appraisal',0.00,'',0.00,0,0.00,1,21260.82,12.00,0,0,0,0,NULL,'loan officer'),(52,90,1,400000.00,1,2,20000.00,1,0.00,0.000,0,380000.00,380000.00,630.41,0.00,559.58,70.83,0.00,0.00,0.00,10.51,10.51,0.00,95.00,95.00,0.00,0.000,0,0.00,0.00,0.00,0.00,630.41,2,1119.16,2,141.66,1,0.00,1260.82,'Earnest Money',0.00,'Option Fee',0.00,'Appraisal',0.00,'',0.00,0,0.00,1,21260.82,12.00,0,0,0,0,NULL,'loan officer'),(53,90,1,400000.00,1,2,20000.00,1,4.25,0.000,360,380000.00,380000.00,2499.78,1869.37,559.58,70.83,0.00,0.00,0.00,41.66,41.66,0.00,95.00,95.00,0.00,0.000,0,0.00,0.00,0.00,0.00,2499.78,2,1119.16,2,141.66,1,44.86,1305.68,'Earnest Money',0.00,'Option Fee',0.00,'Appraisal',0.00,'',0.00,0,0.00,1,21305.68,4.29,0,0,0,0,NULL,'loan officer'),(54,90,1,400000.00,1,2,20000.00,1,4.25,0.000,360,380000.00,380000.00,2775.28,1869.37,559.58,70.83,0.00,231.17,0.00,46.25,46.25,0.00,95.00,95.00,0.00,0.000,0,0.00,0.00,0.00,0.00,2775.28,2,1119.16,2,141.66,1,44.86,1305.68,'Earnest Money',0.00,'Option Fee',0.00,'Appraisal',0.00,'',0.00,0,0.00,1,21305.68,4.30,0,0,0,0,NULL,'loan officer'),(55,90,1,400000.00,1,2,20000.00,1,4.25,0.000,360,380000.00,380000.00,2775.28,1869.37,559.58,70.83,0.00,231.17,0.00,46.25,46.25,0.00,95.00,95.00,0.00,0.000,0,0.00,0.00,0.00,0.00,2775.28,2,1119.16,2,141.66,1,44.86,1305.68,'Earnest Money',0.00,'Option Fee',0.00,'Appraisal',0.00,'',0.00,0,0.00,1,21305.68,4.30,0,0,0,0,NULL,'loan officer'),(56,90,1,400000.00,1,4,80000.00,1,4.25,0.000,360,320000.00,320000.00,2204.62,1574.21,559.58,70.83,0.00,0.00,0.00,36.74,36.74,0.00,80.00,80.00,0.00,0.000,0,0.00,0.00,0.00,0.00,2204.62,2,1119.16,2,141.66,1,37.78,1298.60,'Earnest Money',0.00,'Option Fee',0.00,'Appraisal',0.00,'',0.00,0,2000.00,5,83298.60,4.29,0,0,0,0,NULL,'loan officer'),(57,90,1,400000.00,0,2,20000.00,1,4.25,0.000,360,380000.00,380000.00,2499.78,1869.37,559.58,70.83,0.00,231.17,0.00,41.66,41.66,0.00,95.00,95.00,0.00,0.000,0,0.00,0.00,0.00,0.00,2499.78,2,1119.16,2,141.66,1,44.86,1305.68,'Earnest Money',0.00,'Option Fee',0.00,'Appraisal',0.00,'',0.00,0,2000.00,5,23305.68,4.34,0,0,0,0,NULL,'loan officer'),(58,93,1,400000.00,1,1,12000.00,1,4.50,0.000,360,388000.00,388000.00,2746.35,1965.94,559.58,70.83,0.00,307.17,0.00,0.00,0.00,0.00,97.00,97.00,0.00,0.000,0,0.00,0.00,0.00,0.00,2746.35,2,1119.16,2,141.66,1,48.50,1309.32,'Earnest Money',0.00,'Option Fee',0.00,'Appraisal',0.00,'',0.00,0,0.00,1,13309.32,4.75,0,0,0,0,NULL,'loan officer'),(59,93,1,400000.00,1,1,12000.00,1,4.50,1.000,360,388000.00,388000.00,2903.52,1965.94,559.58,70.83,0.00,307.17,0.00,0.00,0.00,0.00,97.00,97.00,0.00,0.000,0,0.00,0.00,0.00,0.00,2903.52,2,1119.16,2,141.66,1,48.50,1309.32,'Earnest Money',0.00,'Option Fee',0.00,'Appraisal',0.00,'',0.00,0,12215.00,5,25524.32,5.01,0,0,0,0,NULL,'loan officer'),(60,93,1,400000.00,1,1,12000.00,1,4.50,1.000,360,388000.00,388000.00,3259.18,1965.94,559.58,70.83,0.00,662.83,0.00,54.32,54.32,0.00,97.00,97.00,0.00,0.000,0,0.00,0.00,0.00,0.00,3259.18,2,1119.16,2,141.66,1,48.50,1309.32,'Earnest Money',0.00,'Option Fee',0.00,'Appraisal',0.00,'',0.00,0,12215.00,5,25524.32,4.74,0,0,0,0,NULL,'loan officer'),(61,93,1,400000.00,1,1,12000.00,1,4.50,1.000,360,388000.00,388000.00,3259.18,1965.94,559.58,70.83,0.00,662.83,0.00,54.32,54.32,0.00,97.00,97.00,0.00,0.000,0,0.00,0.00,0.00,0.00,3259.18,3,1678.74,14,991.62,15,727.50,3397.86,'Earnest Money',0.00,'Option Fee',0.00,'Appraisal',0.00,'',0.00,0,12215.00,5,27612.86,4.79,0,0,0,0,NULL,'loan officer'),(62,93,1,400000.00,1,1,12000.00,1,4.50,1.000,360,388000.00,388000.00,3259.18,1965.94,559.58,70.83,0.00,614.33,0.00,54.32,54.32,0.00,97.00,97.00,0.00,0.000,0,0.00,0.00,0.00,0.00,3259.18,3,1678.74,14,991.62,15,727.50,3397.86,'Earnest Money',0.00,'Option Fee',0.00,'Appraisal',0.00,'',0.00,0,12215.00,5,27612.86,4.79,0,0,0,0,NULL,'loan officer'),(63,93,1,400000.00,1,1,12000.00,1,4.50,1.000,360,388000.00,388000.00,3210.68,1965.94,559.58,70.83,0.00,614.33,0.00,53.51,53.51,0.00,97.00,97.00,0.00,0.000,0,0.00,0.00,0.00,0.00,3210.68,3,1678.74,14,991.62,15,727.50,3397.86,'Earnest Money',1000.00,'Option Fee',0.00,'Appraisal',0.00,'',0.00,1000,12215.00,5,26612.86,4.77,0,0,0,0,NULL,'loan officer'),(64,93,1,400000.00,1,1,12000.00,1,4.50,1.000,360,388000.00,388000.00,3210.68,1965.94,559.58,70.83,0.00,614.33,0.00,53.51,53.51,0.00,97.00,97.00,0.00,0.000,0,0.00,0.00,0.00,0.00,3210.68,3,1678.74,14,991.62,15,727.50,3397.86,'Earnest Money',1000.00,'Option Fee',0.00,'Appraisal',0.00,'',0.00,1000,12215.00,5,26612.86,4.77,0,0,0,0,NULL,'loan officer'),(65,93,1,400000.00,1,1,12000.00,1,4.50,1.000,360,388000.00,388000.00,3210.68,1965.94,559.58,70.83,0.00,614.33,0.00,53.51,53.51,0.00,97.00,97.00,0.00,0.000,0,0.00,0.00,0.00,0.00,3210.68,3,1678.74,14,991.62,15,727.50,3397.86,'Earnest Money',1000.00,'Option Fee',0.00,'Appraisal',0.00,'',0.00,1000,12215.00,5,26612.86,5.51,0,0,0,0,NULL,'loan officer'),(71,101,1,400000.00,1,11,400000.00,1,4.50,0.000,360,0.00,0.00,903.83,0.00,559.58,70.83,0.00,0.00,0.00,0.00,0.00,0.00,0.00,0.00,0.00,0.000,0,0.00,0.00,0.00,0.00,903.83,2,1119.16,2,141.66,1,0.00,1260.82,'Earnest Money',0.00,'Option Fee',0.00,'Appraisal',0.00,'',0.00,0,0.00,1,401260.82,5.08,0,0,0,0,NULL,'loan officer'),(81,101,1,400000.00,1,11,400000.00,1,4.50,0.000,360,0.00,0.00,903.83,0.00,559.58,70.83,0.00,0.00,0.00,0.00,0.00,0.00,0.00,0.00,0.00,0.000,0,0.00,0.00,0.00,0.00,903.83,2,1119.16,2,141.66,1,0.00,1260.82,'Earnest Money',0.00,'Option Fee',0.00,'Appraisal',0.00,'',0.00,0,0.00,1,401260.82,5.08,0,0,0,0,NULL,'loan officer'),(91,361,1,0.00,1,1,0.00,1,0.00,0.000,0,0.00,0.00,630.41,0.00,559.58,70.83,0.00,0.00,0.00,0.00,0.00,0.00,0.00,0.00,0.00,0.000,0,0.00,0.00,0.00,0.00,630.41,3,1678.74,14,991.62,15,0.00,2670.36,'Earnest Money',0.00,'Option Fee',0.00,'Appraisal',0.00,'',0.00,0,0.00,1,2670.36,0.00,0,0,0,0,NULL,'loan officer'),(101,361,2,0.00,1,8,0.00,1,0.00,0.000,0,0.00,0.00,630.41,0.00,559.58,70.83,0.00,0.00,0.00,0.00,0.00,0.00,0.00,0.00,0.00,0.000,0,0.00,0.00,0.00,0.00,630.41,0,0.00,0,0.00,0,0.00,0.00,'',NULL,'',NULL,'',NULL,'',NULL,0,0.00,1,0.00,0.00,0,0,0,0,NULL,'loan officer'),(111,381,1,0.00,1,1,0.00,1,0.00,0.000,0,0.00,0.00,630.41,0.00,559.58,70.83,0.00,0.00,0.00,0.00,0.00,0.00,0.00,0.00,0.00,0.000,0,0.00,0.00,0.00,0.00,630.41,3,1678.74,14,991.62,15,0.00,2670.36,'Earnest Money',0.00,'Option Fee',0.00,'Appraisal',0.00,'',0.00,0,0.00,1,2670.36,0.00,0,0,0,0,NULL,'loan officer'),(121,381,1,0.00,1,1,0.00,1,0.00,0.000,0,0.00,0.00,630.41,0.00,559.58,70.83,0.00,0.00,0.00,0.00,0.00,0.00,0.00,0.00,0.00,0.000,0,0.00,0.00,0.00,0.00,630.41,3,1678.74,14,991.62,15,0.00,2670.36,'Earnest Money',0.00,'Option Fee',0.00,'Appraisal',0.00,'',0.00,0,0.00,1,2670.36,0.00,0,0,0,0,NULL,'loan officer'),(131,381,1,0.00,1,1,0.00,1,0.00,0.000,0,0.00,0.00,630.41,0.00,559.58,70.83,0.00,0.00,0.00,0.00,0.00,0.00,0.00,0.00,0.00,0.000,0,0.00,0.00,0.00,0.00,630.41,3,1678.74,14,991.62,15,0.00,2670.36,'Earnest Money',0.00,'Option Fee',0.00,'Appraisal',0.00,'',0.00,0,0.00,1,2670.36,0.00,0,0,0,0,NULL,'loan officer'),(141,381,1,0.00,1,1,0.00,1,0.00,0.000,0,0.00,0.00,630.41,0.00,559.58,70.83,0.00,0.00,0.00,0.00,0.00,0.00,0.00,0.00,0.00,0.000,0,0.00,0.00,0.00,0.00,630.41,3,1678.74,14,991.62,15,0.00,2670.36,'Earnest Money',1000.00,'Option Fee',0.00,'Appraisal',0.00,'',0.00,1000,0.00,1,1670.36,0.00,0,0,0,0,NULL,'loan officer'),(151,381,1,400000.00,1,2,20000.00,1,4.50,1.000,360,380000.00,380000.00,2831.31,1925.40,559.58,70.83,0.00,275.50,0.00,28.31,33.31,0.00,95.00,95.00,0.00,0.000,0,0.00,0.00,0.00,0.00,2831.31,3,1678.74,14,991.62,15,712.50,3382.86,'Earnest Money',1000.00,'Option Fee',0.00,'Appraisal',0.00,'',0.00,1000,12350.00,21,34732.86,5.03,0,0,0,0,NULL,'loan officer'),(161,381,1,400000.00,1,2,20000.00,1,4.50,1.000,360,380000.00,380000.00,2831.31,1925.40,559.58,70.83,0.00,275.50,0.00,28.31,33.31,0.00,95.00,95.00,0.00,0.000,0,0.00,0.00,0.00,0.00,2831.31,3,1678.74,14,991.62,15,712.50,3382.86,'Earnest Money',1000.00,'Option Fee',0.00,'Appraisal',0.00,'',0.00,1000,12350.00,21,34732.86,5.03,0,0,0,0,NULL,'loan officer'),(171,381,1,400000.00,1,2,20000.00,1,4.50,1.000,360,380000.00,380000.00,2831.31,1925.40,559.58,70.83,0.00,275.50,0.00,28.31,33.31,0.00,95.00,95.00,0.00,0.000,0,0.00,0.00,0.00,0.00,2831.31,3,1678.74,14,991.62,15,712.50,3382.86,'Earnest Money',1000.00,'Option Fee',0.00,'Appraisal',0.00,'',0.00,1000,12350.00,21,34732.86,5.03,0,0,0,0,NULL,'loan officer'),(181,381,1,400000.00,1,2,20000.00,1,4.50,1.000,360,380000.00,380000.00,2831.31,1925.40,559.58,70.83,0.00,275.50,0.00,28.31,33.31,0.00,95.00,95.00,0.00,0.000,360,0.00,0.00,0.00,0.00,2831.31,3,1678.74,14,991.62,15,712.50,3382.86,'Earnest Money',1000.00,'Option Fee',0.00,'Appraisal',0.00,'',0.00,1000,12350.00,21,34732.86,5.03,0,0,0,0,NULL,'loan officer'),(191,481,1,0.00,1,1,0.00,1,0.00,0.000,0,0.00,0.00,630.41,0.00,559.58,70.83,0.00,0.00,0.00,0.00,0.00,0.00,0.00,0.00,0.00,0.000,0,0.00,0.00,0.00,0.00,630.41,3,1678.74,14,991.62,15,0.00,2670.36,'Earnest Money',0.00,'Option Fee',0.00,'Appraisal',0.00,'',0.00,0,0.00,1,2670.36,0.00,0,0,0,0,NULL,'loan officer'),(201,611,1,0.00,1,1,0.00,1,0.00,0.000,0,0.00,0.00,630.41,0.00,559.58,70.83,0.00,0.00,0.00,0.00,0.00,0.00,0.00,0.00,0.00,0.000,0,0.00,0.00,0.00,0.00,630.41,3,1678.74,14,991.62,15,0.00,2670.36,'Earnest Money',0.00,'Option Fee',0.00,'Appraisal',0.00,'',0.00,0,0.00,1,2670.36,0.00,0,0,0,0,NULL,'loan officer'),(211,611,1,0.00,1,1,0.00,1,0.00,0.000,0,0.00,0.00,630.41,0.00,559.58,70.83,0.00,0.00,0.00,0.00,0.00,0.00,0.00,0.00,0.00,0.000,0,0.00,0.00,0.00,0.00,630.41,3,1678.74,14,991.62,15,0.00,2670.36,'Earnest Money',0.00,'Option Fee',0.00,'Appraisal',0.00,'',0.00,0,0.00,1,2670.36,0.00,0,0,0,0,NULL,'loan officer'),(221,621,1,0.00,1,1,0.00,1,0.00,0.000,0,0.00,0.00,630.41,0.00,559.58,70.83,0.00,0.00,0.00,0.00,0.00,0.00,0.00,0.00,0.00,0.000,0,0.00,0.00,0.00,0.00,630.41,3,1678.74,14,991.62,15,0.00,2670.36,'Earnest Money',0.00,'Option Fee',0.00,'Appraisal',0.00,'',0.00,0,0.00,1,2670.36,0.00,0,0,0,0,NULL,'loan officer'),(231,631,1,0.00,1,1,0.00,1,0.00,0.000,0,0.00,0.00,630.41,0.00,559.58,70.83,0.00,0.00,0.00,0.00,0.00,0.00,0.00,0.00,0.00,0.000,0,0.00,0.00,0.00,0.00,630.41,3,1678.74,14,991.62,15,0.00,2670.36,'Earnest Money',0.00,'Option Fee',0.00,'Appraisal',0.00,'',0.00,0,0.00,1,2670.36,0.00,0,0,0,0,NULL,'loan officer'),(241,661,1,0.00,1,1,0.00,1,0.00,0.000,0,0.00,0.00,630.41,0.00,559.58,70.83,0.00,0.00,0.00,0.00,0.00,0.00,0.00,0.00,0.00,0.000,0,0.00,0.00,0.00,0.00,630.41,3,1678.74,14,991.62,15,0.00,2670.36,'Earnest Money',0.00,'Option Fee',0.00,'Appraisal',0.00,'',0.00,0,0.00,1,2670.36,0.00,0,0,0,0,NULL,'loan officer'),(251,671,1,0.00,1,1,0.00,1,0.00,0.000,0,0.00,0.00,630.41,0.00,559.58,70.83,0.00,0.00,0.00,0.00,0.00,0.00,0.00,0.00,0.00,0.000,0,0.00,0.00,0.00,0.00,630.41,3,1678.74,14,991.62,15,0.00,2670.36,'Earnest Money',0.00,'Option Fee',0.00,'Appraisal',0.00,'',0.00,0,0.00,1,2670.36,0.00,0,0,0,0,NULL,'loan officer'),(261,681,1,0.00,1,1,0.00,1,0.00,0.000,0,0.00,0.00,630.41,0.00,559.58,70.83,0.00,0.00,0.00,0.00,0.00,0.00,0.00,0.00,0.00,0.000,0,0.00,0.00,0.00,0.00,630.41,3,1678.74,14,991.62,15,0.00,2670.36,'Earnest Money',0.00,'Option Fee',0.00,'Appraisal',0.00,'',0.00,0,0.00,1,2670.36,0.00,0,0,0,0,NULL,'loan officer'),(271,691,1,0.00,1,1,0.00,1,0.00,0.000,0,0.00,0.00,630.41,0.00,559.58,70.83,0.00,0.00,0.00,0.00,0.00,0.00,0.00,0.00,0.00,0.000,0,0.00,0.00,0.00,0.00,630.41,3,1678.74,14,991.62,15,0.00,2670.36,'Earnest Money',0.00,'Option Fee',0.00,'Appraisal',0.00,'',0.00,0,0.00,1,2670.36,0.00,0,0,0,0,NULL,'loan officer'),(281,681,1,0.00,1,1,0.00,1,0.00,0.000,0,0.00,0.00,630.41,0.00,559.58,70.83,0.00,0.00,0.00,0.00,0.00,0.00,0.00,0.00,0.00,0.000,0,0.00,0.00,0.00,0.00,630.41,3,1678.74,14,991.62,15,0.00,2670.36,'Earnest Money',0.00,'Option Fee',0.00,'Appraisal',0.00,'',0.00,0,0.00,1,2670.36,0.00,0,0,0,0,NULL,'loan officer'),(291,701,1,0.00,1,1,0.00,1,0.00,0.000,0,0.00,0.00,630.41,0.00,559.58,70.83,0.00,0.00,0.00,0.00,0.00,0.00,0.00,0.00,0.00,0.000,0,0.00,0.00,0.00,0.00,630.41,3,1678.74,14,991.62,15,0.00,2670.36,'Earnest Money',0.00,'Option Fee',0.00,'Appraisal',0.00,'',0.00,0,0.00,1,2670.36,0.00,0,0,0,0,NULL,'loan officer'),(301,771,1,400000.00,1,1,12000.00,1,4.63,1.000,360,388000.00,388000.00,2868.93,1996.02,559.58,70.83,0.00,242.50,0.00,0.00,0.00,0.00,97.00,97.00,0.00,0.000,0,0.00,0.00,0.00,0.00,2868.93,3,1678.74,14,991.62,15,748.52,3418.88,'Earnest Money',1000.00,'Option Fee',0.00,'Appraisal',0.00,'',0.00,1000,9949.00,21,24367.88,5.11,0,0,0,0,NULL,'loan officer'),(311,791,1,375000.00,1,4,125000.00,1,4.63,0.000,0,250000.00,250000.00,1794.58,964.58,575.00,55.00,200.00,0.00,0.00,17.09,23.04,0.00,66.67,66.67,0.00,0.000,0,0.00,0.00,0.00,0.00,1794.58,3,1725.00,15,825.00,15,482.29,3032.29,'Earnest Money',0.00,'Option Fee',0.00,'Appraisal',0.00,'',0.00,0,3545.00,31,131577.29,12.00,0,0,0,0,NULL,'loan officer'),(321,791,1,350000.00,1,4,125000.00,1,4.63,0.000,0,225000.00,225000.00,1773.13,868.13,575.00,55.00,275.00,0.00,0.00,18.66,25.24,0.00,64.29,64.29,0.00,0.000,0,0.00,0.00,0.00,0.00,1773.13,3,1725.00,15,825.00,15,434.06,2984.06,'Earnest Money',0.00,'Option Fee',0.00,'Appraisal',0.00,'',0.00,0,3545.00,31,131529.06,12.00,0,0,0,0,NULL,'loan officer'),(331,381,1,400000.00,1,2,20000.00,1,4.50,1.500,360,380000.00,380000.00,2786.98,1925.40,559.58,70.83,0.00,231.17,0.00,27.87,32.87,0.00,95.00,95.00,0.00,0.000,360,0.00,0.00,0.00,0.00,2786.98,3,1678.74,14,991.62,15,712.50,3382.86,'Earnest Money',1000.00,'Option Fee',0.00,'Appraisal',0.00,'',0.00,1000,13001.00,21,35383.86,4.97,0,0,0,0,NULL,'loan officer'),(341,891,1,1000000.00,1,1,30000.00,1,5.00,1.125,360,970000.00,970000.00,7696.75,5207.17,559.58,70.83,0.00,1859.17,0.00,85.52,85.52,0.00,97.00,97.00,0.00,0.000,0,0.00,0.00,0.00,0.00,7696.75,3,1678.74,15,1062.45,15,2020.83,4762.02,'Earnest Money',0.00,'Option Fee',1000.00,'Appraisal',0.00,'',0.00,1000,5700.00,41,39462.02,6.08,0,0,0,0,NULL,'loan officer'),(351,891,1,1000000.00,1,1,30000.00,1,5.00,1.125,360,970000.00,970000.00,7696.75,5207.17,559.58,70.83,0.00,1859.17,0.00,85.52,85.52,0.00,97.00,97.00,0.00,0.000,0,0.00,0.00,0.00,0.00,7696.75,3,1678.74,15,1062.45,15,2020.83,4762.02,'Earnest Money',0.00,'Option Fee',1000.00,'Appraisal',0.00,'',0.00,1000,5700.00,41,39462.02,6.08,0,0,0,0,NULL,'loan officer'),(361,891,1,1000000.00,1,1,30000.00,1,5.00,1.125,360,970000.00,970000.00,6767.16,5207.17,559.58,70.83,0.00,1859.17,0.00,75.19,75.19,0.00,97.00,97.00,0.00,0.000,0,0.00,0.00,0.00,0.00,6767.16,3,1678.74,15,1062.45,15,2020.83,4762.02,'Earnest Money',0.00,'Option Fee',1000.00,'Appraisal',0.00,'',0.00,1000,5700.00,41,39462.02,6.08,0,0,0,0,NULL,'loan officer'),(371,891,1,1000000.00,1,1,30000.00,1,5.00,1.125,360,970000.00,970000.00,6767.16,5207.17,559.58,70.83,0.00,1859.17,0.00,75.19,75.19,0.00,97.00,97.00,0.00,0.000,0,0.00,0.00,0.00,0.00,6767.16,3,1678.74,15,1062.45,15,2020.83,4762.02,'Earnest Money',0.00,'Option Fee',1000.00,'Appraisal',0.00,'',0.00,1000,5700.00,41,39462.02,6.08,0,0,0,0,NULL,'loan officer'),(381,20,1,0.00,1,1,0.00,1,0.00,0.000,0,0.00,0.00,630.41,0.00,559.58,70.83,0.00,0.00,0.00,0.00,0.00,0.00,0.00,0.00,0.00,0.000,0,0.00,0.00,0.00,0.00,630.41,2,1119.16,4,283.32,5,0.00,1402.48,'Earnest Money',0.00,'Option Fee',0.00,'Appraisal',0.00,'',0.00,0,0.00,NULL,1402.48,0.00,0,0,0,0,NULL,'loan officer'),(391,20,1,0.00,1,1,0.00,1,0.00,0.000,0,0.00,0.00,630.41,0.00,559.58,70.83,0.00,0.00,0.00,0.00,0.00,0.00,0.00,0.00,0.00,0.000,0,0.00,0.00,0.00,0.00,630.41,2,1119.16,4,283.32,5,0.00,1402.48,'Earnest Money',0.00,'Option Fee',0.00,'Appraisal',0.00,'',0.00,0,0.00,NULL,1402.48,0.00,0,0,0,0,NULL,'loan officer'),(401,891,1,1000000.00,1,1,30000.00,1,5.00,1.125,360,970000.00,970000.00,6767.16,5207.17,559.58,70.83,0.00,1859.17,0.00,75.19,75.19,0.00,97.00,97.00,0.00,0.000,0,0.00,0.00,0.00,0.00,6767.16,3,1678.74,15,1062.45,15,2020.83,4762.02,'Earnest Money',0.00,'Option Fee',1000.00,'Appraisal',0.00,'',0.00,1000,5700.00,41,39462.02,6.08,0,0,0,0,NULL,'loan officer'),(411,891,1,1000000.00,1,1,30000.00,1,5.00,1.125,360,970000.00,970000.00,6767.16,5207.17,559.58,70.83,0.00,1859.17,0.00,75.19,75.19,0.00,97.00,97.00,0.00,0.000,0,0.00,0.00,0.00,0.00,6767.16,3,1678.74,15,1062.45,15,2020.83,4762.02,'Earnest Money',0.00,'Option Fee',1000.00,'Appraisal',0.00,'',0.00,1000,5700.00,41,39462.02,6.08,0,0,0,0,NULL,'loan officer'),(421,20,1,0.00,1,1,0.00,1,0.00,0.000,0,0.00,0.00,630.41,0.00,559.58,70.83,0.00,0.00,0.00,0.00,0.00,0.00,0.00,0.00,0.00,0.000,0,0.00,0.00,0.00,0.00,630.41,2,1119.16,4,283.32,5,0.00,1402.48,'Earnest Money',0.00,'Option Fee',0.00,'Appraisal',0.00,'',0.00,0,0.00,NULL,1402.48,0.00,0,0,0,0,NULL,'loan officer'),(431,791,1,350000.00,1,4,125000.00,1,4.63,0.000,0,225000.00,225000.00,1773.13,868.13,575.00,55.00,275.00,0.00,0.00,18.66,25.24,0.00,64.29,64.29,0.00,0.000,0,0.00,0.00,0.00,0.00,1773.13,3,1725.00,15,825.00,15,434.06,2984.06,'Earnest Money',0.00,'Option Fee',0.00,'Appraisal',0.00,'',0.00,0,3545.00,31,131529.06,12.00,0,0,0,0,NULL,'loan officer'),(441,911,1,0.00,1,1,0.00,1,0.00,0.000,0,0.00,0.00,630.41,0.00,559.58,70.83,0.00,0.00,0.00,0.00,0.00,0.00,0.00,0.00,0.00,0.000,0,0.00,0.00,0.00,0.00,630.41,3,1678.74,15,1062.45,15,0.00,2741.19,'Earnest Money',0.00,'Option Fee',0.00,'Appraisal',0.00,'',0.00,0,0.00,1,2741.19,0.00,0,0,0,0,NULL,'loan officer'),(451,911,1,0.00,1,1,0.00,1,0.00,0.000,0,0.00,0.00,630.41,0.00,559.58,70.83,0.00,0.00,0.00,0.00,0.00,0.00,0.00,0.00,0.00,0.000,0,0.00,0.00,0.00,0.00,630.41,3,1678.74,15,1062.45,15,0.00,2741.19,'Earnest Money',0.00,'Option Fee',0.00,'Appraisal',0.00,'',0.00,0,0.00,1,2741.19,0.00,0,0,0,0,NULL,'loan officer'),(461,911,1,0.00,1,1,0.00,1,0.00,0.000,0,0.00,0.00,630.41,0.00,559.58,70.83,0.00,0.00,0.00,0.00,0.00,0.00,0.00,0.00,0.00,0.000,0,0.00,0.00,0.00,0.00,630.41,3,1678.74,15,1062.45,15,0.00,2741.19,'Earnest Money',0.00,'Option Fee',0.00,'Appraisal',0.00,'',0.00,0,0.00,1,2741.19,0.00,0,0,0,0,NULL,'loan officer'),(471,20,1,0.00,1,1,0.00,1,0.00,0.000,0,0.00,0.00,630.41,0.00,559.58,70.83,0.00,0.00,0.00,0.00,0.00,0.00,0.00,0.00,0.00,0.000,0,0.00,0.00,0.00,0.00,630.41,2,1119.16,4,283.32,5,0.00,1402.48,'Earnest Money',0.00,'Option Fee',0.00,'Appraisal',0.00,'',0.00,0,0.00,NULL,1402.48,0.00,0,0,0,0,NULL,'loan officer'),(481,891,1,1000000.00,1,1,30000.00,1,5.00,1.125,360,970000.00,970000.00,7696.75,5207.17,559.58,70.83,0.00,1859.17,0.00,85.52,85.52,0.00,97.00,97.00,0.00,0.000,0,0.00,0.00,0.00,0.00,7696.75,3,1678.74,15,1062.45,15,2020.83,4762.02,'Earnest Money',0.00,'Option Fee',1000.00,'Appraisal',0.00,'',0.00,1000,5700.00,41,39462.02,6.08,0,0,0,0,NULL,'loan officer'),(491,791,1,150000.00,1,8,5250.00,1,5.50,0.000,0,144750.00,144750.00,805.63,663.44,2.75,55.00,0.00,84.44,0.00,32.01,32.01,0.00,98.19,96.50,0.00,0.000,0,0.00,0.00,0.00,0.00,805.63,3,8.25,15,825.00,15,337.52,1170.77,'Earnest Money',0.00,'Option Fee',0.00,'Appraisal',0.00,'',0.00,0,6078.13,31,9965.77,12.00,0,0,0,0,NULL,'loan officer');
/*!40000 ALTER TABLE `loan_options_history` ENABLE KEYS */;
UNLOCK TABLES;

--
-- Table structure for table `loanofficer_master`
--

DROP TABLE IF EXISTS `loanofficer_master`;
/*!40101 SET @saved_cs_client     = @@character_set_client */;
/*!40101 SET character_set_client = utf8 */;
CREATE TABLE `loanofficer_master` (
  `id` int(10) NOT NULL AUTO_INCREMENT,
  `name` varchar(250) NOT NULL,
  `email` varchar(250) NOT NULL,
  `photo` varchar(250) NOT NULL,
  `phone` bigint(10) NOT NULL,
  `address` varchar(250) NOT NULL,
  `state` varchar(50) NOT NULL,
  `zipcode` int(10) NOT NULL,
  `lender` varchar(250) NOT NULL,
  `password` varchar(50) NOT NULL,
  `knowus` varchar(100) NOT NULL,
  `planid` int(11) NOT NULL DEFAULT '0',
  `stripeid` varchar(100) NOT NULL DEFAULT '-',
  `startdate` date NOT NULL DEFAULT '0000-00-00',
  `enddate` date NOT NULL DEFAULT '0000-00-00',
  `status` varchar(10) NOT NULL DEFAULT '-',
  PRIMARY KEY (`id`)
) ENGINE=InnoDB AUTO_INCREMENT=131 DEFAULT CHARSET=latin1;
/*!40101 SET character_set_client = @saved_cs_client */;

--
-- Dumping data for table `loanofficer_master`
--

LOCK TABLES `loanofficer_master` WRITE;
/*!40000 ALTER TABLE `loanofficer_master` DISABLE KEYS */;
INSERT INTO `loanofficer_master` VALUES (1,'vishal patel','vishal@gmail.com','images/photo/CB-4566.png',7574865414,'Rajkot','GUJRAT',360002,'','123','',1,'cus_BkS7r6UpAi2y4F','2017-11-11','2018-03-11',''),(17,'Naimish PAtel','naimish@gmail.com','',7674865414,'Rajkot','',360002,'','123','From a friend',0,'-','0000-00-00','0000-00-00',''),(18,'Vimal PAtel','vimal@gmail.com','',7574865414,'','',0,'','123','On the internet',0,'-','0000-00-00','0000-00-00',''),(19,'Ajay Patel','ajay@gmail.com','',8899665522,'','',0,'','123','From a colleague',0,'-','0000-00-00','0000-00-00',''),(20,'Vinay Harsora','vinay@gmail.com','',7598658565,'','',0,'','123','From a friend',0,'-','0000-00-00','0000-00-00',''),(21,'vikas patel','vikas@gmail.com','',8569564758,'','',0,'','123','From a friend',0,'-','0000-00-00','0000-00-00',''),(22,'sailesh patel','sailesh@gmail.com','',9865254552,'','',0,'','123','Flyer',0,'-','0000-00-00','0000-00-00',''),(23,'Bharat Patel','bharat@gmail.com','',9988774455,'','',0,'','123','On the internet',1,'cus_BkS7r6UpAi2y4F','2017-11-11','2017-12-11','Active'),(24,'Suresh patel','suresh@gmail.com','',9896585654,'','',0,'','123','From a friend',1,'cus_BkSBAEhyeLHmSv','2017-11-11','2017-12-11','Active'),(25,'Ranjit Patel','ranjit@gmail.com','',8956265445,'','',0,'','123','Email',1,'cus_BkSDAtv0GKTszK','2017-11-11','2017-12-11','Active'),(26,'Suresh patel','suresh@gmail.com','',9896585654,'','',0,'','1234','From a friend',1,'cus_BkY1YHqFhTrf6Y','2017-11-11','2017-10-11','Active'),(27,'Manish patel','manish@gmail.com','',9865256525,'','',0,'','123','SMS',1,'cus_BkkECq4QtJSkHg','2017-11-11','2017-12-11','Active'),(35,'vishal patel','vishal.rkcet@gmail.com','',7574865414,'','',0,'','123','On the internet',1,'cus_BlANKT1yuQtXa3','2017-11-11','2017-12-11','Active'),(36,'Vishal Akbari','vishal.rkcet@gmail.com','',9898656525,'','',0,'','123','From a friend',1,'cus_BlAOEIoqa9DVRS','2017-11-11','2017-12-11','Active'),(37,'Sanjay Patel','vishalpatel16@gmail.com','',9865256525,'','',0,'','123','From a friend',1,'cus_BlAYdIThZCAjB6','2017-11-11','2017-12-11','Active'),(38,'Manish Bhatt','vishal.rkcet@gmail.com','',7856985654,'','',0,'','123','On the internet',1,'cus_BlAfnPnwMpdJJH','2017-11-11','2017-12-11','Active'),(39,'Ram Patel','rampatel@gmail.com','',9875456525,'','',0,'','123456','Email',1,'cus_BlApBqzq8ujoqq','2017-11-11','2017-12-11','Active'),(40,'Vijay Patel','vishal.rkcet@gmail.com','',7894561452,'','',0,'','123','From a friend',1,'cus_BlAyLwogTeDVFe','2017-11-11','2017-12-11','Active'),(41,'Sanu Shaikh','sanu@gmail.com','',9874569856,'','',0,'','123','On the internet',1,'cus_BlCHa45nGvDmT7','2017-11-11','2017-12-11','Active'),(42,'Sanu Patel','sanupatel@gmail.com','',7698903070,'','',0,'','123','From a colleague',1,'cus_BlCJwj7b6broBL','2017-11-11','2017-12-11','Active'),(43,'ankur patel','ankur@gmail.com','',9865256525,'','',0,'','123','On the internet',1,'cus_BlS1LqGEKf9I9j','2017-11-11','2017-12-11','Active'),(51,'Anil Patel','anilpatel@gmail.com','',7698903070,'Rajkot','Alabama',360002,'','123','On the internet',1,'cus_CUatwZjwIO55Aa','2017-11-11','2017-12-11','Active'),(61,'BenLO','martyn.benjamin@gmail.com','',123456789,'102, Mle Place','Tennessee',11710,'ABC','123','On the internet',1,'cus_CUblBzi6CxDTWR','2017-11-11','2017-12-11','Active'),(71,'AnotherT','another.t@eai.com','',1241432552,'','',11710,'','123','From a friend',0,'-','0000-00-00','0000-00-00','-'),(81,'NewT','abc@newt.com','',1245235,'','',0,'','123','From a colleague',0,'-','0000-00-00','0000-00-00','-'),(91,'NewT','abc@newt.com','',1245235,'','',0,'','123','From a colleague',0,'-','0000-00-00','0000-00-00','-'),(111,'Ankit Patel','ankit@gmail.com','',9865326523,'','Alabama',0,'','123','On the internet',0,'-','0000-00-00','0000-00-00','-'),(121,'Revised','rate@revised.com','',1241423453,'','',0,'','123','From a colleague',0,'-','0000-00-00','0000-00-00','-');
/*!40000 ALTER TABLE `loanofficer_master` ENABLE KEYS */;
UNLOCK TABLES;

--
-- Table structure for table `loans`
--

DROP TABLE IF EXISTS `loans`;
/*!40101 SET @saved_cs_client     = @@character_set_client */;
/*!40101 SET character_set_client = utf8 */;
CREATE TABLE `loans` (
  `id` int(11) NOT NULL AUTO_INCREMENT,
  `qualifyingCreditScore` int(11) DEFAULT NULL,
  `preApprovalCode` varchar(55) DEFAULT NULL,
  `stateId` varchar(11) DEFAULT NULL,
  `totalIncome` decimal(15,2) DEFAULT NULL,
  `totalDebts` decimal(15,2) DEFAULT NULL,
  `createAt` datetime DEFAULT NULL,
  `updateAt` datetime DEFAULT NULL,
  `lastUpdatedBy` varchar(100) DEFAULT NULL,
  PRIMARY KEY (`id`)
) ENGINE=InnoDB AUTO_INCREMENT=991 DEFAULT CHARSET=latin1;
/*!40101 SET character_set_client = @saved_cs_client */;

--
-- Dumping data for table `loans`
--

LOCK TABLES `loans` WRITE;
/*!40000 ALTER TABLE `loans` DISABLE KEYS */;
INSERT INTO `loans` VALUES (1,0,NULL,NULL,0.00,0.00,'2017-11-09 10:48:37','2017-11-13 16:43:59','loan officer'),(2,0,NULL,NULL,0.00,0.00,'2017-11-09 10:48:48','2017-11-09 10:50:28',NULL),(3,NULL,NULL,NULL,NULL,NULL,'2017-11-11 06:01:06',NULL,NULL),(4,NULL,NULL,NULL,NULL,NULL,'2017-11-11 06:03:03',NULL,NULL),(5,NULL,NULL,NULL,NULL,NULL,'2017-11-11 06:13:29',NULL,NULL),(6,NULL,NULL,NULL,NULL,NULL,'2017-11-11 06:13:29',NULL,NULL),(7,0,NULL,NULL,0.00,0.00,'2017-11-11 06:18:14','2017-11-11 06:18:22',NULL),(8,NULL,NULL,NULL,NULL,NULL,'2017-11-11 07:47:17',NULL,NULL),(9,NULL,NULL,NULL,NULL,NULL,'2017-11-11 12:44:31',NULL,NULL),(10,NULL,NULL,NULL,NULL,NULL,'2017-11-11 12:44:51',NULL,NULL),(11,NULL,NULL,NULL,NULL,NULL,'2017-11-11 12:44:54',NULL,NULL),(12,NULL,NULL,NULL,NULL,NULL,'2017-11-11 12:44:58',NULL,NULL),(13,NULL,NULL,NULL,NULL,NULL,'2017-11-11 12:45:00',NULL,NULL),(14,NULL,NULL,NULL,NULL,NULL,'2017-11-11 12:45:00',NULL,NULL),(15,NULL,NULL,NULL,NULL,NULL,'2017-11-11 12:45:00',NULL,NULL),(16,0,NULL,NULL,0.00,0.00,'2017-11-11 12:45:31','2017-11-14 14:34:44','customer'),(17,NULL,NULL,NULL,NULL,NULL,'2017-11-11 12:45:49',NULL,NULL),(18,NULL,NULL,NULL,NULL,NULL,'2017-11-11 12:45:49',NULL,NULL),(19,NULL,NULL,NULL,NULL,NULL,'2018-01-13 13:27:42',NULL,'loan officer'),(20,0,NULL,'AS',0.00,0.00,'2018-01-13 13:27:42','2018-03-16 08:56:32','loan officer'),(21,NULL,NULL,NULL,NULL,NULL,'2018-01-13 13:40:38',NULL,'loan officer'),(22,NULL,NULL,NULL,NULL,NULL,'2018-01-13 13:40:39',NULL,'loan officer'),(23,NULL,NULL,NULL,NULL,NULL,'2018-01-13 15:03:53',NULL,'loan officer'),(24,NULL,NULL,NULL,NULL,NULL,'2018-01-15 18:39:12',NULL,'loan officer'),(25,NULL,NULL,NULL,NULL,NULL,'2018-01-15 18:39:13',NULL,'loan officer'),(26,NULL,NULL,NULL,NULL,NULL,'2018-01-20 05:52:54',NULL,'loan officer'),(27,0,NULL,NULL,0.00,0.00,'2018-01-20 05:52:54','2018-01-20 07:19:30','loan officer'),(28,NULL,NULL,NULL,NULL,NULL,'2018-01-20 07:19:44',NULL,'loan officer'),(29,0,NULL,NULL,0.00,0.00,'2018-01-20 07:19:44','2018-01-20 07:30:55','loan officer'),(30,NULL,NULL,NULL,NULL,NULL,'2018-01-21 06:13:29',NULL,'loan officer'),(31,NULL,NULL,NULL,NULL,NULL,'2018-01-21 06:13:35',NULL,'loan officer'),(32,NULL,NULL,NULL,NULL,NULL,'2018-01-21 09:48:26',NULL,'loan officer'),(33,NULL,NULL,NULL,NULL,NULL,'2018-01-21 09:49:30',NULL,'loan officer'),(34,NULL,NULL,NULL,NULL,NULL,'2018-01-21 11:08:00',NULL,'loan officer'),(35,NULL,NULL,NULL,NULL,NULL,'2018-01-21 11:08:03',NULL,'loan officer'),(36,0,NULL,NULL,0.00,0.00,'2018-01-21 11:47:31','2018-01-21 12:26:17','loan officer'),(37,NULL,NULL,NULL,NULL,NULL,'2018-01-21 15:31:10',NULL,'loan officer'),(38,0,NULL,NULL,0.00,0.00,'2018-01-26 17:09:41','2018-01-27 07:39:08','loan officer'),(39,0,NULL,NULL,6000.00,0.00,'2018-01-27 07:44:04','2018-01-27 09:03:29','loan officer'),(40,0,NULL,NULL,0.00,0.00,'2018-02-05 18:49:46','2018-02-05 19:55:47','loan officer'),(41,NULL,NULL,NULL,NULL,NULL,'2018-02-05 19:55:57',NULL,'loan officer'),(42,NULL,NULL,NULL,0.00,0.00,'2018-02-05 19:56:06','2018-02-05 19:56:11','loan officer'),(43,0,NULL,NULL,0.00,0.00,'2018-02-05 20:02:59','2018-02-05 20:05:17','loan officer'),(44,NULL,NULL,NULL,0.00,0.00,'2018-02-05 20:05:24','2018-02-05 20:05:28','loan officer'),(45,NULL,NULL,NULL,0.00,0.00,'2018-02-05 20:06:14','2018-02-05 20:06:16','loan officer'),(46,NULL,NULL,NULL,0.00,0.00,'2018-02-05 20:10:42','2018-02-05 20:10:46','loan officer'),(47,0,NULL,NULL,0.00,0.00,'2018-02-05 20:15:09','2018-02-05 20:15:10','loan officer'),(48,NULL,NULL,NULL,NULL,NULL,'2018-02-05 20:52:44',NULL,'loan officer'),(49,NULL,NULL,NULL,NULL,NULL,'2018-02-05 20:53:18',NULL,'loan officer'),(50,NULL,NULL,NULL,NULL,NULL,'2018-02-05 20:54:31',NULL,'loan officer'),(51,0,NULL,NULL,0.00,0.00,'2018-02-05 20:55:12','2018-02-05 21:12:04','loan officer'),(52,NULL,NULL,NULL,NULL,NULL,'2018-02-08 11:40:49',NULL,'loan officer'),(53,NULL,NULL,NULL,NULL,NULL,'2018-02-08 11:40:52',NULL,'loan officer'),(54,NULL,NULL,NULL,NULL,NULL,'2018-02-08 16:16:49',NULL,'loan officer'),(55,NULL,NULL,NULL,NULL,NULL,'2018-02-09 15:16:41',NULL,'loan officer'),(56,NULL,NULL,NULL,NULL,NULL,'2018-02-09 15:16:53',NULL,'loan officer'),(57,NULL,NULL,NULL,NULL,NULL,'2018-02-09 15:17:03',NULL,'loan officer'),(58,NULL,NULL,NULL,NULL,NULL,'2018-02-10 10:16:18',NULL,'loan officer'),(59,NULL,NULL,NULL,NULL,NULL,'2018-02-10 10:16:28',NULL,'loan officer'),(60,NULL,NULL,NULL,NULL,NULL,'2018-02-10 10:16:52',NULL,'loan officer'),(61,NULL,NULL,NULL,NULL,NULL,'2018-02-10 11:24:26',NULL,'loan officer'),(62,NULL,NULL,NULL,NULL,NULL,'2018-02-11 06:49:47',NULL,'loan officer'),(63,NULL,NULL,NULL,NULL,NULL,'2018-02-11 08:35:33',NULL,'loan officer'),(64,0,NULL,NULL,0.00,0.00,'2018-02-11 10:07:14','2018-02-11 10:07:44','loan officer'),(65,0,NULL,NULL,0.00,0.00,'2018-02-17 06:37:21','2018-02-18 09:05:33','loan officer'),(66,0,NULL,NULL,0.00,0.00,'2018-02-18 14:35:33','2018-02-18 14:39:11','loan officer'),(67,NULL,NULL,NULL,NULL,NULL,'2018-02-18 14:58:42',NULL,'loan officer'),(68,NULL,NULL,NULL,NULL,NULL,'2018-02-18 15:37:04',NULL,'loan officer'),(69,0,NULL,NULL,0.00,0.00,'2018-02-18 15:37:17','2018-02-18 16:01:33','loan officer'),(70,NULL,NULL,NULL,NULL,NULL,'2018-02-18 16:15:43',NULL,'loan officer'),(71,NULL,NULL,NULL,NULL,NULL,'2018-02-18 16:16:00',NULL,'loan officer'),(72,NULL,NULL,NULL,NULL,NULL,'2018-02-19 04:19:21',NULL,'loan officer'),(73,NULL,NULL,NULL,NULL,NULL,'2018-02-19 17:57:57',NULL,'loan officer'),(74,NULL,NULL,NULL,NULL,NULL,'2018-02-19 18:07:23',NULL,'loan officer'),(75,NULL,NULL,NULL,NULL,NULL,'2018-02-19 18:10:23',NULL,'loan officer'),(76,NULL,NULL,NULL,NULL,NULL,'2018-02-19 18:11:27',NULL,'loan officer'),(77,NULL,NULL,NULL,NULL,NULL,'2018-02-19 19:48:31',NULL,'loan officer'),(78,NULL,NULL,NULL,NULL,NULL,'2018-02-19 19:48:39',NULL,'loan officer'),(79,NULL,NULL,NULL,NULL,NULL,'2018-02-19 19:59:42',NULL,'loan officer'),(80,NULL,NULL,NULL,NULL,NULL,'2018-02-19 20:33:01',NULL,'loan officer'),(81,NULL,NULL,NULL,NULL,NULL,'2018-02-21 04:30:46',NULL,'loan officer'),(82,NULL,NULL,NULL,NULL,NULL,'2018-02-21 04:31:58',NULL,'loan officer'),(83,NULL,NULL,NULL,NULL,NULL,'2018-02-21 04:36:36',NULL,'loan officer'),(84,NULL,NULL,NULL,NULL,NULL,'2018-02-21 05:25:46',NULL,'loan officer'),(85,NULL,NULL,NULL,NULL,NULL,'2018-02-21 05:26:01',NULL,'loan officer'),(86,NULL,NULL,NULL,NULL,NULL,'2018-02-21 05:26:14',NULL,'loan officer'),(87,NULL,NULL,NULL,NULL,NULL,'2018-02-21 05:26:59',NULL,'loan officer'),(88,NULL,NULL,NULL,NULL,NULL,'2018-02-21 19:20:29',NULL,'loan officer'),(89,NULL,NULL,NULL,NULL,NULL,'2018-02-22 19:35:26',NULL,'loan officer'),(90,720,NULL,'TX',6000.00,0.00,'2018-02-25 16:51:35','2018-02-25 18:41:46','loan officer'),(91,NULL,NULL,NULL,NULL,NULL,'2018-02-26 18:15:40',NULL,'loan officer'),(92,NULL,NULL,NULL,NULL,NULL,'2018-02-26 18:15:45',NULL,'loan officer'),(93,660,NULL,'TX',6000.00,0.00,'2018-02-26 18:48:43','2018-02-26 20:27:12','loan officer'),(101,0,NULL,NULL,0.00,0.00,'2018-02-27 17:19:30','2018-02-27 17:41:12','loan officer'),(111,NULL,NULL,NULL,NULL,NULL,'2018-02-28 19:28:24',NULL,'loan officer'),(121,NULL,NULL,NULL,NULL,NULL,'2018-02-28 19:30:20',NULL,'loan officer'),(131,NULL,NULL,NULL,NULL,NULL,'2018-02-28 19:30:47',NULL,'loan officer'),(141,NULL,NULL,NULL,NULL,NULL,'2018-02-28 19:30:56',NULL,'loan officer'),(151,740,NULL,'TX',0.00,0.00,'2018-02-28 19:31:18','2018-03-10 14:36:06','loan officer'),(161,NULL,NULL,NULL,NULL,NULL,'2018-02-28 19:31:39',NULL,'loan officer'),(171,NULL,NULL,NULL,NULL,NULL,'2018-02-28 19:31:41',NULL,'loan officer'),(181,NULL,NULL,NULL,NULL,NULL,'2018-02-28 19:32:02',NULL,'loan officer'),(191,NULL,NULL,NULL,NULL,NULL,'2018-03-01 18:49:50',NULL,'loan officer'),(201,NULL,NULL,NULL,NULL,NULL,'2018-03-01 18:49:50',NULL,'loan officer'),(211,NULL,NULL,NULL,NULL,NULL,'2018-03-01 18:49:50',NULL,'loan officer'),(221,NULL,NULL,NULL,NULL,NULL,'2018-03-01 18:50:31',NULL,'loan officer'),(231,NULL,NULL,NULL,NULL,NULL,'2018-03-01 18:50:32',NULL,'loan officer'),(241,NULL,NULL,NULL,NULL,NULL,'2018-03-01 18:50:33',NULL,'loan officer'),(251,NULL,NULL,NULL,NULL,NULL,'2018-03-01 18:50:33',NULL,'loan officer'),(261,NULL,NULL,NULL,NULL,NULL,'2018-03-01 18:52:35',NULL,'loan officer'),(271,NULL,NULL,NULL,NULL,NULL,'2018-03-01 18:54:12',NULL,'loan officer'),(281,NULL,NULL,NULL,NULL,NULL,'2018-03-01 19:04:37',NULL,'loan officer'),(291,NULL,NULL,NULL,NULL,NULL,'2018-03-01 19:07:31',NULL,'loan officer'),(301,NULL,NULL,NULL,NULL,NULL,'2018-03-04 13:42:00',NULL,'loan officer'),(311,NULL,NULL,NULL,NULL,NULL,'2018-03-05 03:23:48',NULL,'loan officer'),(321,NULL,NULL,NULL,NULL,NULL,'2018-03-05 03:26:48',NULL,'loan officer'),(331,NULL,NULL,NULL,NULL,NULL,'2018-03-05 12:22:21',NULL,'loan officer'),(341,NULL,NULL,NULL,NULL,NULL,'2018-03-05 16:44:15',NULL,'loan officer'),(351,NULL,NULL,NULL,NULL,NULL,'2018-03-05 17:08:53',NULL,'loan officer'),(361,0,NULL,NULL,0.00,0.00,'2018-03-05 22:51:49','2018-03-05 22:51:59','loan officer'),(371,NULL,NULL,NULL,NULL,NULL,'2018-03-05 22:52:06',NULL,'loan officer'),(381,720,NULL,'TX',11000.00,750.00,'2018-03-05 22:52:28','2018-03-13 21:00:23','loan officer'),(391,NULL,NULL,NULL,NULL,NULL,'2018-03-06 17:49:08',NULL,'loan officer'),(401,NULL,NULL,NULL,NULL,NULL,'2018-03-06 17:54:53',NULL,'loan officer'),(411,NULL,NULL,NULL,NULL,NULL,'2018-03-07 04:36:09',NULL,'loan officer'),(421,NULL,NULL,NULL,NULL,NULL,'2018-03-07 04:36:22',NULL,'loan officer'),(431,NULL,NULL,NULL,NULL,NULL,'2018-03-07 05:15:27',NULL,'loan officer'),(441,NULL,NULL,NULL,NULL,NULL,'2018-03-07 06:41:13',NULL,'loan officer'),(451,NULL,NULL,NULL,NULL,NULL,'2018-03-07 06:46:45',NULL,'loan officer'),(461,NULL,NULL,NULL,NULL,NULL,'2018-03-07 09:09:40',NULL,'loan officer'),(471,NULL,NULL,NULL,NULL,NULL,'2018-03-07 16:16:10',NULL,'loan officer'),(481,0,NULL,NULL,0.00,0.00,'2018-03-07 18:04:08','2018-03-07 18:04:10','loan officer'),(491,NULL,NULL,NULL,NULL,NULL,'2018-03-07 18:04:15',NULL,'loan officer'),(501,NULL,NULL,NULL,NULL,NULL,'2018-03-07 20:33:28',NULL,'loan officer'),(511,NULL,NULL,NULL,NULL,NULL,'2018-03-07 20:33:47',NULL,'loan officer'),(521,NULL,NULL,NULL,NULL,NULL,'2018-03-07 20:33:55',NULL,'loan officer'),(531,NULL,NULL,NULL,NULL,NULL,'2018-03-08 13:35:25',NULL,'loan officer'),(541,NULL,NULL,NULL,NULL,NULL,'2018-03-08 15:32:56',NULL,'loan officer'),(551,NULL,NULL,NULL,NULL,NULL,'2018-03-08 16:09:59',NULL,'loan officer'),(561,680,NULL,'TX',6000.00,0.00,'2018-03-08 16:36:09','2018-03-08 16:39:34','loan officer'),(571,NULL,NULL,NULL,NULL,NULL,'2018-03-08 17:34:36',NULL,'loan officer'),(581,760,NULL,NULL,0.00,0.00,'2018-03-08 17:34:48','2018-03-08 17:46:57','loan officer'),(591,680,NULL,'TX',7000.00,0.00,'2018-03-08 17:54:20','2018-03-08 17:54:50','loan officer'),(601,680,NULL,'TX',9000.00,0.00,'2018-03-08 17:55:38','2018-03-08 17:55:57','loan officer'),(611,0,NULL,NULL,0.00,0.00,'2018-03-09 02:32:47','2018-03-09 02:46:01','loan officer'),(621,0,NULL,NULL,0.00,0.00,'2018-03-09 02:50:31','2018-03-09 02:52:02','loan officer'),(631,760,NULL,NULL,0.00,0.00,'2018-03-09 03:37:29','2018-03-09 03:44:54','loan officer'),(641,NULL,NULL,NULL,NULL,NULL,'2018-03-09 03:48:59',NULL,'loan officer'),(651,NULL,NULL,NULL,NULL,NULL,'2018-03-09 03:50:04',NULL,'loan officer'),(661,0,NULL,NULL,0.00,0.00,'2018-03-09 03:52:53','2018-03-09 03:56:38','loan officer'),(671,0,NULL,NULL,0.00,0.00,'2018-03-09 04:08:22','2018-03-09 04:11:29','loan officer'),(681,0,NULL,'AL',900.00,0.00,'2018-03-09 04:47:07','2018-03-09 04:57:32','loan officer'),(691,0,NULL,'AK',100.00,0.00,'2018-03-09 04:50:16','2018-03-09 04:51:22','loan officer'),(701,700,NULL,'TX',7000.00,0.00,'2018-03-09 09:45:15','2018-03-09 09:46:09','loan officer'),(711,NULL,NULL,NULL,NULL,NULL,'2018-03-10 03:43:26',NULL,'loan officer'),(721,NULL,NULL,NULL,NULL,NULL,'2018-03-10 04:56:35',NULL,'loan officer'),(731,NULL,NULL,NULL,NULL,NULL,'2018-03-10 05:19:58',NULL,'loan officer'),(741,NULL,NULL,NULL,NULL,NULL,'2018-03-10 06:31:00',NULL,'loan officer'),(751,NULL,NULL,NULL,NULL,NULL,'2018-03-10 06:43:30',NULL,'loan officer'),(761,NULL,NULL,NULL,NULL,NULL,'2018-03-10 14:33:40',NULL,'loan officer'),(771,700,NULL,NULL,12500.00,795.00,'2018-03-10 14:33:47','2018-03-10 16:04:25','loan officer'),(781,NULL,NULL,NULL,NULL,NULL,'2018-03-12 16:58:07',NULL,'loan officer'),(791,740,NULL,NULL,2516.95,0.00,'2018-03-12 16:58:21','2018-03-27 18:36:18','loan officer'),(801,NULL,NULL,NULL,NULL,NULL,'2018-03-12 16:58:53',NULL,'loan officer'),(811,NULL,NULL,NULL,NULL,NULL,'2018-03-12 17:09:33',NULL,'loan officer'),(821,NULL,NULL,NULL,NULL,NULL,'2018-03-12 18:07:01',NULL,'loan officer'),(831,NULL,NULL,NULL,NULL,NULL,'2018-03-13 05:40:45',NULL,'loan officer'),(841,NULL,NULL,NULL,NULL,NULL,'2018-03-13 15:23:54',NULL,'loan officer'),(851,NULL,NULL,NULL,NULL,NULL,'2018-03-13 17:40:52',NULL,'loan officer'),(861,NULL,NULL,NULL,NULL,NULL,'2018-03-13 17:47:29',NULL,'loan officer'),(871,NULL,NULL,NULL,NULL,NULL,'2018-03-13 19:08:31',NULL,'loan officer'),(881,NULL,NULL,NULL,NULL,NULL,'2018-03-13 19:17:28',NULL,'loan officer'),(891,700,NULL,'TX',9000.00,0.00,'2018-03-14 06:59:36','2018-03-16 08:56:44','loan officer'),(901,NULL,NULL,NULL,NULL,NULL,'2018-03-14 09:27:35',NULL,'loan officer'),(911,0,NULL,NULL,0.00,0.00,'2018-03-14 09:27:57','2018-03-14 09:30:06','loan officer'),(921,NULL,NULL,NULL,NULL,NULL,'2018-03-16 15:00:47',NULL,'loan officer'),(931,NULL,NULL,NULL,NULL,NULL,'2018-03-20 19:13:29',NULL,'loan officer'),(941,NULL,NULL,NULL,NULL,NULL,'2018-03-20 19:13:44',NULL,'loan officer'),(951,NULL,NULL,NULL,NULL,NULL,'2018-03-27 09:53:25',NULL,'loan officer'),(961,NULL,NULL,NULL,NULL,NULL,'2018-03-27 14:11:12',NULL,'loan officer'),(971,NULL,NULL,NULL,NULL,NULL,'2018-03-27 14:13:13',NULL,'loan officer'),(981,NULL,NULL,NULL,NULL,NULL,'2018-03-27 15:43:50',NULL,'loan officer');
/*!40000 ALTER TABLE `loans` ENABLE KEYS */;
UNLOCK TABLES;

--
-- Table structure for table `loansbackup`
--

DROP TABLE IF EXISTS `loansbackup`;
/*!40101 SET @saved_cs_client     = @@character_set_client */;
/*!40101 SET character_set_client = utf8 */;
CREATE TABLE `loansbackup` (
  `id` varchar(11) NOT NULL,
  `loanId` int(11) DEFAULT NULL,
  `qualifyingCreditScore` int(11) DEFAULT NULL,
  `preApprovalCode` varchar(55) DEFAULT NULL,
  `stateId` int(11) DEFAULT NULL,
  `totalIncome` decimal(15,2) DEFAULT NULL,
  `totalDebts` decimal(15,2) DEFAULT NULL,
  `createAt` datetime DEFAULT NULL,
  `updateAt` datetime DEFAULT NULL,
  `lastUpdatedBy` varchar(100) DEFAULT NULL
) ENGINE=InnoDB DEFAULT CHARSET=latin1;
/*!40101 SET character_set_client = @saved_cs_client */;

--
-- Dumping data for table `loansbackup`
--

LOCK TABLES `loansbackup` WRITE;
/*!40000 ALTER TABLE `loansbackup` DISABLE KEYS */;
INSERT INTO `loansbackup` VALUES ('0',NULL,NULL,NULL,NULL,NULL,NULL,'2017-11-09 10:48:43','2017-11-09 10:48:43',NULL),('0',1,0,NULL,NULL,0.00,0.00,'2017-11-09 10:48:44','2017-11-09 10:48:44',NULL),('0',NULL,NULL,NULL,NULL,NULL,NULL,'2017-11-09 10:48:53','2017-11-09 10:48:53',NULL),('0',2,0,NULL,NULL,0.00,0.00,'2017-11-09 10:48:53','2017-11-09 10:48:53',NULL),('0',NULL,NULL,NULL,NULL,NULL,NULL,'2017-11-09 10:49:50','2017-11-09 10:49:50',NULL),('0',1,0,NULL,NULL,0.00,0.00,'2017-11-09 10:49:52','2017-11-09 10:49:52',NULL),('0',NULL,NULL,NULL,NULL,NULL,NULL,'2017-11-09 10:50:27','2017-11-09 10:50:27',NULL),('0',2,0,NULL,NULL,0.00,0.00,'2017-11-09 10:50:28','2017-11-09 10:50:28',NULL),('0',NULL,NULL,NULL,NULL,NULL,NULL,'2017-11-11 06:18:22','2017-11-11 06:18:22',NULL),('0',7,0,NULL,NULL,0.00,0.00,'2017-11-11 06:18:22','2017-11-11 06:18:22',NULL),('0',NULL,NULL,NULL,NULL,NULL,NULL,'2017-11-13 16:42:05','2017-11-13 16:42:05',NULL),('0',1,0,NULL,NULL,0.00,0.00,'2017-11-13 16:42:06','2017-11-13 16:42:06','customer'),('0',NULL,NULL,NULL,NULL,NULL,NULL,'2017-11-13 16:43:57','2017-11-13 16:43:57',NULL),('0',1,0,NULL,NULL,0.00,0.00,'2017-11-13 16:43:59','2017-11-13 16:43:59','loan officer'),('0',NULL,NULL,NULL,NULL,NULL,NULL,'2017-11-14 14:34:41','2017-11-14 14:34:41',NULL),('0',16,0,NULL,NULL,0.00,0.00,'2017-11-14 14:34:44','2017-11-14 14:34:44','customer'),('0',NULL,NULL,NULL,NULL,NULL,NULL,'2018-01-13 13:28:45','2018-01-13 13:28:45',NULL),('0',20,0,NULL,0,0.00,0.00,'2018-01-13 13:28:45','2018-01-13 13:28:45','loan officer'),('0',NULL,NULL,NULL,NULL,NULL,NULL,'2018-01-13 13:37:25','2018-01-13 13:37:25',NULL),('0',20,0,NULL,0,0.00,0.00,'2018-01-13 13:37:25','2018-01-13 13:37:25','loan officer'),('',NULL,NULL,NULL,NULL,NULL,NULL,'2018-01-20 07:19:30','2018-01-20 07:19:30',NULL),('',27,0,NULL,NULL,0.00,0.00,'2018-01-20 07:19:30','2018-01-20 07:19:30','loan officer'),('',NULL,NULL,NULL,NULL,NULL,NULL,'2018-01-20 07:19:49','2018-01-20 07:19:49',NULL),('',29,0,NULL,NULL,0.00,0.00,'2018-01-20 07:19:49','2018-01-20 07:19:49','loan officer'),('',NULL,NULL,NULL,NULL,NULL,NULL,'2018-01-20 07:20:13','2018-01-20 07:20:13',NULL),('',29,0,NULL,NULL,0.00,0.00,'2018-01-20 07:20:13','2018-01-20 07:20:13','loan officer'),('',NULL,NULL,NULL,NULL,NULL,NULL,'2018-01-20 07:23:39','2018-01-20 07:23:39',NULL),('',29,0,NULL,NULL,0.00,0.00,'2018-01-20 07:23:40','2018-01-20 07:23:40','loan officer'),('',NULL,NULL,NULL,NULL,NULL,NULL,'2018-01-20 07:28:44','2018-01-20 07:28:44',NULL),('',29,0,NULL,NULL,0.00,0.00,'2018-01-20 07:28:44','2018-01-20 07:28:44','loan officer'),('',NULL,NULL,NULL,NULL,NULL,NULL,'2018-01-20 07:29:59','2018-01-20 07:29:59',NULL),('',29,0,NULL,NULL,0.00,0.00,'2018-01-20 07:29:59','2018-01-20 07:29:59','loan officer'),('',NULL,NULL,NULL,NULL,NULL,NULL,'2018-01-20 07:30:11','2018-01-20 07:30:11',NULL),('',29,0,NULL,NULL,0.00,0.00,'2018-01-20 07:30:11','2018-01-20 07:30:11','loan officer'),('',NULL,NULL,NULL,NULL,NULL,NULL,'2018-01-20 07:30:55','2018-01-20 07:30:55',NULL),('',29,0,NULL,NULL,0.00,0.00,'2018-01-20 07:30:55','2018-01-20 07:30:55','loan officer'),('',36,0,NULL,NULL,0.00,0.00,'2018-01-21 12:26:17','2018-01-21 12:26:17','loan officer'),('',38,0,NULL,NULL,0.00,0.00,'2018-01-27 07:36:11','2018-01-27 07:36:11','loan officer'),('',38,0,NULL,NULL,0.00,0.00,'2018-01-27 07:36:35','2018-01-27 07:36:35','loan officer'),('',38,0,NULL,NULL,0.00,0.00,'2018-01-27 07:39:00','2018-01-27 07:39:00','loan officer'),('',38,0,NULL,NULL,0.00,0.00,'2018-01-27 07:39:08','2018-01-27 07:39:08','loan officer'),('',39,0,NULL,NULL,0.00,0.00,'2018-01-27 07:55:49','2018-01-27 07:55:49','loan officer'),('',39,0,NULL,NULL,6000.00,0.00,'2018-01-27 09:03:29','2018-01-27 09:03:29','loan officer'),('',40,0,NULL,NULL,0.00,0.00,'2018-02-05 19:55:47','2018-02-05 19:55:47','loan officer'),('',42,NULL,NULL,NULL,0.00,0.00,'2018-02-05 19:56:11','2018-02-05 19:56:11','loan officer'),('',43,NULL,NULL,NULL,0.00,0.00,'2018-02-05 20:03:07','2018-02-05 20:03:07','loan officer'),('',43,0,NULL,NULL,0.00,0.00,'2018-02-05 20:05:17','2018-02-05 20:05:17','loan officer'),('',44,NULL,NULL,NULL,0.00,0.00,'2018-02-05 20:05:28','2018-02-05 20:05:28','loan officer'),('',45,NULL,NULL,NULL,0.00,0.00,'2018-02-05 20:06:16','2018-02-05 20:06:16','loan officer'),('',46,NULL,NULL,NULL,0.00,0.00,'2018-02-05 20:10:46','2018-02-05 20:10:46','loan officer'),('',47,0,NULL,NULL,0.00,0.00,'2018-02-05 20:15:10','2018-02-05 20:15:10','loan officer'),('',51,0,NULL,NULL,0.00,0.00,'2018-02-05 21:12:04','2018-02-05 21:12:04','loan officer'),('',64,0,NULL,NULL,0.00,0.00,'2018-02-11 10:07:44','2018-02-11 10:07:44','loan officer'),('',65,0,NULL,NULL,0.00,0.00,'2018-02-17 06:51:30','2018-02-17 06:51:30','loan officer'),('',65,0,NULL,NULL,0.00,0.00,'2018-02-17 07:06:36','2018-02-17 07:06:36','loan officer'),('',65,0,NULL,NULL,0.00,0.00,'2018-02-17 10:14:57','2018-02-17 10:14:57','loan officer'),('',65,0,NULL,NULL,0.00,0.00,'2018-02-18 09:05:33','2018-02-18 09:05:33','loan officer'),('',66,0,NULL,NULL,0.00,0.00,'2018-02-18 14:36:08','2018-02-18 14:36:08','loan officer'),('',66,0,NULL,NULL,0.00,0.00,'2018-02-18 14:36:19','2018-02-18 14:36:19','loan officer'),('',66,0,NULL,NULL,0.00,0.00,'2018-02-18 14:39:11','2018-02-18 14:39:11','loan officer'),('',69,0,NULL,NULL,0.00,0.00,'2018-02-18 15:37:33','2018-02-18 15:37:33','loan officer'),('',69,0,NULL,NULL,0.00,0.00,'2018-02-18 15:37:43','2018-02-18 15:37:43','loan officer'),('',69,0,NULL,NULL,0.00,0.00,'2018-02-18 15:37:59','2018-02-18 15:37:59','loan officer'),('',69,0,NULL,NULL,0.00,0.00,'2018-02-18 15:38:02','2018-02-18 15:38:02','loan officer'),('',69,0,NULL,NULL,0.00,0.00,'2018-02-18 15:38:02','2018-02-18 15:38:02','loan officer'),('',69,0,NULL,NULL,0.00,0.00,'2018-02-18 15:38:03','2018-02-18 15:38:03','loan officer'),('',69,0,NULL,NULL,0.00,0.00,'2018-02-18 15:38:03','2018-02-18 15:38:03','loan officer'),('',69,0,NULL,NULL,0.00,0.00,'2018-02-18 15:38:04','2018-02-18 15:38:04','loan officer'),('',69,0,NULL,NULL,0.00,0.00,'2018-02-18 16:01:33','2018-02-18 16:01:33','loan officer'),('',90,0,NULL,NULL,0.00,0.00,'2018-02-25 16:54:07','2018-02-25 16:54:07','loan officer'),('',90,0,NULL,NULL,6000.00,0.00,'2018-02-25 16:54:20','2018-02-25 16:54:20','loan officer'),('',90,0,NULL,NULL,6000.00,0.00,'2018-02-25 16:54:41','2018-02-25 16:54:41','loan officer'),('',90,720,NULL,0,6000.00,0.00,'2018-02-25 16:56:20','2018-02-25 16:56:20','loan officer'),('',90,720,NULL,0,6000.00,0.00,'2018-02-25 16:57:03','2018-02-25 16:57:03','loan officer'),('',90,720,NULL,0,6000.00,0.00,'2018-02-25 17:15:30','2018-02-25 17:15:30','loan officer'),('',90,720,NULL,0,6000.00,0.00,'2018-02-25 18:41:46','2018-02-25 18:41:46','loan officer'),('',93,720,NULL,NULL,0.00,0.00,'2018-02-26 19:34:52','2018-02-26 19:34:52','loan officer'),('',93,720,NULL,NULL,0.00,0.00,'2018-02-26 19:38:29','2018-02-26 19:38:29','loan officer'),('',93,640,NULL,0,6000.00,0.00,'2018-02-26 19:40:19','2018-02-26 19:40:19','loan officer'),('',93,640,NULL,0,6000.00,0.00,'2018-02-26 19:40:43','2018-02-26 19:40:43','loan officer'),('',93,660,NULL,0,6000.00,0.00,'2018-02-26 19:40:54','2018-02-26 19:40:54','loan officer'),('',93,660,NULL,0,6000.00,0.00,'2018-02-26 19:41:56','2018-02-26 19:41:56','loan officer'),('',93,660,NULL,0,6000.00,0.00,'2018-02-26 19:42:41','2018-02-26 19:42:41','loan officer'),('',93,660,NULL,0,6000.00,0.00,'2018-02-26 20:27:12','2018-02-26 20:27:12','loan officer'),('',101,0,NULL,NULL,0.00,0.00,'2018-02-27 17:41:05','2018-02-27 17:41:05','loan officer'),('',101,0,NULL,NULL,0.00,0.00,'2018-02-27 17:41:12','2018-02-27 17:41:12','loan officer'),('',361,0,NULL,NULL,0.00,0.00,'2018-03-05 22:51:59','2018-03-05 22:51:59','loan officer'),('',381,0,NULL,NULL,0.00,0.00,'2018-03-05 22:53:10','2018-03-05 22:53:10','loan officer'),('',381,0,NULL,NULL,0.00,0.00,'2018-03-05 22:53:12','2018-03-05 22:53:12','loan officer'),('',381,0,NULL,NULL,0.00,0.00,'2018-03-05 22:53:12','2018-03-05 22:53:12','loan officer'),('',381,0,NULL,NULL,0.00,0.00,'2018-03-06 16:34:37','2018-03-06 16:34:37','loan officer'),('',381,700,NULL,0,10000.00,500.00,'2018-03-06 16:40:26','2018-03-06 16:40:26','loan officer'),('',381,700,NULL,0,10000.00,500.00,'2018-03-06 16:40:50','2018-03-06 16:40:50','loan officer'),('',381,700,NULL,0,10000.00,500.00,'2018-03-06 16:42:31','2018-03-06 16:42:31','loan officer'),('',381,700,NULL,0,10000.00,500.00,'2018-03-06 16:46:17','2018-03-06 16:46:17','loan officer'),('',481,0,NULL,NULL,0.00,0.00,'2018-03-07 18:04:10','2018-03-07 18:04:10','loan officer'),('',561,680,NULL,0,6000.00,0.00,'2018-03-08 16:39:21','2018-03-08 16:39:21','loan officer'),('',561,680,NULL,0,6000.00,0.00,'2018-03-08 16:39:34','2018-03-08 16:39:34','loan officer'),('',581,760,NULL,NULL,0.00,0.00,'2018-03-08 17:46:57','2018-03-08 17:46:57','loan officer'),('',591,680,NULL,0,7000.00,0.00,'2018-03-08 17:54:50','2018-03-08 17:54:50','loan officer'),('',601,680,NULL,0,9000.00,0.00,'2018-03-08 17:55:57','2018-03-08 17:55:57','loan officer'),('',611,0,NULL,NULL,0.00,0.00,'2018-03-09 02:42:53','2018-03-09 02:42:53','loan officer'),('',611,0,NULL,NULL,0.00,0.00,'2018-03-09 02:46:01','2018-03-09 02:46:01','loan officer'),('',621,0,NULL,NULL,0.00,0.00,'2018-03-09 02:52:02','2018-03-09 02:52:02','loan officer'),('',631,760,NULL,NULL,0.00,0.00,'2018-03-09 03:44:12','2018-03-09 03:44:12','loan officer'),('',631,760,NULL,NULL,0.00,0.00,'2018-03-09 03:44:54','2018-03-09 03:44:54','loan officer'),('',661,0,NULL,NULL,0.00,0.00,'2018-03-09 03:54:07','2018-03-09 03:54:07','loan officer'),('',661,0,NULL,NULL,0.00,0.00,'2018-03-09 03:56:38','2018-03-09 03:56:38','loan officer'),('',671,0,NULL,NULL,0.00,0.00,'2018-03-09 04:11:29','2018-03-09 04:11:29','loan officer'),('',681,0,NULL,0,900.00,0.00,'2018-03-09 04:47:36','2018-03-09 04:47:36','loan officer'),('',691,0,NULL,0,100.00,0.00,'2018-03-09 04:51:22','2018-03-09 04:51:22','loan officer'),('',681,0,NULL,0,900.00,0.00,'2018-03-09 04:57:32','2018-03-09 04:57:32','loan officer'),('',701,700,NULL,0,7000.00,0.00,'2018-03-09 09:46:09','2018-03-09 09:46:09','loan officer'),('',381,720,NULL,0,11000.00,750.00,'2018-03-09 17:48:00','2018-03-09 17:48:00','loan officer'),('',771,740,NULL,NULL,0.00,0.00,'2018-03-10 14:35:33','2018-03-10 14:35:33','loan officer'),('',151,740,NULL,0,0.00,0.00,'2018-03-10 14:36:06','2018-03-10 14:36:06','loan officer'),('',771,700,NULL,NULL,12500.00,795.00,'2018-03-10 16:04:25','2018-03-10 16:04:25','loan officer'),('',791,740,NULL,NULL,10500.00,625.00,'2018-03-12 17:57:29','2018-03-12 17:57:29','loan officer'),('',791,740,NULL,NULL,9500.00,625.00,'2018-03-12 18:53:59','2018-03-12 18:53:59','loan officer'),('',381,720,NULL,0,11000.00,750.00,'2018-03-13 21:00:23','2018-03-13 21:00:23','loan officer'),('',891,700,NULL,0,9000.00,0.00,'2018-03-14 07:04:01','2018-03-14 07:04:01','loan officer'),('',891,700,NULL,0,9000.00,0.00,'2018-03-14 07:04:37','2018-03-14 07:04:37','loan officer'),('',891,700,NULL,0,9000.00,0.00,'2018-03-14 07:06:56','2018-03-14 07:06:56','loan officer'),('',891,700,NULL,0,9000.00,0.00,'2018-03-14 07:11:28','2018-03-14 07:11:28','loan officer'),('',20,0,NULL,0,0.00,0.00,'2018-03-14 09:08:26','2018-03-14 09:08:26','loan officer'),('',20,0,NULL,0,0.00,0.00,'2018-03-14 09:13:54','2018-03-14 09:13:54','loan officer'),('',891,700,NULL,0,9000.00,0.00,'2018-03-14 09:21:41','2018-03-14 09:21:41','loan officer'),('',891,700,NULL,0,9000.00,0.00,'2018-03-14 09:23:11','2018-03-14 09:23:11','loan officer'),('',20,0,NULL,0,0.00,0.00,'2018-03-14 09:26:05','2018-03-14 09:26:05','loan officer'),('',791,740,NULL,NULL,9500.00,625.00,'2018-03-14 09:26:56','2018-03-14 09:26:56','loan officer'),('',911,0,NULL,NULL,0.00,0.00,'2018-03-14 09:28:50','2018-03-14 09:28:50','loan officer'),('',911,0,NULL,NULL,0.00,0.00,'2018-03-14 09:29:41','2018-03-14 09:29:41','loan officer'),('',911,0,NULL,NULL,0.00,0.00,'2018-03-14 09:30:06','2018-03-14 09:30:06','loan officer'),('',20,0,NULL,0,0.00,0.00,'2018-03-16 08:56:32','2018-03-16 08:56:32','loan officer'),('',891,700,NULL,0,9000.00,0.00,'2018-03-16 08:56:44','2018-03-16 08:56:44','loan officer'),('',791,740,NULL,NULL,2516.95,0.00,'2018-03-27 18:36:18','2018-03-27 18:36:18','loan officer');
/*!40000 ALTER TABLE `loansbackup` ENABLE KEYS */;
UNLOCK TABLES;

--
-- Table structure for table `login_master`
--

DROP TABLE IF EXISTS `login_master`;
/*!40101 SET @saved_cs_client     = @@character_set_client */;
/*!40101 SET character_set_client = utf8 */;
CREATE TABLE `login_master` (
  `id` int(10) NOT NULL AUTO_INCREMENT,
  `user_id` int(10) NOT NULL,
  `email` varchar(100) NOT NULL,
  `password` varchar(100) NOT NULL,
  `user_type` varchar(25) NOT NULL,
  `status` int(2) NOT NULL,
  `status1` int(1) DEFAULT '0',
  PRIMARY KEY (`id`)
) ENGINE=InnoDB AUTO_INCREMENT=171 DEFAULT CHARSET=latin1;
/*!40101 SET character_set_client = @saved_cs_client */;

--
-- Dumping data for table `login_master`
--

LOCK TABLES `login_master` WRITE;
/*!40000 ALTER TABLE `login_master` DISABLE KEYS */;
INSERT INTO `login_master` VALUES (1,0,'admin@gmail.com','admin','Admin',1,1),(25,1,'vishal@gmail.com','123','Loanofficer',1,1),(27,1,'arzoo.rkcet@gmail.com','123','Customer',1,1),(43,17,'naimish@gmail.com','123','Loanofficer',0,0),(44,18,'vimal@gmail.com','123','Loanofficer',1,0),(45,19,'ajay@gmail.com','123','Loanofficer',0,0),(46,20,'vinay@gmail.com','123','Loanofficer',1,0),(47,2,'hitesh@gmail.com','123','Customer',1,0),(48,21,'vikas@gmail.com','123','Loanofficer',0,0),(49,22,'sailesh@gmail.com','123','Loanofficer',1,0),(50,24,'suresh@gmail.com','123','Loanofficer',1,0),(51,25,'ranjit@gmail.com','123','Loanofficer',0,0),(52,27,'manish@gmail.com','123','Loanofficer',1,1),(60,35,'vishal.rkcet@gmail.com','123456','Loanofficer',0,0),(61,36,'vishal.rkcet@gmail.com','123456','Loanofficer',0,0),(62,37,'vishalpatel16@gmail.com','123','Loanofficer',0,0),(63,38,'vishal.rkcet@gmail.com','123456','Loanofficer',0,0),(64,39,'rampatel@gmail.com','123456','Loanofficer',0,0),(65,40,'vishal.rkcet@gmail.com','123456','Loanofficer',0,0),(66,41,'sanu@gmail.com','123','Loanofficer',0,0),(67,42,'sanupatel@gmail.com','123','Loanofficer',0,0),(68,43,'ankur@gmail.com','123','Loanofficer',0,0),(71,21,'vimal@gmail.com','123','Customer',1,0),(81,31,'abcd@gmail.com','123','Customer',0,0),(91,51,'anilpatel@gmail.com','123','Loanofficer',0,0),(101,61,'martyn.benjamin@gmail.com','Reset123','Loanofficer',0,0),(111,71,'another.t@eai.com','123','Loanofficer',0,0),(121,81,'abc@newt.com','123','Loanofficer',0,0),(131,91,'abc@newt.com','123','Loanofficer',0,0),(141,101,'adlo@gmail.com','123','Loanofficer',0,0),(151,111,'ankit@gmail.com','123','Loanofficer',0,0),(161,121,'rate@revised.com','123','Loanofficer',0,0);
/*!40000 ALTER TABLE `login_master` ENABLE KEYS */;
UNLOCK TABLES;

--
-- Table structure for table `mypartner_master`
--

DROP TABLE IF EXISTS `mypartner_master`;
/*!40101 SET @saved_cs_client     = @@character_set_client */;
/*!40101 SET character_set_client = utf8 */;
CREATE TABLE `mypartner_master` (
  `partner_id` int(10) NOT NULL,
  `loanofficer_id` int(10) NOT NULL
) ENGINE=InnoDB DEFAULT CHARSET=latin1;
/*!40101 SET character_set_client = @saved_cs_client */;

--
-- Dumping data for table `mypartner_master`
--

LOCK TABLES `mypartner_master` WRITE;
/*!40000 ALTER TABLE `mypartner_master` DISABLE KEYS */;
INSERT INTO `mypartner_master` VALUES (4,1),(1,1),(6,2),(1,27),(2,27),(3,27),(4,27),(5,27),(6,27);
/*!40000 ALTER TABLE `mypartner_master` ENABLE KEYS */;
UNLOCK TABLES;

--
-- Table structure for table `plan`
--

DROP TABLE IF EXISTS `plan`;
/*!40101 SET @saved_cs_client     = @@character_set_client */;
/*!40101 SET character_set_client = utf8 */;
CREATE TABLE `plan` (
  `id` int(11) NOT NULL AUTO_INCREMENT,
  `planname` varchar(100) NOT NULL,
  `planamount` bigint(10) NOT NULL,
  `planstartdate` date NOT NULL,
  `planenddate` date NOT NULL,
  `signupamount` bigint(10) NOT NULL,
  PRIMARY KEY (`id`)
) ENGINE=InnoDB AUTO_INCREMENT=21 DEFAULT CHARSET=latin1;
/*!40101 SET character_set_client = @saved_cs_client */;

--
-- Dumping data for table `plan`
--

LOCK TABLES `plan` WRITE;
/*!40000 ALTER TABLE `plan` DISABLE KEYS */;
INSERT INTO `plan` VALUES (1,'Monthly',12,'2017-11-11','2018-03-01',10),(11,'NewStart',14,'2018-03-01','0000-00-00',23);
/*!40000 ALTER TABLE `plan` ENABLE KEYS */;
UNLOCK TABLES;

--
-- Table structure for table `prepaids`
--

DROP TABLE IF EXISTS `prepaids`;
/*!40101 SET @saved_cs_client     = @@character_set_client */;
/*!40101 SET character_set_client = utf8 */;
CREATE TABLE `prepaids` (
  `id` int(11) NOT NULL AUTO_INCREMENT,
  `userId` int(11) DEFAULT NULL,
  `monthsOfTax` int(11) DEFAULT NULL,
  `monthsOfInsurance` int(11) DEFAULT NULL,
  `daysOfInterest` int(11) DEFAULT NULL,
  PRIMARY KEY (`id`)
) ENGINE=InnoDB AUTO_INCREMENT=2 DEFAULT CHARSET=latin1;
/*!40101 SET character_set_client = @saved_cs_client */;

--
-- Dumping data for table `prepaids`
--

LOCK TABLES `prepaids` WRITE;
/*!40000 ALTER TABLE `prepaids` DISABLE KEYS */;
INSERT INTO `prepaids` VALUES (1,101,3,15,15);
/*!40000 ALTER TABLE `prepaids` ENABLE KEYS */;
UNLOCK TABLES;

--
-- Table structure for table `privacy_policy`
--

DROP TABLE IF EXISTS `privacy_policy`;
/*!40101 SET @saved_cs_client     = @@character_set_client */;
/*!40101 SET character_set_client = utf8 */;
CREATE TABLE `privacy_policy` (
  `id` int(11) NOT NULL AUTO_INCREMENT,
  `privacypolicy` text NOT NULL,
  `terms_of_service` text NOT NULL,
  PRIMARY KEY (`id`)
) ENGINE=InnoDB AUTO_INCREMENT=71 DEFAULT CHARSET=latin1;
/*!40101 SET character_set_client = @saved_cs_client */;

--
-- Dumping data for table `privacy_policy`
--

LOCK TABLES `privacy_policy` WRITE;
/*!40000 ALTER TABLE `privacy_policy` DISABLE KEYS */;
INSERT INTO `privacy_policy` VALUES (61,'UHJpdmFjeSBQb2xpY3kKTGFzdCBtb2RpZmllZDogT2N0b2JlciA1LCAyMDE3CgpJbnRyb2R1Y3Rpb24KVG93bnNlbmQgUmVzb3VyY2VzLCBMTEMsIERCQSBTdHJlZXR3b3JrIE1hcmtldGluZywgKGhlcmVpbmFmdGVyIHJlZmVycmVkIHRvIGFzICJDb21wYW55IiBvciAiV2UiKSByZXNwZWN0IHlvdXIgcHJpdmFjeSBhbmQgYXJlIGNvbW1pdHRlZCB0byBwcm90ZWN0aW5nIGl0IHRocm91Z2ggb3VyIGNvbXBsaWFuY2Ugd2l0aCB0aGlzIHBvbGljeS4KVGhpcyBwb2xpY3kgZGVzY3JpYmVzIHRoZSB0eXBlcyBvZiBpbmZvcm1hdGlvbiB3ZSBtYXkgY29sbGVjdCBmcm9tIHlvdSBvciB0aGF0IHlvdSBtYXkgcHJvdmlkZSB3aGVuIHlvdSB2aXNpdCB0aGUgd2Vic2l0ZSB3d3cuc3RyZWV0d29yay5jb20gKG91ciAiV2Vic2l0ZSIpIGFuZCBvdXIgcHJhY3RpY2VzIGZvciBjb2xsZWN0aW5nLCB1c2luZywgbWFpbnRhaW5pbmcsIHByb3RlY3RpbmcsIGFuZCBkaXNjbG9zaW5nIHRoYXQgaW5mb3JtYXRpb24uClRoaXMgcG9saWN5IGFwcGxpZXMgdG8gaW5mb3JtYXRpb24gd2UgY29sbGVjdDoK4oCiCU9uIHRoaXMgV2Vic2l0ZS4K4oCiCUluIGVtYWlsLCB0ZXh0LCBhbmQgb3RoZXIgZWxlY3Ryb25pYyBtZXNzYWdlcyBiZXR3ZWVuIHlvdSBhbmQgdGhpcyBXZWJzaXRlLgrigKIJVGhyb3VnaCBtb2JpbGUgYW5kIGRlc2t0b3AgYXBwbGljYXRpb25zIHlvdSBkb3dubG9hZCBmcm9tIHRoaXMgV2Vic2l0ZSwgd2hpY2ggcHJvdmlkZSBkZWRpY2F0ZWQgbm9uLWJyb3dzZXItYmFzZWQgaW50ZXJhY3Rpb24gYmV0d2VlbiB5b3UgYW5kIHRoaXMgV2Vic2l0ZS4K4oCiCVdoZW4geW91IGludGVyYWN0IHdpdGggb3VyIGFkdmVydGlzaW5nIGFuZCBhcHBsaWNhdGlvbnMgb24gdGhpcmQtcGFydHkgd2Vic2l0ZXMgYW5kIHNlcnZpY2VzLCBpZiB0aG9zZSBhcHBsaWNhdGlvbnMgb3IgYWR2ZXJ0aXNpbmcgaW5jbHVkZSBsaW5rcyB0byB0aGlzIHBvbGljeS4KCkl0IGRvZXMgbm90IGFwcGx5IHRvIGluZm9ybWF0aW9uIGNvbGxlY3RlZCBieToK4oCiCXVzIG9mZmxpbmUgb3IgdGhyb3VnaCBhbnkgb3RoZXIgbWVhbnMsIGluY2x1ZGluZyBvbiBhbnkgb3RoZXIgd2Vic2l0ZSBvcGVyYXRlZCBieSBDb21wYW55IG9yIGFueSB0aGlyZCBwYXJ0eSAoaW5jbHVkaW5nIG91ciBhZmZpbGlhdGVzIGFuZCBzdWJzaWRpYXJpZXMpOyBvciAK4oCiCWFueSB0aGlyZCBwYXJ0eSAoaW5jbHVkaW5nIG91ciBhZmZpbGlhdGVzIGFuZCBzdWJzaWRpYXJpZXMpLCBpbmNsdWRpbmcgdGhyb3VnaCBhbnkgYXBwbGljYXRpb24gb3IgY29udGVudCAoaW5jbHVkaW5nIGFkdmVydGlzaW5nKSB0aGF0IG1heSBsaW5rIHRvIG9yIGJlIGFjY2Vzc2libGUgZnJvbSBvciBvbiB0aGUgV2Vic2l0ZQpQbGVhc2UgcmVhZCB0aGlzIHBvbGljeSBjYXJlZnVsbHkgdG8gdW5kZXJzdGFuZCBvdXIgcG9saWNpZXMgYW5kIHByYWN0aWNlcyByZWdhcmRpbmcgeW91ciBpbmZvcm1hdGlvbiBhbmQgaG93IHdlIHdpbGwgdHJlYXQgaXQuIElmIHlvdSBkbyBub3QgYWdyZWUgd2l0aCBvdXIgcG9saWNpZXMgYW5kIHByYWN0aWNlcywgeW91ciBjaG9pY2UgaXMgbm90IHRvIHVzZSBvdXIgV2Vic2l0ZS4gQnkgYWNjZXNzaW5nIG9yIHVzaW5nIHRoaXMgV2Vic2l0ZSwgeW91IGFncmVlIHRvIHRoaXMgcHJpdmFjeSBwb2xpY3kuIFRoaXMgcG9saWN5IG1heSBjaGFuZ2UgZnJvbSB0aW1lIHRvIHRpbWUgKHNlZSBDaGFuZ2VzIHRvIE91ciBQcml2YWN5IFBvbGljeSkuIFlvdXIgY29udGludWVkIHVzZSBvZiB0aGlzIFdlYnNpdGUgYWZ0ZXIgd2UgbWFrZSBjaGFuZ2VzIGlzIGRlZW1lZCB0byBiZSBhY2NlcHRhbmNlIG9mIHRob3NlIGNoYW5nZXMsIHNvIHBsZWFzZSBjaGVjayB0aGUgcG9saWN5IHBlcmlvZGljYWxseSBmb3IgdXBkYXRlcy4gCkNoaWxkcmVuIFVuZGVyIHRoZSBBZ2Ugb2YgMTMKT3VyIFdlYnNpdGUgaXMgbm90IGludGVuZGVkIGZvciBjaGlsZHJlbiB1bmRlciAxMyB5ZWFycyBvZiBhZ2UuIE5vIG9uZSB1bmRlciBhZ2UgMTMgbWF5IHByb3ZpZGUgYW55IGluZm9ybWF0aW9uIHRvIG9yIG9uIHRoZSBXZWJzaXRlLiBXZSBkbyBub3Qga25vd2luZ2x5IGNvbGxlY3QgcGVyc29uYWwgaW5mb3JtYXRpb24gZnJvbSBjaGlsZHJlbiB1bmRlciAxMy4gSWYgeW91IGFyZSB1bmRlciAxMywgZG8gbm90IHVzZSBvciBwcm92aWRlIGFueSBpbmZvcm1hdGlvbiBvbiB0aGlzIFdlYnNpdGUgb3Igb24gb3IgdGhyb3VnaCBhbnkgb2YgaXRzIGZlYXR1cmVzLCByZWdpc3RlciBvbiB0aGUgV2Vic2l0ZSwgbWFrZSBhbnkgcHVyY2hhc2VzIHRocm91Z2ggdGhlIFdlYnNpdGUsIHVzZSBhbnkgb2YgdGhlIGludGVyYWN0aXZlIG9yIHB1YmxpYyBjb21tZW50IGZlYXR1cmVzIG9mIHRoaXMgV2Vic2l0ZSBvciBwcm92aWRlIGFueSBpbmZvcm1hdGlvbiBhYm91dCB5b3Vyc2VsZiB0byB1cywgaW5jbHVkaW5nIHlvdXIgbmFtZSwgYWRkcmVzcywgdGVsZXBob25lIG51bWJlciwgZW1haWwgYWRkcmVzcywgb3IgYW55IHNjcmVlbiBuYW1lIG9yIHVzZXIgbmFtZSB5b3UgbWF5IHVzZS4gSWYgd2UgbGVhcm4gd2UgaGF2ZSBjb2xsZWN0ZWQgb3IgcmVjZWl2ZWQgcGVyc29uYWwgaW5mb3JtYXRpb24gZnJvbSBhIGNoaWxkIHVuZGVyIDEzIHdpdGhvdXQgdmVyaWZpY2F0aW9uIG9mIHBhcmVudGFsIGNvbnNlbnQsIHdlIHdpbGwgZGVsZXRlIHRoYXQgaW5mb3JtYXRpb24uIElmIHlvdSBiZWxpZXZlIHdlIG1pZ2h0IGhhdmUgYW55IGluZm9ybWF0aW9uIGZyb20gb3IgYWJvdXQgYSBjaGlsZCB1bmRlciAxMywgcGxlYXNlIGNvbnRhY3QgdXMgYXQgaW5mb0BzdHJlZXR3b3JrLmNvbS4KSW5mb3JtYXRpb24gV2UgQ29sbGVjdCBBYm91dCBZb3UgYW5kIEhvdyBXZSBDb2xsZWN0IEl0CldlIGNvbGxlY3Qgc2V2ZXJhbCB0eXBlcyBvZiBpbmZvcm1hdGlvbiBmcm9tIGFuZCBhYm91dCB1c2VycyBvZiBvdXIgV2Vic2l0ZSwgaW5jbHVkaW5nIGluZm9ybWF0aW9uOgrigKIJYnkgd2hpY2ggeW91IG1heSBiZSBwZXJzb25hbGx5IGlkZW50aWZpZWQsIHN1Y2ggYXMgbmFtZSwgcG9zdGFsIGFkZHJlc3MsIGUtbWFpbCBhZGRyZXNzLCB0ZWxlcGhvbmUgbnVtYmVyLCBvciBhbnkgb3RoZXIgaWRlbnRpZmllciBieSB3aGljaCB5b3UgbWF5IGJlIGNvbnRhY3RlZCBvbmxpbmUgb3Igb2ZmbGluZSAoInBlcnNvbmFsIGluZm9ybWF0aW9uIik7CuKAogl0aGF0IGlzIGFib3V0IHlvdSBidXQgaW5kaXZpZHVhbGx5IGRvZXMgbm90IGlkZW50aWZ5IHlvdTsgYW5kL29yCuKAoglhYm91dCB5b3VyIGludGVybmV0IGNvbm5lY3Rpb24sIHRoZSBlcXVpcG1lbnQgeW91IHVzZSB0byBhY2Nlc3Mgb3VyIFdlYnNpdGUgYW5kIHVzYWdlIGRldGFpbHMuCldlIGNvbGxlY3QgdGhpcyBpbmZvcm1hdGlvbjoK4oCiCURpcmVjdGx5IGZyb20geW91IHdoZW4geW91IHByb3ZpZGUgaXQgdG8gdXMuCuKAoglBdXRvbWF0aWNhbGx5IGFzIHlvdSBuYXZpZ2F0ZSB0aHJvdWdoIHRoZSBzaXRlLiBJbmZvcm1hdGlvbiBjb2xsZWN0ZWQgYXV0b21hdGljYWxseSBtYXkgaW5jbHVkZSB1c2FnZSBkZXRhaWxzLCBJUCBhZGRyZXNzZXMsIGFuZCBpbmZvcm1hdGlvbiBjb2xsZWN0ZWQgdGhyb3VnaCBjb29raWVzLCB3ZWIgYmVhY29ucywgYW5kIG90aGVyIHRyYWNraW5nIHRlY2hub2xvZ2llcy4K4oCiCUZyb20gdGhpcmQgcGFydGllcywgZm9yIGV4YW1wbGUsIG91ciBidXNpbmVzcyBwYXJ0bmVycy4KCkluZm9ybWF0aW9uIFlvdSBQcm92aWRlIHRvIFVzLiAgVGhlIGluZm9ybWF0aW9uIHdlIGNvbGxlY3Qgb24gb3IgdGhyb3VnaCBvdXIgV2Vic2l0ZSBtYXkgaW5jbHVkZToK4oCiCUluZm9ybWF0aW9uIHRoYXQgeW91IHByb3ZpZGUgYnkgZmlsbGluZyBpbiBmb3JtcyBvciBwcm9maWxlcyBvbiBvdXIgV2Vic2l0ZS4gVGhpcyBpbmNsdWRlcyBpbmZvcm1hdGlvbiBwcm92aWRlZCBhdCB0aGUgdGltZSBvZiByZWdpc3RlcmluZyB0byB1c2Ugb3VyIFdlYnNpdGUsIHN1YnNjcmliaW5nIHRvIG91ciBzZXJ2aWNlLCBwb3N0aW5nIG1hdGVyaWFsLCBvciByZXF1ZXN0aW5nIGZ1cnRoZXIgc2VydmljZXMuIFdlIG1heSBhbHNvIGFzayB5b3UgZm9yIGluZm9ybWF0aW9uIHdoZW4geW91IGVudGVyIGEgY29udGVzdCBvciBwcm9tb3Rpb24gc3BvbnNvcmVkIGJ5IHVzLCBhbmQgd2hlbiB5b3UgcmVwb3J0IGEgcHJvYmxlbSB3aXRoIG91ciBXZWJzaXRlLgrigKIJUmVjb3JkcyBhbmQgY29waWVzIG9mIHlvdXIgY29ycmVzcG9uZGVuY2UgKGluY2x1ZGluZyBlbWFpbCBhZGRyZXNzZXMpLCBpZiB5b3UgY29udGFjdCB1cy4K4oCiCVlvdXIgcmVzcG9uc2VzIHRvIHN1cnZleXMgdGhhdCB3ZSBtaWdodCBhc2sgeW91IHRvIGNvbXBsZXRlIGZvciByZXNlYXJjaCBwdXJwb3Nlcy4K4oCiCURldGFpbHMgb2YgdHJhbnNhY3Rpb25zIHlvdSBjYXJyeSBvdXQgdGhyb3VnaCBvdXIgV2Vic2l0ZSBhbmQgb2YgdGhlIGZ1bGZpbGxtZW50IG9mIHlvdXIgb3JkZXJzLiBZb3UgbWF5IGJlIHJlcXVpcmVkIHRvIHByb3ZpZGUgZmluYW5jaWFsIGluZm9ybWF0aW9uIGJlZm9yZSBwbGFjaW5nIGFuIG9yZGVyIHRocm91Z2ggb3VyIFdlYnNpdGUuCuKAoglZb3VyIHNlYXJjaCBxdWVyaWVzIG9uIHRoZSBXZWJzaXRlLgpZb3UgYWxzbyBtYXkgcHJvdmlkZSBpbmZvcm1hdGlvbiB0byBiZSBwdWJsaXNoZWQgb3IgZGlzcGxheWVkIChoZXJlaW5hZnRlciwgInBvc3RlZCIpIG9uIHB1YmxpYyBhcmVhcyBvZiB0aGUgV2Vic2l0ZSwgb3IgdHJhbnNtaXR0ZWQgdG8gb3RoZXIgdXNlcnMgb2YgdGhlIFdlYnNpdGUgb3IgdGhpcmQgcGFydGllcyAoY29sbGVjdGl2ZWx5LCAiVXNlciBDb250cmlidXRpb25zIikuIFlvdXIgVXNlciBDb250cmlidXRpb25zIGFyZSBwb3N0ZWQgb24gYW5kIHRyYW5zbWl0dGVkIHRvIG90aGVycyBhdCB5b3VyIG93biByaXNrLiBBbHRob3VnaCB3ZSBsaW1pdCBhY2Nlc3MgdG8gY2VydGFpbiBwYWdlcywgcGxlYXNlIGJlIGF3YXJlIHRoYXQgbm8gc2VjdXJpdHkgbWVhc3VyZXMgYXJlIHBlcmZlY3Qgb3IgaW1wZW5ldHJhYmxlLiBBZGRpdGlvbmFsbHksIHdlIGNhbm5vdCBjb250cm9sIHRoZSBhY3Rpb25zIG9mIG90aGVyIHVzZXJzIG9mIHRoZSBXZWJzaXRlIHdpdGggd2hvbSB5b3UgbWF5IGNob29zZSB0byBzaGFyZSB5b3VyIFVzZXIgQ29udHJpYnV0aW9ucy4gVGhlcmVmb3JlLCB3ZSBjYW5ub3QgYW5kIGRvIG5vdCBndWFyYW50ZWUgdGhhdCB5b3VyIFVzZXIgQ29udHJpYnV0aW9ucyB3aWxsIG5vdCBiZSB2aWV3ZWQgYnkgdW5hdXRob3JpemVkIHBlcnNvbnMuCgpJbmZvcm1hdGlvbiBXZSBDb2xsZWN0IFRocm91Z2ggQXV0b21hdGljIERhdGEgQ29sbGVjdGlvbiBUZWNobm9sb2dpZXMuICBBcyB5b3UgbmF2aWdhdGUgdGhyb3VnaCBhbmQgaW50ZXJhY3Qgd2l0aCBvdXIgV2Vic2l0ZSwgd2UgbWF5IHVzZSBhdXRvbWF0aWMgZGF0YSBjb2xsZWN0aW9uIHRlY2hub2xvZ2llcyB0byBjb2xsZWN0IGNlcnRhaW4gaW5mb3JtYXRpb24gYWJvdXQgeW91ciBlcXVpcG1lbnQsIGJyb3dzaW5nIGFjdGlvbnMsIGFuZCBwYXR0ZXJucywgaW5jbHVkaW5nOgrigKIJIERldGFpbHMgb2YgeW91ciB2aXNpdHMgdG8gb3VyIFdlYnNpdGUsIGluY2x1ZGluZyB0cmFmZmljIGRhdGEsIGxvY2F0aW9uIGRhdGEsIGxvZ3MsIGFuZCBvdGhlciBjb21tdW5pY2F0aW9uIGRhdGEgYW5kIHRoZSByZXNvdXJjZXMgdGhhdCB5b3UgYWNjZXNzIGFuZCB1c2Ugb24gdGhlIFdlYnNpdGUuCuKAoglJbmZvcm1hdGlvbiBhYm91dCB5b3VyIGNvbXB1dGVyIGFuZCBpbnRlcm5ldCBjb25uZWN0aW9uLCBpbmNsdWRpbmcgeW91ciBJUCBhZGRyZXNzLCBvcGVyYXRpbmcgc3lzdGVtLCBhbmQgYnJvd3NlciB0eXBlLgpXZSBhbHNvIG1heSB1c2UgdGhlc2UgdGVjaG5vbG9naWVzIHRvIGNvbGxlY3QgaW5mb3JtYXRpb24gYWJvdXQgeW91ciBvbmxpbmUgYWN0aXZpdGllcyBvdmVyIHRpbWUgYW5kIGFjcm9zcyB0aGlyZC1wYXJ0eSB3ZWJzaXRlcyBvciBvdGhlciBvbmxpbmUgc2VydmljZXMgKGJlaGF2aW9yYWwgdHJhY2tpbmcpLiAKVGhlIGluZm9ybWF0aW9uIHdlIGNvbGxlY3QgYXV0b21hdGljYWxseSBpcyBzdGF0aXN0aWNhbCBkYXRhIGFuZCBtYXkgaW5jbHVkZSBwZXJzb25hbCBpbmZvcm1hdGlvbiwgYnV0IHdlIG1heSBtYWludGFpbiBpdCBvciBhc3NvY2lhdGUgaXQgd2l0aCBwZXJzb25hbCBpbmZvcm1hdGlvbiB3ZSBjb2xsZWN0IGluIG90aGVyIHdheXMgb3IgcmVjZWl2ZSBmcm9tIHRoaXJkIHBhcnRpZXMuIEl0IGhlbHBzIHVzIHRvIGltcHJvdmUgb3VyIFdlYnNpdGUgYW5kIHRvIGRlbGl2ZXIgYSBiZXR0ZXIgYW5kIG1vcmUgcGVyc29uYWxpemVkIHNlcnZpY2UsIGluY2x1ZGluZyBieSBlbmFibGluZyB1cyB0bzoK4oCiCUVzdGltYXRlIG91ciBhdWRpZW5jZSBzaXplIGFuZCB1c2FnZSBwYXR0ZXJucy4K4oCiCVN0b3JlIGluZm9ybWF0aW9uIGFib3V0IHlvdXIgcHJlZmVyZW5jZXMsIGFsbG93aW5nIHVzIHRvIGN1c3RvbWl6ZSBvdXIgV2Vic2l0ZSBhY2NvcmRpbmcgdG8geW91ciBpbmRpdmlkdWFsIGludGVyZXN0cy4K4oCiCVNwZWVkIHVwIHlvdXIgc2VhcmNoZXMuCuKAoglSZWNvZ25pemUgeW91IHdoZW4geW91IHJldHVybiB0byBvdXIgV2Vic2l0ZS4KClRoZSB0ZWNobm9sb2dpZXMgd2UgdXNlIGZvciB0aGlzIGF1dG9tYXRpYyBkYXRhIGNvbGxlY3Rpb24gbWF5IGluY2x1ZGU6CgrigKIJQ29va2llcyAob3IgYnJvd3NlciBjb29raWVzKS4gQSBjb29raWUgaXMgYSBzbWFsbCBmaWxlIHBsYWNlZCBvbiB0aGUgaGFyZCBkcml2ZSBvZiB5b3VyIGNvbXB1dGVyLiBZb3UgbWF5IHJlZnVzZSB0byBhY2NlcHQgYnJvd3NlciBjb29raWVzIGJ5IGFjdGl2YXRpbmcgdGhlIGFwcHJvcHJpYXRlIHNldHRpbmcgb24geW91ciBicm93c2VyLiBIb3dldmVyLCBpZiB5b3Ugc2VsZWN0IHRoaXMgc2V0dGluZyB5b3UgbWF5IGJlIHVuYWJsZSB0byBhY2Nlc3MgY2VydGFpbiBwYXJ0cyBvZiBvdXIgV2Vic2l0ZS4gVW5sZXNzIHlvdSBoYXZlIGFkanVzdGVkIHlvdXIgYnJvd3NlciBzZXR0aW5nIHNvIHRoYXQgaXQgd2lsbCByZWZ1c2UgY29va2llcywgb3VyIHN5c3RlbSB3aWxsIGlzc3VlIGNvb2tpZXMgd2hlbiB5b3UgZGlyZWN0IHlvdXIgYnJvd3NlciB0byBvdXIgV2Vic2l0ZS4gCuKAoglGbGFzaCBDb29raWVzLiBDZXJ0YWluIGZlYXR1cmVzIG9mIG91ciBXZWJzaXRlIG1heSB1c2UgbG9jYWxseSBzdG9yZWQgb2JqZWN0cyAob3IgRmxhc2ggY29va2llcykgdG8gY29sbGVjdCBhbmQgc3RvcmUgaW5mb3JtYXRpb24gYWJvdXQgeW91ciBwcmVmZXJlbmNlcyBhbmQgbmF2aWdhdGlvbiB0bywgZnJvbSwgYW5kIG9uIG91ciBXZWJzaXRlLiBGbGFzaCBjb29raWVzIGFyZSBub3QgbWFuYWdlZCBieSB0aGUgc2FtZSBicm93c2VyIHNldHRpbmdzIGFzIGFyZSB1c2VkIGZvciBicm93c2VyIGNvb2tpZXMuIEZvciBpbmZvcm1hdGlvbiBhYm91dCBtYW5hZ2luZyB5b3VyIHByaXZhY3kgYW5kIHNlY3VyaXR5IHNldHRpbmdzIGZvciBGbGFzaCBjb29raWVzLCBzZWUgQ2hvaWNlcyBBYm91dCBIb3cgV2UgVXNlIGFuZCBEaXNjbG9zZSBZb3VyIEluZm9ybWF0aW9uLgrigKIJV2ViIEJlYWNvbnMuIFBhZ2VzIG9mIG91ciB0aGUgV2Vic2l0ZSBhbmQgb3VyIGUtbWFpbHMgbWF5IGNvbnRhaW4gc21hbGwgZWxlY3Ryb25pYyBmaWxlcyBrbm93biBhcyB3ZWIgYmVhY29ucyAoYWxzbyByZWZlcnJlZCB0byBhcyBjbGVhciBnaWZzLCBwaXhlbCB0YWdzLCBhbmQgc2luZ2xlLXBpeGVsIGdpZnMpIHRoYXQgcGVybWl0IHRoZSBDb21wYW55LCBmb3IgZXhhbXBsZSwgdG8gY291bnQgdXNlcnMgd2hvIGhhdmUgdmlzaXRlZCB0aG9zZSBwYWdlcyBvciBvcGVuZWQgYW4gZW1haWwgYW5kIGZvciBvdGhlciByZWxhdGVkIHdlYnNpdGUgc3RhdGlzdGljcyAoZm9yIGV4YW1wbGUsIHJlY29yZGluZyB0aGUgcG9wdWxhcml0eSBvZiBjZXJ0YWluIHdlYnNpdGUgY29udGVudCBhbmQgdmVyaWZ5aW5nIHN5c3RlbSBhbmQgc2VydmVyIGludGVncml0eSkuIApUaGlyZC1QYXJ0eSBVc2Ugb2YgQ29va2llcyBhbmQgT3RoZXIgVHJhY2tpbmcgVGVjaG5vbG9naWVzLgpTb21lIGNvbnRlbnQgb3IgYXBwbGljYXRpb25zLCBpbmNsdWRpbmcgYWR2ZXJ0aXNlbWVudHMsIG9uIHRoZSBXZWJzaXRlLCBhcmUgc2VydmVkIGJ5IHRoaXJkLXBhcnRpZXMsIGluY2x1ZGluZyBhZHZlcnRpc2VycywgYWQgbmV0d29ya3MgYW5kIHNlcnZlcnMsIGNvbnRlbnQgcHJvdmlkZXJzLCBhbmQgYXBwbGljYXRpb24gcHJvdmlkZXJzLiBUaGVzZSB0aGlyZCBwYXJ0aWVzIG1heSB1c2UgY29va2llcyBhbG9uZSBvciBpbiBjb25qdW5jdGlvbiB3aXRoIHdlYiBiZWFjb25zIG9yIG90aGVyIHRyYWNraW5nIHRlY2hub2xvZ2llcyB0byBjb2xsZWN0IGluZm9ybWF0aW9uIGFib3V0IHlvdSB3aGVuIHlvdSB1c2Ugb3VyIHdlYnNpdGUuIFRoZSBpbmZvcm1hdGlvbiB0aGV5IGNvbGxlY3QgbWF5IGJlIGFzc29jaWF0ZWQgd2l0aCB5b3VyIHBlcnNvbmFsIGluZm9ybWF0aW9uIG9yIHRoZXkgbWF5IGNvbGxlY3QgaW5mb3JtYXRpb24sIGluY2x1ZGluZyBwZXJzb25hbCBpbmZvcm1hdGlvbiwgYWJvdXQgeW91ciBvbmxpbmUgYWN0aXZpdGllcyBvdmVyIHRpbWUgYW5kIGFjcm9zcyBkaWZmZXJlbnQgd2Vic2l0ZXMgYW5kIG90aGVyIG9ubGluZSBzZXJ2aWNlcy4gVGhleSBtYXkgdXNlIHRoaXMgaW5mb3JtYXRpb24gdG8gcHJvdmlkZSB5b3Ugd2l0aCBpbnRlcmVzdC1iYXNlZCAoYmVoYXZpb3JhbCkgYWR2ZXJ0aXNpbmcgb3Igb3RoZXIgdGFyZ2V0ZWQgY29udGVudC4gCldlIGRvIG5vdCBjb250cm9sIHRoZXNlIHRoaXJkIHBhcnRpZXMnIHRyYWNraW5nIHRlY2hub2xvZ2llcyBvciBob3cgdGhleSBtYXkgYmUgdXNlZC4gSWYgeW91IGhhdmUgYW55IHF1ZXN0aW9ucyBhYm91dCBhbiBhZHZlcnRpc2VtZW50IG9yIG90aGVyIHRhcmdldGVkIGNvbnRlbnQsIHlvdSBzaG91bGQgY29udGFjdCB0aGUgcmVzcG9uc2libGUgcHJvdmlkZXIgZGlyZWN0bHkuIApIb3cgV2UgVXNlIFlvdXIgSW5mb3JtYXRpb24KV2UgdXNlIGluZm9ybWF0aW9uIHRoYXQgd2UgY29sbGVjdCBhYm91dCB5b3Ugb3IgdGhhdCB5b3UgcHJvdmlkZSB0byB1cywgaW5jbHVkaW5nIGFueSBwZXJzb25hbCBpbmZvcm1hdGlvbjoK4oCiCVRvIHByZXNlbnQgb3VyIFdlYnNpdGUgYW5kIGl0cyBjb250ZW50cyB0byB5b3UuCuKAoglUbyBwcm92aWRlIHlvdSB3aXRoIGluZm9ybWF0aW9uLCBwcm9kdWN0cywgb3Igc2VydmljZXMgdGhhdCB5b3UgcmVxdWVzdCBmcm9tIHVzLgrigKIJVG8gZnVsZmlsbCBhbnkgb3RoZXIgcHVycG9zZSBmb3Igd2hpY2ggeW91IHByb3ZpZGUgaXQuCuKAoglUbyBwcm92aWRlIHlvdSB3aXRoIG5vdGljZXMgYWJvdXQgeW91ciBhY2NvdW50LCBpbmNsdWRpbmcgZXhwaXJhdGlvbiBhbmQgcmVuZXdhbCBub3RpY2VzLgrigKIJVG8gY2Fycnkgb3V0IG91ciBvYmxpZ2F0aW9ucyBhbmQgZW5mb3JjZSBvdXIgcmlnaHRzIGFyaXNpbmcgZnJvbSBhbnkgY29udHJhY3RzIGVudGVyZWQgaW50byBiZXR3ZWVuIHlvdSBhbmQgdXMsIGluY2x1ZGluZyBmb3IgYmlsbGluZyBhbmQgY29sbGVjdGlvbi4K4oCiCVRvIG5vdGlmeSB5b3UgYWJvdXQgY2hhbmdlcyB0byBvdXIgV2Vic2l0ZSBvciBhbnkgcHJvZHVjdHMgb3Igc2VydmljZXMgd2Ugb2ZmZXIgb3IgcHJvdmlkZSB0aHJvdWdoIGl0LgrigKIJVG8gYWxsb3cgeW91IHRvIHBhcnRpY2lwYXRlIGluIGludGVyYWN0aXZlIGZlYXR1cmVzIG9uIG91ciBXZWJzaXRlLgrigKIJSW4gYW55IG90aGVyIHdheSwgd2UgbWF5IGRlc2NyaWJlIHdoZW4geW91IHByb3ZpZGUgdGhlIGluZm9ybWF0aW9uLgrigKIJRm9yIGFueSBvdGhlciBwdXJwb3NlIHdpdGggeW91ciBjb25zZW50LgpXZSBtYXkgYWxzbyB1c2UgeW91ciBpbmZvcm1hdGlvbiB0byBjb250YWN0IHlvdSBhYm91dCBvdXIgb3duIGFuZCB0aGlyZC1wYXJ0aWVzJyBnb29kcyBhbmQgc2VydmljZXMgdGhhdCBtYXkgYmUgb2YgaW50ZXJlc3QgdG8geW91LiBJZiB5b3UgZG8gbm90IHdhbnQgdXMgdG8gdXNlIHlvdXIgaW5mb3JtYXRpb24gaW4gdGhpcyB3YXksIHBsZWFzZSBhZGp1c3QgeW91ciB1c2VyIHByZWZlcmVuY2VzIGluIHlvdXIgYWNjb3VudCBwcm9maWxlLgpXZSBtYXkgdXNlIHRoZSBpbmZvcm1hdGlvbiB3ZSBoYXZlIGNvbGxlY3RlZCBmcm9tIHlvdSB0byBlbmFibGUgdXMgdG8gZGlzcGxheSBhZHZlcnRpc2VtZW50cyB0byBvdXIgYWR2ZXJ0aXNlcnMnIHRhcmdldCBhdWRpZW5jZXMuIEV2ZW4gdGhvdWdoIHdlIGRvIG5vdCBkaXNjbG9zZSB5b3VyIHBlcnNvbmFsIGluZm9ybWF0aW9uIGZvciB0aGVzZSBwdXJwb3NlcyB3aXRob3V0IHlvdXIgY29uc2VudCwgaWYgeW91IGNsaWNrIG9uIG9yIG90aGVyd2lzZSBpbnRlcmFjdCB3aXRoIGFuIGFkdmVydGlzZW1lbnQsIHRoZSBhZHZlcnRpc2VyIG1heSBhc3N1bWUgdGhhdCB5b3UgbWVldCBpdHMgdGFyZ2V0IGNyaXRlcmlhLgpEaXNjbG9zdXJlIG9mIFlvdXIgSW5mb3JtYXRpb24KV2UgbWF5IGRpc2Nsb3NlIGFnZ3JlZ2F0ZWQgaW5mb3JtYXRpb24gYWJvdXQgb3VyIHVzZXJzLCBhbmQgaW5mb3JtYXRpb24gdGhhdCBkb2VzIG5vdCBpZGVudGlmeSBhbnkgaW5kaXZpZHVhbCwgd2l0aG91dCByZXN0cmljdGlvbi4gCldlIG1heSBkaXNjbG9zZSBwZXJzb25hbCBpbmZvcm1hdGlvbiB0aGF0IHdlIGNvbGxlY3Qgb3IgeW91IHByb3ZpZGUgYXMgZGVzY3JpYmVkIGluIHRoaXMgcHJpdmFjeSBwb2xpY3k6CuKAoglUbyBvdXIgc3Vic2lkaWFyaWVzIGFuZCBhZmZpbGlhdGVzLgrigKIJVG8gY29udHJhY3RvcnMsIHNlcnZpY2UgcHJvdmlkZXJzLCBhbmQgb3RoZXIgdGhpcmQgcGFydGllcyB3ZSB1c2UgdG8gc3VwcG9ydCBvdXIgYnVzaW5lc3MgYW5kIHdobyBhcmUgYm91bmQgYnkgY29udHJhY3R1YWwgb2JsaWdhdGlvbnMgdG8ga2VlcCBwZXJzb25hbCBpbmZvcm1hdGlvbiBjb25maWRlbnRpYWwgYW5kIHVzZSBpdCBvbmx5IGZvciB0aGUgcHVycG9zZXMgZm9yIHdoaWNoIHdlIGRpc2Nsb3NlIGl0IHRvIHRoZW0uCuKAoglUbyBhIGJ1eWVyIG9yIG90aGVyIHN1Y2Nlc3NvciBpbiB0aGUgZXZlbnQgb2YgYSBtZXJnZXIsIGRpdmVzdGl0dXJlLCByZXN0cnVjdHVyaW5nLCByZW9yZ2FuaXphdGlvbiwgZGlzc29sdXRpb24sIG9yIG90aGVyIHNhbGUgb3IgdHJhbnNmZXIgb2Ygc29tZSBvciBhbGwgb2YgdGhlIENvbXBhbnkncyBhc3NldHMsIHdoZXRoZXIgYXMgYSBnb2luZyBjb25jZXJuIG9yIGFzIHBhcnQgb2YgYmFua3J1cHRjeSwgbGlxdWlkYXRpb24sIG9yIHNpbWlsYXIgcHJvY2VlZGluZywgaW4gd2hpY2ggcGVyc29uYWwgaW5mb3JtYXRpb24gaGVsZCBieSB0aGUgQ29tcGFueSBhYm91dCBvdXIgV2Vic2l0ZSB1c2VycyBpcyBhbW9uZyB0aGUgYXNzZXRzIHRyYW5zZmVycmVkLgrigKIJVG8gdGhpcmQgcGFydGllcyB0byBtYXJrZXQgdGhlaXIgcHJvZHVjdHMgb3Igc2VydmljZXMgdG8geW91IGlmIHlvdSBoYXZlIG5vdCBvcHRlZCBvdXQgb2YgdGhlc2UgZGlzY2xvc3VyZXMuIFdlIGNvbnRyYWN0dWFsbHkgcmVxdWlyZSB0aGVzZSB0aGlyZCBwYXJ0aWVzIHRvIGtlZXAgcGVyc29uYWwgaW5mb3JtYXRpb24gY29uZmlkZW50aWFsIGFuZCB1c2UgaXQgb25seSBmb3IgdGhlIHB1cnBvc2VzIGZvciB3aGljaCB3ZSBkaXNjbG9zZSBpdCB0byB0aGVtLgrigKIJVG8gZnVsZmlsbCB0aGUgcHVycG9zZSBmb3Igd2hpY2ggeW91IHByb3ZpZGUgaXQuIEZvciBleGFtcGxlLCBpZiB5b3UgZ2l2ZSB1cyBhbiBlbWFpbCBhZGRyZXNzIHRvIHVzZSB0aGUgImVtYWlsIGFub3RoZXIiIGZlYXR1cmUgb2Ygb3VyIFdlYnNpdGUsIHdlIHdpbGwgdHJhbnNtaXQgdGhlIGNvbnRlbnRzIG9mIHRoYXQgZW1haWwgYW5kIHlvdXIgZW1haWwgYWRkcmVzcyB0byB0aGUgcmVjaXBpZW50cy4K4oCiCUZvciBhbnkgb3RoZXIgcHVycG9zZSBkaXNjbG9zZWQgYnkgdXMgd2hlbiB5b3UgcHJvdmlkZSB0aGUgaW5mb3JtYXRpb24uCuKAoglXaXRoIHlvdXIgY29uc2VudC4KCldlIG1heSBhbHNvIGRpc2Nsb3NlIHlvdXIgcGVyc29uYWwgaW5mb3JtYXRpb246CuKAoglUbyBjb21wbHkgd2l0aCBhbnkgY291cnQgb3JkZXIsIGxhdywgb3IgbGVnYWwgcHJvY2VzcywgaW5jbHVkaW5nIHRvIHJlc3BvbmQgdG8gYW55IGdvdmVybm1lbnQgb3IgcmVndWxhdG9yeSByZXF1ZXN0LgrigKIJVG8gZW5mb3JjZSBvciBhcHBseSBvdXIgdGVybXMgb2YgdXNlIHd3dy5zdHJlZXR3b3JrLmNvbS90b3UgYW5kIG90aGVyIGFncmVlbWVudHMsIGluY2x1ZGluZyBmb3IgYmlsbGluZyBhbmQgY29sbGVjdGlvbiBwdXJwb3Nlcy4K4oCiCUlmIHdlIGJlbGlldmUgZGlzY2xvc3VyZSBpcyBuZWNlc3Nhcnkgb3IgYXBwcm9wcmlhdGUgdG8gcHJvdGVjdCB0aGUgcmlnaHRzLCBwcm9wZXJ0eSwgb3Igc2FmZXR5IG9mIHRoZSBDb21wYW55LCBvdXIgY3VzdG9tZXJzLCBvciBvdGhlcnMuIFRoaXMgaW5jbHVkZXMgZXhjaGFuZ2luZyBpbmZvcm1hdGlvbiB3aXRoIG90aGVyIGNvbXBhbmllcyBhbmQgb3JnYW5pemF0aW9ucyBmb3IgdGhlIHB1cnBvc2VzIG9mIGZyYXVkIHByb3RlY3Rpb24gYW5kIGNyZWRpdCByaXNrIHJlZHVjdGlvbi4KQ2hvaWNlcyBBYm91dCBIb3cgV2UgVXNlIGFuZCBEaXNjbG9zZSBZb3VyIEluZm9ybWF0aW9uCldlIHN0cml2ZSB0byBwcm92aWRlIHlvdSB3aXRoIGNob2ljZXMgcmVnYXJkaW5nIHRoZSBwZXJzb25hbCBpbmZvcm1hdGlvbiB5b3UgcHJvdmlkZSB0byB1cy4gV2UgaGF2ZSBjcmVhdGVkIG1lY2hhbmlzbXMgdG8gcHJvdmlkZSB5b3Ugd2l0aCB0aGUgZm9sbG93aW5nIGNvbnRyb2wgb3ZlciB5b3VyIGluZm9ybWF0aW9uOiAK4oCiCVRyYWNraW5nIFRlY2hub2xvZ2llcyBhbmQgQWR2ZXJ0aXNpbmcuIFlvdSBjYW4gc2V0IHlvdXIgYnJvd3NlciB0byByZWZ1c2UgYWxsIG9yIHNvbWUgYnJvd3NlciBjb29raWVzIG9yIHRvIGFsZXJ0IHlvdSB3aGVuIGNvb2tpZXMgYXJlIGJlaW5nIHNlbnQuIFRvIGxlYXJuIGhvdyB5b3UgY2FuIG1hbmFnZSB5b3VyIEZsYXNoIGNvb2tpZSBzZXR0aW5ncywgdmlzaXQgdGhlIEZsYXNoIHBsYXllciBzZXR0aW5ncyBwYWdlIG9uIEFkb2JlJ3Mgd2Vic2l0ZS4gSWYgeW91IGRpc2FibGUgb3IgcmVmdXNlIGNvb2tpZXMsIHBsZWFzZSBub3RlIHRoYXQgc29tZSBwYXJ0cyBvZiB0aGlzIHNpdGUgbWF5IHRoZW4gYmUgaW5hY2Nlc3NpYmxlIG9yIG5vdCBmdW5jdGlvbiBwcm9wZXJseS4K4oCiCURpc2Nsb3N1cmUgb2YgWW91ciBJbmZvcm1hdGlvbiBmb3IgVGhpcmQtUGFydHkgQWR2ZXJ0aXNpbmcuIElmIHlvdSBkbyBub3Qgd2FudCB1cyB0byBzaGFyZSB5b3VyIHBlcnNvbmFsIGluZm9ybWF0aW9uIHdpdGggdW5hZmZpbGlhdGVkIG9yIG5vbi1hZ2VudCB0aGlyZCBwYXJ0aWVzIGZvciBwcm9tb3Rpb25hbCBwdXJwb3NlcywgeW91IGNhbiBvcHQtb3V0IGJ5IGNoZWNraW5nIHRoZSByZWxldmFudCBib3ggbG9jYXRlZCBvbiB0aGUgZm9ybSBvbiB3aGljaCB3ZSBjb2xsZWN0IHlvdXIgZGF0YS4gWW91IGNhbiBhbHNvIGFsd2F5cyBvcHQtb3V0IGJ5bG9nZ2luZyBpbnRvIHRoZSBXZWJzaXRlIGFuZCBhZGp1c3RpbmcgeW91ciB1c2VyIHByZWZlcmVuY2VzIGluIHlvdXIgYWNjb3VudCBwcm9maWxlIGJ5IGNoZWNraW5nIG9yIHVuY2hlY2tpbmcgdGhlIHJlbGV2YW50IGJveGVzIG9yIGJ5IHNlbmRpbmcgdXMgYW4gZW1haWwgc3RhdGluZyB5b3VyIHJlcXVlc3QuCuKAoglQcm9tb3Rpb25hbCBPZmZlcnMgZnJvbSB0aGUgQ29tcGFueS4gSWYgeW91IGRvIG5vdCB3aXNoIHRvIGhhdmUgeW91ciBjb250YWN0IGluZm9ybWF0aW9uIHVzZWQgYnkgdGhlIENvbXBhbnkgdG8gcHJvbW90ZSBvdXIgb3duIG9yIHRoaXJkIHBhcnRpZXMnIHByb2R1Y3RzIG9yIHNlcnZpY2VzLCB5b3UgY2FuIG9wdC1vdXQgYnkgbG9nZ2luZyBpbnRvIHRoZSBXZWJzaXRlIGFuZCBhZGp1c3RpbmcgeW91ciB1c2VyIHByZWZlcmVuY2VzIGluIHlvdXIgYWNjb3VudCBwcm9maWxlIGJ5IGNoZWNraW5nIG9yIHVuY2hlY2tpbmcgdGhlIHJlbGV2YW50IGJveGVzIG9yIGJ5IHNlbmRpbmcgdXMgYW4gZW1haWwgc3RhdGluZyB5b3VyIHJlcXVlc3QuIElmIHdlIGhhdmUgc2VudCB5b3UgYSBwcm9tb3Rpb25hbCBlbWFpbCwgeW91IG1heSBzZW5kIHVzIGEgcmV0dXJuIGVtYWlsIGFza2luZyB0byBiZSBvbWl0dGVkIGZyb20gZnV0dXJlIGVtYWlsIGRpc3RyaWJ1dGlvbnMuIFRoaXMgb3B0LW91dCBkb2VzIG5vdCBhcHBseSB0byBpbmZvcm1hdGlvbiBwcm92aWRlZCB0byB0aGUgQ29tcGFueSBhcyBhIHJlc3VsdCBvZiBhIHByb2R1Y3QgcHVyY2hhc2UsIHdhcnJhbnR5IHJlZ2lzdHJhdGlvbiwgcHJvZHVjdCBzZXJ2aWNlIGV4cGVyaWVuY2Ugb3Igb3RoZXIgdHJhbnNhY3Rpb25zLgrigKIJVGFyZ2V0ZWQgQWR2ZXJ0aXNpbmcuIElmIHlvdSBkbyBub3Qgd2FudCB1cyB0byB1c2UgaW5mb3JtYXRpb24gdGhhdCB3ZSBjb2xsZWN0IG9yIHRoYXQgeW91IHByb3ZpZGUgdG8gdXMgdG8gZGVsaXZlciBhZHZlcnRpc2VtZW50cyBhY2NvcmRpbmcgdG8gb3VyIGFkdmVydGlzZXJzJyB0YXJnZXQtYXVkaWVuY2UgcHJlZmVyZW5jZXMsIHlvdSBjYW4gb3B0LW91dCBieSBzZW5kaW5nIHVzIGFuIGVtYWlsIHJlcXVlc3QuIApXZSBkbyBub3QgY29udHJvbCB0aGlyZCBwYXJ0aWVzJyBjb2xsZWN0aW9uIG9yIHVzZSBvZiB5b3VyIGluZm9ybWF0aW9uIHRvIHNlcnZlIGludGVyZXN0LWJhc2VkIGFkdmVydGlzaW5nLiBIb3dldmVyLCB0aGVzZSB0aGlyZCBwYXJ0aWVzIG1heSBwcm92aWRlIHlvdSB3aXRoIHdheXMgdG8gY2hvb3NlIG5vdCB0byBoYXZlIHlvdXIgaW5mb3JtYXRpb24gY29sbGVjdGVkIG9yIHVzZWQgaW4gdGhpcyB3YXkuIFlvdSBjYW4gb3B0IG91dCBvZiByZWNlaXZpbmcgdGFyZ2V0ZWQgYWRzIGZyb20gbWVtYmVycyBvZiB0aGUgTmV0d29yayBBZHZlcnRpc2luZyBJbml0aWF0aXZlICgiTkFJIikgb24gdGhlIE5BSSdzIHdlYnNpdGUuCkFjY2Vzc2luZyBhbmQgQ29ycmVjdGluZyBZb3VyIEluZm9ybWF0aW9uCllvdSBjYW4gcmV2aWV3IGFuZCBjaGFuZ2UgeW91ciBwZXJzb25hbCBpbmZvcm1hdGlvbiBieSBsb2dnaW5nIGludG8gdGhlIFdlYnNpdGUgYW5kIHZpc2l0aW5nIHlvdXIgYWNjb3VudCBwcm9maWxlIHBhZ2UuCllvdSBtYXkgYWxzbyBzZW5kIHVzIGFuIGVtYWlsIHRvIHJlcXVlc3QgYWNjZXNzIHRvLCBjb3JyZWN0IG9yIGRlbGV0ZSBhbnkgcGVyc29uYWwgaW5mb3JtYXRpb24gdGhhdCB5b3UgaGF2ZSBwcm92aWRlZCB0byB1cy4gV2UgY2Fubm90IGRlbGV0ZSB5b3VyIHBlcnNvbmFsIGluZm9ybWF0aW9uIGV4Y2VwdCBieSBhbHNvIGRlbGV0aW5nIHlvdXIgdXNlciBhY2NvdW50LiBXZSBtYXkgbm90IGFjY29tbW9kYXRlIGEgcmVxdWVzdCB0byBjaGFuZ2UgaW5mb3JtYXRpb24gaWYgd2UgYmVsaWV2ZSB0aGUgY2hhbmdlIHdvdWxkIHZpb2xhdGUgYW55IGxhdyBvciBsZWdhbCByZXF1aXJlbWVudCBvciBjYXVzZSB0aGUgaW5mb3JtYXRpb24gdG8gYmUgaW5jb3JyZWN0LgpJZiB5b3UgZGVsZXRlIHlvdXIgVXNlciBDb250cmlidXRpb25zIGZyb20gdGhlIFdlYnNpdGUsIGNvcGllcyBvZiB5b3VyIFVzZXIgQ29udHJpYnV0aW9ucyBtYXkgcmVtYWluIHZpZXdhYmxlIGluIGNhY2hlZCBhbmQgYXJjaGl2ZWQgcGFnZXMgb3IgbWlnaHQgaGF2ZSBiZWVuIGNvcGllZCBvciBzdG9yZWQgYnkgb3RoZXIgV2Vic2l0ZSB1c2Vycy4gUHJvcGVyIGFjY2VzcyBhbmQgdXNlIG9mIGluZm9ybWF0aW9uIHByb3ZpZGVkIG9uIHRoZSBXZWJzaXRlLCBpbmNsdWRpbmcgVXNlciBDb250cmlidXRpb25zLCBpcyBnb3Zlcm5lZCBieSBvdXIgdGVybXMgb2YgdXNlIGF0IHd3dy5zdHJlZXR3b3JrLmNvbS90b3UuCkRhdGEgU2VjdXJpdHkKV2UgaGF2ZSBpbXBsZW1lbnRlZCBtZWFzdXJlcyBkZXNpZ25lZCB0byBzZWN1cmUgeW91ciBwZXJzb25hbCBpbmZvcm1hdGlvbiBmcm9tIGFjY2lkZW50YWwgbG9zcyBhbmQgZnJvbSB1bmF1dGhvcml6ZWQgYWNjZXNzLCB1c2UsIGFsdGVyYXRpb24sIGFuZCBkaXNjbG9zdXJlLiBBbGwgaW5mb3JtYXRpb24geW91IHByb3ZpZGUgdG8gdXMgaXMgc3RvcmVkIG9uIG91ciBzZWN1cmUgc2VydmVycyBiZWhpbmQgZmlyZXdhbGxzLiBBbnkgcGF5bWVudCB0cmFuc2FjdGlvbnMgd2lsbCBiZSBlbmNyeXB0ZWQuClRoZSBzYWZldHkgYW5kIHNlY3VyaXR5IG9mIHlvdXIgaW5mb3JtYXRpb24gYWxzbyBkZXBlbmQgb24geW91LiBXaGVyZSB3ZSBoYXZlIGdpdmVuIHlvdSAob3Igd2hlcmUgeW91IGhhdmUgY2hvc2VuKSBhIHBhc3N3b3JkIGZvciBhY2Nlc3MgdG8gY2VydGFpbiBwYXJ0cyBvZiBvdXIgV2Vic2l0ZSwgeW91IGFyZSByZXNwb25zaWJsZSBmb3Iga2VlcGluZyB0aGlzIHBhc3N3b3JkIGNvbmZpZGVudGlhbC4gV2UgYXNrIHlvdSBub3QgdG8gc2hhcmUgeW91ciBwYXNzd29yZCB3aXRoIGFueW9uZS4gV2UgdXJnZSB5b3UgdG8gYmUgY2FyZWZ1bCBhYm91dCBnaXZpbmcgb3V0IGluZm9ybWF0aW9uIGluIHB1YmxpYyBhcmVhcyBvZiB0aGUgV2Vic2l0ZSBsaWtlIG1lc3NhZ2UgYm9hcmRzLiBUaGUgaW5mb3JtYXRpb24geW91IHNoYXJlIGluIHB1YmxpYyBhcmVhcyBtYXkgYmUgdmlld2VkIGJ5IGFueSB1c2VyIG9mIHRoZSBXZWJzaXRlLgpVbmZvcnR1bmF0ZWx5LCB0aGUgdHJhbnNtaXNzaW9uIG9mIGluZm9ybWF0aW9uIHZpYSB0aGUgaW50ZXJuZXQgaXMgbm90IGNvbXBsZXRlbHkgc2VjdXJlLiBBbHRob3VnaCB3ZSBkbyBvdXIgYmVzdCB0byBwcm90ZWN0IHlvdXIgcGVyc29uYWwgaW5mb3JtYXRpb24sIHdlIGNhbm5vdCBndWFyYW50ZWUgdGhlIHNlY3VyaXR5IG9mIHlvdXIgcGVyc29uYWwgaW5mb3JtYXRpb24gdHJhbnNtaXR0ZWQgdG8gb3VyIFdlYnNpdGUuIEFueSB0cmFuc21pc3Npb24gb2YgcGVyc29uYWwgaW5mb3JtYXRpb24gaXMgYXQgeW91ciBvd24gcmlzay4gV2UgYXJlIG5vdCByZXNwb25zaWJsZSBmb3IgY2lyY3VtdmVudGlvbiBvZiBhbnkgcHJpdmFjeSBzZXR0aW5ncyBvciBzZWN1cml0eSBtZWFzdXJlcyBjb250YWluZWQgb24gdGhlIFdlYnNpdGUuCkNoYW5nZXMgdG8gT3VyIFByaXZhY3kgUG9saWN5Ckl0IGlzIG91ciBwb2xpY3kgdG8gcG9zdCBhbnkgY2hhbmdlcyB3ZSBtYWtlIHRvIG91ciBwcml2YWN5IHBvbGljeSBvbiB0aGlzIHBhZ2UuIElmIHdlIG1ha2UgbWF0ZXJpYWwgY2hhbmdlcyB0byBob3cgd2UgdHJlYXQgb3VyIHVzZXJzJyBwZXJzb25hbCBpbmZvcm1hdGlvbiwgd2Ugd2lsbCBub3RpZnkgeW91IGJ5IGVtYWlsIHRvIHRoZSBwcmltYXJ5IGVtYWlsIGFkZHJlc3Mgc3BlY2lmaWVkIGluIHlvdXIgYWNjb3VudCBvciB0aHJvdWdoIGEgbm90aWNlIG9uIHRoZSBXZWJzaXRlIGhvbWUgcGFnZS4gVGhlIGRhdGUgdGhlIHByaXZhY3kgcG9saWN5IHdhcyBsYXN0IHJldmlzZWQgaXMgaWRlbnRpZmllZCBhdCB0aGUgdG9wIG9mIHRoZSBwYWdlLiBZb3UgYXJlIHJlc3BvbnNpYmxlIGZvciBlbnN1cmluZyB3ZSBoYXZlIGFuIHVwLXRvLWRhdGUgYWN0aXZlIGFuZCBkZWxpdmVyYWJsZSBlbWFpbCBhZGRyZXNzIGZvciB5b3UsIGFuZCBmb3IgcGVyaW9kaWNhbGx5IHZpc2l0aW5nIG91ciBXZWJzaXRlIGFuZCB0aGlzIHByaXZhY3kgcG9saWN5IHRvIGNoZWNrIGZvciBhbnkgY2hhbmdlcy4KQ29udGFjdCBJbmZvcm1hdGlvbgpUbyBhc2sgcXVlc3Rpb25zIG9yIGNvbW1lbnQgYWJvdXQgdGhpcyBwcml2YWN5IHBvbGljeSBhbmQgb3VyIHByaXZhY3kgcHJhY3RpY2VzLCBjb250YWN0IHVzIGF0OiAKaW5mb0BzdHJlZXR3b3JrLmNvbQ==','V2Vic2l0ZSBUZXJtcyBvZiBVc2UgPGJyLz4KTGFzdCBNb2RpZmllZDogT2N0b2JlciA1LCAyMDE3CkFjY2VwdGFuY2Ugb2YgdGhlIFRlcm1zIG9mIFVzZQpUaGVzZSB0ZXJtcyBvZiB1c2UgYXJlIGVudGVyZWQgaW50byBieSBhbmQgYmV0d2VlbiBZb3UgKGFuZCDigJxZb3Vy4oCdKSBhbmRUb3duc2VuZCBSZXNvdXJjZXMsIExMQywgREJBIFN0cmVldHdvcmsgTWFya2V0aW5nLCAoaGVyZWluYWZ0ZXIgcmVmZXJyZWQgdG8gYXMgIkNvbXBhbnkiLCAid2UiIG9yICJ1cyIpLiBUaGUgZm9sbG93aW5nIHRlcm1zIGFuZCBjb25kaXRpb25zLCB0b2dldGhlciB3aXRoIGFueSBkb2N1bWVudHMgdGhleSBleHByZXNzbHkgaW5jb3Jwb3JhdGUgYnkgcmVmZXJlbmNlIChjb2xsZWN0aXZlbHksIHRoZXNlICJUZXJtcyBvZiBVc2UiKSwgZ292ZXJuIHlvdXIgYWNjZXNzIHRvIGFuZCB1c2Ugb2Ygd3d3LnN0cmVldHdvcmsuY29tLCBpbmNsdWRpbmcgYW55IGNvbnRlbnQsIGZ1bmN0aW9uYWxpdHkgYW5kIHNlcnZpY2VzIG9mZmVyZWQgb24gb3IgdGhyb3VnaCB3d3cuc3RyZWV0d29yay5jb20gKHRoZSAiV2Vic2l0ZSIpLCB3aGV0aGVyIGFzIGEgUmVnaXN0ZXJlZCBVc2VyIG9yIFNwb25zb3JlZCBVc2VyICh0b2dldGhlciBhcyDigJxVc2Vyc+KAnSkuIEEgUmVnaXN0ZXJlZCBVc2VyIGlzIGEgdXNlciB0aGF0IHBheXMgZm9yIHVzZSBhbmQgYWNjZXNzIHRvIHRoZSBXZWJzaXRlLiBBIFNwb25zb3JlZCBVc2VyIGlzIGEgdXNlciB0aGF0IGlzIHBlcm1pdHRlZCBmcmVlIFdlYnNpdGUgYWNjZXNzIHRvIGFjY2VzcyBhbmQgdmlldyB0aGUgY29udGVudCBnZW5lcmF0ZWQgYnkgdGhlIFJlZ2lzdGVyZWQgVXNlci4gVGhpcyBUZXJtcyBvZiBVc2UgYXBwbGllcyB0byBib3RoIFJlZ2lzdGVyZWQgVXNlcnMgYW5kIFNwb25zb3JlZCBVc2Vycy4gClBsZWFzZSByZWFkIHRoZSBUZXJtcyBvZiBVc2UgY2FyZWZ1bGx5IGJlZm9yZSB5b3Ugc3RhcnQgdG8gdXNlIHRoZSBXZWJzaXRlLiBCeSB1c2luZyB0aGUgV2Vic2l0ZSBvciBieSBjbGlja2luZyB0byBhY2NlcHQgb3IgYWdyZWUgdG8gdGhlIFRlcm1zIG9mIFVzZSB3aGVuIHRoaXMgb3B0aW9uIGlzIG1hZGUgYXZhaWxhYmxlIHRvIHlvdSwgeW91IGFjY2VwdCBhbmQgYWdyZWUgdG8gYmUgYm91bmQgYW5kIGFiaWRlIGJ5IHRoZXNlIFRlcm1zIG9mIFVzZSBhbmQgb3VyIFByaXZhY3kgUG9saWN5LCBmb3VuZCBhdCB3d3cuc3RyZWV0d29yay5jb20vdG91LCBpbmNvcnBvcmF0ZWQgaGVyZWluIGJ5IHJlZmVyZW5jZS4gSWYgeW91IGRvIG5vdCB3YW50IHRvIGFncmVlIHRvIHRoZXNlIFRlcm1zIG9mIFVzZSBvciB0aGUgUHJpdmFjeSBQb2xpY3ksIHlvdSBtdXN0IG5vdCBhY2Nlc3Mgb3IgdXNlIHRoZSBXZWJzaXRlLiAKVGhpcyBXZWJzaXRlIGlzIG9mZmVyZWQgYW5kIGF2YWlsYWJsZSB0byB1c2VycyB3aG8gYXJlIDE4IHllYXJzIG9mIGFnZSBvciBvbGRlciwgYW5kIHJlc2lkZSBpbiB0aGUgVW5pdGVkIFN0YXRlcyBvciBhbnkgb2YgaXRzIHRlcnJpdG9yaWVzIG9yIHBvc3Nlc3Npb25zLiBCeSB1c2luZyB0aGlzIFdlYnNpdGUsIHlvdSByZXByZXNlbnQgYW5kIHdhcnJhbnQgdGhhdCB5b3UgYXJlIG9mIGxlZ2FsIGFnZSB0byBmb3JtIGEgYmluZGluZyBjb250cmFjdCB3aXRoIHRoZSBDb21wYW55IGFuZCBtZWV0IGFsbCBvZiB0aGUgZm9yZWdvaW5nIGVsaWdpYmlsaXR5IHJlcXVpcmVtZW50cy4gSWYgeW91IGRvIG5vdCBtZWV0IGFsbCBvZiB0aGVzZSByZXF1aXJlbWVudHMsIHlvdSBtdXN0IG5vdCBhY2Nlc3Mgb3IgdXNlIHRoZSBXZWJzaXRlLgpDaGFuZ2VzIHRvIHRoZSBUZXJtcyBvZiBVc2UKV2UgbWF5IHJldmlzZSBhbmQgdXBkYXRlIHRoZXNlIFRlcm1zIG9mIFVzZSBmcm9tIHRpbWUgdG8gdGltZSBpbiBvdXIgc29sZSBkaXNjcmV0aW9uLCB3aXRoIG9yIHdpdGhvdXQgbm90aWNlIHRvIHlvdS4gQWxsIGNoYW5nZXMgYXJlIGVmZmVjdGl2ZSBpbW1lZGlhdGVseSB3aGVuIHdlIHBvc3QgdGhlbSwgYW5kIGFwcGx5IHRvIGFsbCBhY2Nlc3MgdG8gYW5kIHVzZSBvZiB0aGUgV2Vic2l0ZSB0aGVyZWFmdGVyLiBIb3dldmVyLCBhbnkgY2hhbmdlcyB0byB0aGUgZGlzcHV0ZSByZXNvbHV0aW9uIHByb3Zpc2lvbnMgc2V0IGZvcnRoIGluIEdvdmVybmluZyBMYXcgYW5kIEp1cmlzZGljdGlvbiB3aWxsIG5vdCBhcHBseSB0byBhbnkgZGlzcHV0ZXMgZm9yIHdoaWNoIHRoZSBwYXJ0aWVzIGhhdmUgYWN0dWFsIG5vdGljZSBvbiBvciBwcmlvciB0byB0aGUgZGF0ZSB0aGUgY2hhbmdlIGlzIHBvc3RlZCBvbiB0aGUgV2Vic2l0ZS4gCllvdXIgY2xpY2tpbmcgdG8gYWNjZXB0IG9yIGFncmVlIHRvIHRoZSByZXZpc2VkIFRlcm1zIG9mIFVzZSBvciB5b3VyIGNvbnRpbnVlZCB1c2Ugb2YgdGhlIFdlYnNpdGUgZm9sbG93aW5nIHRoZSBwb3N0aW5nIG9mIHRoZSByZXZpc2VkIFRlcm1zIG9mIFVzZSBtZWFucyB0aGF0IHlvdSBhY2NlcHQgYW5kIGFncmVlIHRvIHRoZSBjaGFuZ2VzLiBZb3UgYXJlIGV4cGVjdGVkIHRvIGNoZWNrIHRoaXMgcGFnZSBmcm9tIHRpbWUgdG8gdGltZXdoZW4geW91IGFjY2VzcyB0aGlzIFdlYnNpdGUgc28geW91IGFyZSBhd2FyZSBvZiBhbnkgY2hhbmdlcywgYXMgdGhleSBhcmUgYmluZGluZyBvbiB5b3UuIApBY2Nlc3NpbmcgdGhlIFdlYnNpdGUgYW5kIEFjY291bnQgU2VjdXJpdHkKV2UgcmVzZXJ2ZSB0aGUgcmlnaHQgdG8gd2l0aGRyYXcgb3IgYW1lbmQgdGhpcyBXZWJzaXRlLCBhbmQgYW55IHNlcnZpY2Ugb3IgbWF0ZXJpYWwgd2UgcHJvdmlkZSBvbiB0aGUgV2Vic2l0ZSwgaW4gb3VyIHNvbGUgZGlzY3JldGlvbiB3aXRob3V0IG5vdGljZS4gV2Ugd2lsbCBub3QgYmUgbGlhYmxlIGlmIGZvciBhbnkgcmVhc29uIGFsbCBvciBhbnkgcGFydCBvZiB0aGUgV2Vic2l0ZSBpcyB1bmF2YWlsYWJsZSBhdCBhbnkgdGltZSBvciBmb3IgYW55IHBlcmlvZC4gRnJvbSB0aW1lIHRvIHRpbWUsIHdlIG1heSByZXN0cmljdCBhY2Nlc3MgdG8gc29tZSBwYXJ0cyBvZiB0aGUgV2Vic2l0ZSwgb3IgdGhlIGVudGlyZSBXZWJzaXRlLCB0byBVc2Vycy4gCllvdSBhcmUgcmVzcG9uc2libGUgZm9yOgrigKIJTWFraW5nIGFsbCBhcnJhbmdlbWVudHMgbmVjZXNzYXJ5IGZvciB5b3UgdG8gaGF2ZSBhY2Nlc3MgdG8gdGhlIFdlYnNpdGUuCuKAoglFbnN1cmluZyB0aGF0IGFsbCBwZXJzb25zIHdobyBhY2Nlc3MgdGhlIFdlYnNpdGUgdGhyb3VnaCB5b3VyIGludGVybmV0IGNvbm5lY3Rpb24gYXJlIGF3YXJlIG9mIHRoZXNlIFRlcm1zIG9mIFVzZSBhbmQgY29tcGx5IHdpdGggdGhlbS4KVG8gYWNjZXNzIHRoZSBXZWJzaXRlIG9yIHNvbWUgb2YgdGhlIHJlc291cmNlcyBpdCBvZmZlcnMsIHlvdSBtYXkgYmUgYXNrZWQgdG8gcHJvdmlkZSBjZXJ0YWluIHJlZ2lzdHJhdGlvbiBkZXRhaWxzIG9yIG90aGVyIGluZm9ybWF0aW9uLiBJdCBpcyBhIGNvbmRpdGlvbiBvZiB5b3VyIHVzZSBvZiB0aGUgV2Vic2l0ZSB0aGF0IGFsbCB0aGUgaW5mb3JtYXRpb24geW91IHByb3ZpZGUgb24gdGhlIFdlYnNpdGUgaXMgY29ycmVjdCwgY3VycmVudCBhbmQgY29tcGxldGUuIFlvdSBhZ3JlZSB0aGF0IGFsbCBpbmZvcm1hdGlvbiB5b3UgcHJvdmlkZSB0byByZWdpc3RlciB3aXRoIHRoaXMgV2Vic2l0ZSBvciBvdGhlcndpc2UsIGluY2x1ZGluZyBidXQgbm90IGxpbWl0ZWQgdG8gdGhyb3VnaCB0aGUgdXNlIG9mIGFueSBpbnRlcmFjdGl2ZSBmZWF0dXJlcyBvbiB0aGUgV2Vic2l0ZSwgaXMgZ292ZXJuZWQgYnkgb3VyIFByaXZhY3kgUG9saWN5IHd3dy5zdHJlZXR3b3JrLmNvbS9wcCwgYW5kIHlvdSBjb25zZW50IHRvIGFsbCBhY3Rpb25zIHdlIHRha2Ugd2l0aCByZXNwZWN0IHRvIHlvdXIgaW5mb3JtYXRpb24gY29uc2lzdGVudCB3aXRoIG91ciBQcml2YWN5IFBvbGljeS4KSWYgeW91IGNob29zZSwgb3IgYXJlIHByb3ZpZGVkIHdpdGgsIGEgdXNlcm5hbWUsIHBhc3N3b3JkIG9yIGFueSBvdGhlciBwaWVjZSBvZiBpbmZvcm1hdGlvbiBhcyBwYXJ0IG9mIG91ciBzZWN1cml0eSBwcm9jZWR1cmVzLCB5b3UgbXVzdCB0cmVhdCBzdWNoIGluZm9ybWF0aW9uIGFzIGNvbmZpZGVudGlhbCwgYW5kIHlvdSBtdXN0IG5vdCBkaXNjbG9zZSBpdCB0byBhbnkgb3RoZXIgcGVyc29uIG9yIGVudGl0eS4gWW91IGFsc28gYWNrbm93bGVkZ2UgdGhhdCB5b3VyIGFjY291bnQgaXMgcGVyc29uYWwgdG8geW91IGFuZCBhZ3JlZSBub3QgdG8gcHJvdmlkZSBhbnkgb3RoZXIgcGVyc29uIHdpdGggYWNjZXNzIHRvIHRoaXMgV2Vic2l0ZSBvciBwb3J0aW9ucyBvZiBpdCB1c2luZyB5b3VyIHVzZXJuYW1lLCBwYXNzd29yZCBvciBvdGhlciBzZWN1cml0eSBpbmZvcm1hdGlvbi4gWW91IGFncmVlIHRvIG5vdGlmeSB1cyBpbW1lZGlhdGVseSBvZiBhbnkgdW5hdXRob3JpemVkIGFjY2VzcyB0byBvciB1c2Ugb2YgeW91ciB1c2VybmFtZSBvciBwYXNzd29yZCBvciBhbnkgb3RoZXIgYnJlYWNoIG9mIHNlY3VyaXR5LiBZb3UgYWxzbyBhZ3JlZSB0byBlbnN1cmUgdGhhdCB5b3UgZXhpdCBmcm9tIHlvdXIgYWNjb3VudCBhdCB0aGUgZW5kIG9mIGVhY2ggc2Vzc2lvbi4gWW91IHNob3VsZCB1c2UgcGFydGljdWxhciBjYXV0aW9uIHdoZW4gYWNjZXNzaW5nIHlvdXIgYWNjb3VudCBmcm9tIGEgcHVibGljIG9yIHNoYXJlZCBjb21wdXRlciBzbyB0aGF0IG90aGVycyBhcmUgbm90IGFibGUgdG8gdmlldyBvciByZWNvcmQgeW91ciBwYXNzd29yZCBvciBvdGhlciBwZXJzb25hbCBpbmZvcm1hdGlvbi4KV2UgaGF2ZSB0aGUgcmlnaHQgdG8gZGlzYWJsZSBhbnkgYWNjb3VudCwgcHJvZmlsZSwgdXNlcm5hbWUsIHBhc3N3b3JkIG9yIGFub3RoZXIgaWRlbnRpZmllciwgd2hldGhlciBjaG9zZW4gc2V0IHVwIGJ5IHlvdW9yIHByb3ZpZGVkIGJ5IHVzLCBhdCBhbnkgdGltZSBpbiBvdXIgc29sZSBkaXNjcmV0aW9uIGZvciBhbnkgb3Igbm8gcmVhc29uLCBpbmNsdWRpbmcgaWYsIGluIG91ciBvcGluaW9uLCB5b3UgaGF2ZSB2aW9sYXRlZCBhbnkgcHJvdmlzaW9uIG9mIHRoZXNlIFRlcm1zIG9mIFVzZS4KSW50ZWxsZWN0dWFsIFByb3BlcnR5IFJpZ2h0cwpUaGUgV2Vic2l0ZSBhbmQgaXRzIGVudGlyZSBjb250ZW50cywgZmVhdHVyZXMgYW5kIGZ1bmN0aW9uYWxpdHkgKGluY2x1ZGluZyBidXQgbm90IGxpbWl0ZWQgdG8gYWxsIGluZm9ybWF0aW9uLCBzb2Z0d2FyZSwgdGV4dCwgZGlzcGxheXMsIGltYWdlcywgdmlkZW8gYW5kIGF1ZGlvLCBhbmQgdGhlIGRlc2lnbiwgc2VsZWN0aW9uIGFuZCBhcnJhbmdlbWVudCB0aGVyZW9mKSwgYXJlIG93bmVkIGJ5IHRoZSBDb21wYW55LCBpdHMgbGljZW5zb3JzIG9yIG90aGVyIHByb3ZpZGVycyBvZiBzdWNoIG1hdGVyaWFsIGFuZCBhcmUgcHJvdGVjdGVkIGJ5IFVuaXRlZCBTdGF0ZXMgYW5kIGludGVybmF0aW9uYWwgY29weXJpZ2h0LCB0cmFkZW1hcmssIHBhdGVudCwgdHJhZGUgc2VjcmV0IGFuZCBvdGhlciBpbnRlbGxlY3R1YWwgcHJvcGVydHkgb3IgcHJvcHJpZXRhcnkgcmlnaHRzIGxhd3MuClRoZXNlIFRlcm1zIG9mIFVzZSBwZXJtaXQgeW91IHRvIHVzZSB0aGUgV2Vic2l0ZSBmb3IgeW91ciBwZXJzb25hbCwgbm9uLWNvbW1lcmNpYWwgdXNlIG9ubHkuIFlvdSBtdXN0IG5vdCByZXByb2R1Y2UsIGRpc3RyaWJ1dGUsIG1vZGlmeSwgY3JlYXRlIGRlcml2YXRpdmUgd29ya3Mgb2YsIHB1YmxpY2x5IGRpc3BsYXksIHB1YmxpY2x5IHBlcmZvcm0sIHJlcHVibGlzaCwgZG93bmxvYWQsIHN0b3JlIG9yIHRyYW5zbWl0IGFueSBvZiB0aGUgbWF0ZXJpYWwgb24gb3VyIFdlYnNpdGUsIGV4Y2VwdCBhcyBwcm92aWRlZCBieSB0aGlzIFRlcm1zIG9mIFVzZSwgYXMgZm9sbG93czoK4oCiCVlvdSBtYXkgc2VuZCBhIGxpbmsgdG8gdGhlIFdlYnNpdGUgZm9yIFNwb25zb3JlZCBVc2VycyB0byB2aWV3IGFuZCBhY2Nlc3MgdGhlIGNvbnRlbnQgeW91IGhhdmUgY3JlYXRlZCBpbiBjb25uZWN0aW9uIHdpdGggdGhlIFdlYnNpdGUuIArigKIJWW91ciBjb21wdXRlciBtYXkgdGVtcG9yYXJpbHkgc3RvcmUgY29waWVzIG9mIHN1Y2ggbWF0ZXJpYWxzIGluIFJBTSBpbmNpZGVudGFsIHRvIHlvdXIgYWNjZXNzaW5nIGFuZCB2aWV3aW5nIHRob3NlIG1hdGVyaWFscy4K4oCiCVlvdSBtYXkgc3RvcmUgZmlsZXMgdGhhdCBhcmUgYXV0b21hdGljYWxseSBjYWNoZWQgYnkgeW91ciBXZWIgYnJvd3NlciBmb3IgZGlzcGxheSBlbmhhbmNlbWVudCBwdXJwb3Nlcy4K4oCiCVlvdSBtYXkgcHJpbnQgb25lIGNvcHkgb2YgYSByZWFzb25hYmxlIG51bWJlciBvZiBwYWdlcyBvZiB0aGUgV2Vic2l0ZSBmb3IgeW91ciBvd24gcGVyc29uYWwsIG5vbi1jb21tZXJjaWFsIHVzZSBhbmQgbm90IGZvciBmdXJ0aGVyIHJlcHJvZHVjdGlvbiwgcHVibGljYXRpb24gb3IgZGlzdHJpYnV0aW9uLgrigKIJSWYgd2UgcHJvdmlkZSBkZXNrdG9wLCBtb2JpbGUgb3Igb3RoZXIgYXBwbGljYXRpb25zIGZvciBkb3dubG9hZCwgeW91IG1heSBkb3dubG9hZCBhIHNpbmdsZSBjb3B5IHRvIHlvdXIgY29tcHV0ZXIgb3IgbW9iaWxlIGRldmljZSBzb2xlbHkgZm9yIHlvdXIgb3duIHBlcnNvbmFsLCBub24tY29tbWVyY2lhbCB1c2UsIHByb3ZpZGVkIHlvdSBhZ3JlZSB0byBiZSBib3VuZCBieSBvdXIgbGljZW5zZSBhZ3JlZW1lbnQgZm9yIHN1Y2ggYXBwbGljYXRpb25zLgrigKIJSWYgd2UgcHJvdmlkZSBzb2NpYWwgbWVkaWEgZmVhdHVyZXMgd2l0aCBjZXJ0YWluIGNvbnRlbnQsIHlvdSBtYXkgdGFrZSBzdWNoIGFjdGlvbnMgYXMgYXJlIGVuYWJsZWQgYnkgc3VjaCBmZWF0dXJlcy4KWW91IG11c3Qgbm90OgrigKIJTW9kaWZ5IGNvcGllcyBvZiBhbnkgbWF0ZXJpYWxzIGZyb20gdGhpcyBzaXRlLgrigKIJVXNlIGFueSBpbGx1c3RyYXRpb25zLCBwaG90b2dyYXBocywgdmlkZW8gb3IgYXVkaW8gc2VxdWVuY2VzIG9yIGFueSBncmFwaGljcyBzZXBhcmF0ZWx5IGZyb20gdGhlIGFjY29tcGFueWluZyB0ZXh0LgrigKIJRGVsZXRlIG9yIGFsdGVyIGFueSBjb3B5cmlnaHQsIHRyYWRlbWFyayBvciBvdGhlciBwcm9wcmlldGFyeSByaWdodHMgbm90aWNlcyBmcm9tIGNvcGllcyBvZiBtYXRlcmlhbHMgZnJvbSB0aGlzIHNpdGUuCllvdSBtdXN0IG5vdCBhY2Nlc3Mgb3IgdXNlIGZvciBhbnkgY29tbWVyY2lhbCBwdXJwb3NlcyBhbnkgcGFydCBvZiB0aGUgV2Vic2l0ZSBvciBhbnkgc2VydmljZXMgb3IgbWF0ZXJpYWxzIGF2YWlsYWJsZSB0aHJvdWdoIHRoZSBXZWJzaXRlLiAKSWYgeW91IHByaW50LCBjb3B5LCBtb2RpZnksIGRvd25sb2FkIG9yIG90aGVyd2lzZSB1c2Ugb3IgcHJvdmlkZSBhbnkgb3RoZXIgcGVyc29uIHdpdGggYWNjZXNzIHRvIGFueSBwYXJ0IG9mIHRoZSBXZWJzaXRlIGluIGJyZWFjaCBvZiB0aGUgVGVybXMgb2YgVXNlLCB5b3VyIHJpZ2h0IHRvIHVzZSB0aGUgV2Vic2l0ZSB3aWxsIGNlYXNlIGltbWVkaWF0ZWx5IGFuZCB5b3UgbXVzdCwgYXQgb3VyIG9wdGlvbiwgcmV0dXJuIG9yIGRlc3Ryb3kgYW55IGNvcGllcyBvZiB0aGUgbWF0ZXJpYWxzIHlvdSBoYXZlIG1hZGUuIE5vIHJpZ2h0LCB0aXRsZSBvciBpbnRlcmVzdCBpbiBvciB0byB0aGUgV2Vic2l0ZSBvciBhbnkgY29udGVudCBvbiB0aGUgV2Vic2l0ZSBpcyB0cmFuc2ZlcnJlZCB0byB5b3UsIGFuZCBhbGwgcmlnaHRzIG5vdCBleHByZXNzbHkgZ3JhbnRlZCBhcmUgcmVzZXJ2ZWQgYnkgdGhlIENvbXBhbnkuIEFueSB1c2Ugb2YgdGhlIFdlYnNpdGUgbm90IGV4cHJlc3NseSBwZXJtaXR0ZWQgYnkgdGhlc2UgVGVybXMgb2YgVXNlIGlzIGEgYnJlYWNoIG9mIHRoZXNlIFRlcm1zIG9mIFVzZSBhbmQgbWF5IHZpb2xhdGUgY29weXJpZ2h0LCB0cmFkZW1hcmsgYW5kIG90aGVyIGxhd3MuClRyYWRlbWFya3MKVGhlIENvbXBhbnkgbmFtZSwgdGhlIENvbXBhbnkgbG9nbyBhbmQgYWxsIHJlbGF0ZWQgbmFtZXMsIGxvZ29zLCBwcm9kdWN0IGFuZCBzZXJ2aWNlIG5hbWVzLCBkZXNpZ25zIGFuZCBzbG9nYW5zIGFyZSB0cmFkZW1hcmtzIG9mIHRoZSBDb21wYW55IG9yIGl0cyBhZmZpbGlhdGVzIG9yIGxpY2Vuc29ycy4gWW91IG11c3Qgbm90IHVzZSBzdWNoIG1hcmtzIHdpdGhvdXQgdGhlIHByaW9yIHdyaXR0ZW4gcGVybWlzc2lvbiBvZiB0aGUgQ29tcGFueS4gQWxsIG90aGVyIG5hbWVzLCBsb2dvcywgcHJvZHVjdCBhbmQgc2VydmljZSBuYW1lcywgZGVzaWducyBhbmQgc2xvZ2FucyBvbiB0aGlzIFdlYnNpdGUgYXJlIHRoZSB0cmFkZW1hcmtzIG9mIHRoZWlyIHJlc3BlY3RpdmUgb3duZXJzLgpQcm9oaWJpdGVkIFVzZXMKWW91IG1heSB1c2UgdGhlIFdlYnNpdGUgb25seSBmb3IgbGF3ZnVsIHB1cnBvc2VzIGFuZCBpbiBhY2NvcmRhbmNlIHdpdGggdGhlc2UgVGVybXMgb2YgVXNlLiBZb3UgYWdyZWUgbm90IHRvIHVzZSB0aGUgV2Vic2l0ZToK4oCiCUluIGFueSB3YXkgdGhhdCB2aW9sYXRlcyBhbnkgYXBwbGljYWJsZSBmZWRlcmFsLCBzdGF0ZSwgbG9jYWwgb3IgaW50ZXJuYXRpb25hbCBsYXcgb3IgcmVndWxhdGlvbiAoaW5jbHVkaW5nLCB3aXRob3V0IGxpbWl0YXRpb24sIGFueSBsYXdzIHJlZ2FyZGluZyB0aGUgZXhwb3J0IG9mIGRhdGEgb3Igc29mdHdhcmUgdG8gYW5kIGZyb20gdGhlIFVTIG9yIG90aGVyIGNvdW50cmllcykuIArigKIJSW4gYW55IHdheSB0aGF0IHRoZSBDb21wYW55IGRldGVybWluZXMsIGluIHRoZWlyIG9waW5pb24sIGlzIG9mZmVuc2l2ZSBvciBoYXJtZnVsLgrigKIJRm9yIHRoZSBwdXJwb3NlIG9mIGV4cGxvaXRpbmcsIGhhcm1pbmcgb3IgYXR0ZW1wdGluZyB0byBleHBsb2l0IG9yIGhhcm0gbWlub3JzIGluIGFueSB3YXkgYnkgZXhwb3NpbmcgdGhlbSB0byBpbmFwcHJvcHJpYXRlIGNvbnRlbnQsIGFza2luZyBmb3IgcGVyc29uYWxseSBpZGVudGlmaWFibGUgaW5mb3JtYXRpb24gb3Igb3RoZXJ3aXNlLgrigKIJVG8gc2VuZCwga25vd2luZ2x5IHJlY2VpdmUsIHVwbG9hZCwgZG93bmxvYWQsIHVzZSBvciByZS11c2UgYW55IG1hdGVyaWFsIHdoaWNoIGRvZXMgbm90IGNvbXBseSB3aXRoIHRoZSBDb250ZW50IFN0YW5kYXJkcyBzZXQgb3V0IGluIHRoZXNlIFRlcm1zIG9mIFVzZS4K4oCiCVRvIHRyYW5zbWl0LCBvciBwcm9jdXJlIHRoZSBzZW5kaW5nIG9mLCBhbnkgYWR2ZXJ0aXNpbmcgb3IgcHJvbW90aW9uYWwgbWF0ZXJpYWwsIGluY2x1ZGluZyBhbnkgY2hhcml0eSByZXF1ZXN0cywgcGV0aXRpb25zIGZvciBzaWduYXR1cmVzLCBidXNpbmVzcyBvcHBvcnR1bml0aWVzLCBzdXJ2ZXlzLCBjbHViIG1lbWJlcnNoaXBzLCAgImp1bmsgbWFpbCIsICJjaGFpbiBsZXR0ZXJzIiBvciAic3BhbSIgb3IgYW55IG90aGVyIHNpbWlsYXIgc29saWNpdGF0aW9uLgrigKIJVG8gaW1wZXJzb25hdGUgb3IgYXR0ZW1wdCB0byBpbXBlcnNvbmF0ZSB0aGUgQ29tcGFueSwgYSBDb21wYW55IGVtcGxveWVlLCBhbm90aGVyIHVzZXIgb3IgYW55IG90aGVyIHBlcnNvbiBvciBlbnRpdHkgKGluY2x1ZGluZywgd2l0aG91dCBsaW1pdGF0aW9uLCBieSB1c2luZyBlLW1haWwgYWRkcmVzc2VzIG9yIHNjcmVlbiBuYW1lcyBhc3NvY2lhdGVkIHdpdGggYW55IG9mIHRoZSBmb3JlZ29pbmcpLgrigKIJVG8gZW5nYWdlIGluIGFueSBvdGhlciBjb25kdWN0IHRoYXQgcmVzdHJpY3RzIG9yIGluaGliaXRzIGFueW9uZSdzIHVzZSwgcHJpdmFjeSBvciBlbmpveW1lbnQgb2YgdGhlIFdlYnNpdGUsIG9yIHdoaWNoLCBhcyBkZXRlcm1pbmVkIGJ5IHVzLCBtYXkgaGFybSB0aGUgQ29tcGFueSBvciB1c2VycyBvZiB0aGUgV2Vic2l0ZSBvciBleHBvc2UgdGhlbSB0byBsaWFiaWxpdHkuCkFkZGl0aW9uYWxseSwgeW91IGFncmVlIG5vdCB0bzoK4oCiCVVzZSB0aGUgV2Vic2l0ZSBpbiBhbnkgbWFubmVyIHRoYXQgY291bGQgZGlzYWJsZSwgb3ZlcmJ1cmRlbiwgZGFtYWdlLCBvciBpbXBhaXIgdGhlIHNpdGUgb3IgaW50ZXJmZXJlIHdpdGggYW55IG90aGVyIHBhcnR5J3MgdXNlIG9mIHRoZSBXZWJzaXRlLCBpbmNsdWRpbmcgdGhlaXIgYWJpbGl0eSB0byBlbmdhZ2UgaW4gcmVhbCB0aW1lIGFjdGl2aXRpZXMgdGhyb3VnaCB0aGUgV2Vic2l0ZS4K4oCiCVVzZSBhbnkgcm9ib3QsIHNwaWRlciBvciBhbm90aGVyIGF1dG9tYXRpYyBkZXZpY2UsIHByb2Nlc3Mgb3IgbWVhbnMgdG8gYWNjZXNzIHRoZSBXZWJzaXRlIGZvciBhbnkgcHVycG9zZSwgaW5jbHVkaW5nIG1vbml0b3Jpbmcgb3IgY29weWluZyBhbnkgb2YgdGhlIG1hdGVyaWFsIG9uIHRoZSBXZWJzaXRlLgrigKIJVXNlIGFueSBtYW51YWwgcHJvY2VzcyB0byBtb25pdG9yIG9yIGNvcHkgYW55IG9mIHRoZSBtYXRlcmlhbCBvbiB0aGUgV2Vic2l0ZSBvciBmb3IgYW55IG90aGVyIHVuYXV0aG9yaXplZCBwdXJwb3NlIHdpdGhvdXQgb3VyIHByaW9yIHdyaXR0ZW4gY29uc2VudC4K4oCiCVVzZSBhbnkgZGV2aWNlLCBzb2Z0d2FyZSBvciByb3V0aW5lIHRoYXQgaW50ZXJmZXJlcyB3aXRoIHRoZSBwcm9wZXIgd29ya2luZyBvZiB0aGUgV2Vic2l0ZS4K4oCiCUludHJvZHVjZSBhbnkgdmlydXNlcywgdHJvamFuIGhvcnNlcywgd29ybXMsIGxvZ2ljIGJvbWJzIG9yIG90aGVyIG1hdGVyaWFsIHdoaWNoIGlzIG1hbGljaW91cyBvciB0ZWNobm9sb2dpY2FsbHkgaGFybWZ1bC4K4oCiCUF0dGVtcHQgdG8gZ2FpbiB1bmF1dGhvcml6ZWQgYWNjZXNzIHRvLCBpbnRlcmZlcmUgd2l0aCwgZGFtYWdlIG9yIGRpc3J1cHQgYW55IHBhcnRzIG9mIHRoZSBXZWJzaXRlLCB0aGUgc2VydmVyIG9uIHdoaWNoIHRoZSBXZWJzaXRlIGlzIHN0b3JlZCwgb3IgYW55IHNlcnZlciwgY29tcHV0ZXIgb3IgZGF0YWJhc2UgY29ubmVjdGVkIHRvIHRoZSBXZWJzaXRlLiAK4oCiCUF0dGFjayB0aGUgV2Vic2l0ZSB2aWEgYSBkZW5pYWwtb2Ytc2VydmljZSBhdHRhY2sgb3IgYSBkaXN0cmlidXRlZCBkZW5pYWwtb2Ytc2VydmljZSBhdHRhY2suCuKAoglPdGhlcndpc2UgYXR0ZW1wdCB0byBpbnRlcmZlcmUgd2l0aCB0aGUgcHJvcGVyIHdvcmtpbmcgb2YgdGhlIFdlYnNpdGUuCuKAoglQZXJtaXQgYW55IHRoaXJkIHBhcnR5IHRvIHVzZSBvciBhY2Nlc3MgdGhlIFdlYnNpdGUgZXhjZXB0IGFzIHByb3ZpZGVkIGJ5IHRoaXMgVGVybXMgb2YgU2VydmljZS4gClVzZXIgQ29udHJpYnV0aW9ucwpUaGUgV2Vic2l0ZSBtYXkgY29udGFpbiBkYXNoYm9hcmRzLCBsb2FuIGNhbGN1bGF0b3JzLCB2ZW5kb3IgbGlzdHMsIG1lc3NhZ2UgYm9hcmRzLCBjaGF0IHJvb21zLCBwZXJzb25hbCB3ZWIgcGFnZXMgb3IgcHJvZmlsZXMsIGZvcnVtcywgYnVsbGV0aW4gYm9hcmRzIGFuZCBhbnlvdGhlciBpbnRlcmFjdGl2ZSBmZWF0dXJlcyAoY29sbGVjdGl2ZWx5LCAiSW50ZXJhY3RpdmUgU2VydmljZXMiKSB0aGF0IGFsbG93IHVzZXJzIHRvIHBvc3QsIGVkaXQsIHN1Ym1pdCwgcHVibGlzaCwgZGlzcGxheSwgc2hhcmUsIHNhdmUgb3IgdHJhbnNtaXQgdG8gb3RoZXIgdXNlcnMsIGluY2x1ZGluZyB0aGVtc2VsdmVzLCBvciBvdGhlciBwZXJzb25zIChoZXJlaW5hZnRlciwgInBvc3QiKSBjb250ZW50IG9yIG1hdGVyaWFscyAoY29sbGVjdGl2ZWx5LCAiVXNlciBDb250cmlidXRpb25zIikgb24gb3IgdGhyb3VnaCB0aGUgV2Vic2l0ZS4KQWxsIFVzZXIgQ29udHJpYnV0aW9ucyBtdXN0IGNvbXBseSB3aXRoIHRoZSBDb250ZW50IFN0YW5kYXJkcyBhbmQgYWxsIG90aGVyIHByb3Zpc2lvbnMgc2V0IG91dCBpbiB0aGlzIFRlcm1zIG9mIFVzZS4KQW55IFVzZXIgQ29udHJpYnV0aW9uIHlvdSBwb3N0IHRvIHRoZSBzaXRlIHdpbGwgYmUgY29uc2lkZXJlZCBub24tY29uZmlkZW50aWFsIGFuZCBub24tcHJvcHJpZXRhcnkuIEJ5IHByb3ZpZGluZyBhbnkgVXNlciBDb250cmlidXRpb24gb24gdGhlIFdlYnNpdGUsIHlvdSBncmFudCB1cyBhbmQgb3VyIGFmZmlsaWF0ZXMgYW5kIHNlcnZpY2UgcHJvdmlkZXJzLCBhbmQgZWFjaCBvZiB0aGVpciBhbmQgb3VyIHJlc3BlY3RpdmUgbGljZW5zZWVzLCBzdWNjZXNzb3JzIGFuZCBhc3NpZ25zIHRoZSByaWdodCB0byB1c2UsIGFnZ3JlZ2F0ZSwgcmVwcm9kdWNlLCBtb2RpZnksIHBlcmZvcm0sIGRpc3BsYXksIGRpc3RyaWJ1dGUgYW5kIG90aGVyd2lzZSBkaXNjbG9zZSB0byB0aGlyZCBwYXJ0aWVzIGFueSBzdWNoIG1hdGVyaWFsIGZvciBhbnkgcHVycG9zZS4KWW91IHJlcHJlc2VudCBhbmQgd2FycmFudCB0aGF0OiAK4oCiCVlvdSBvd24gb3IgY29udHJvbCBhbGwgcmlnaHRzIGluIGFuZCB0byB0aGUgVXNlciBDb250cmlidXRpb25zIGFuZCBoYXZlIHRoZSByaWdodCB0byBncmFudCB0aGUgbGljZW5zZSBncmFudGVkIGFib3ZlIHRvIHVzIGFuZCBvdXIgYWZmaWxpYXRlcyBhbmQgc2VydmljZSBwcm92aWRlcnMsIGFuZCBlYWNoIG9mIHRoZWlyIGFuZCBvdXIgcmVzcGVjdGl2ZSBsaWNlbnNlZXMsIHN1Y2Nlc3NvcnMgYW5kIGFzc2lnbnMuCuKAoglBbGwgb2YgeW91ciBVc2VyIENvbnRyaWJ1dGlvbnMgZG8gYW5kIHdpbGwgY29tcGx5IHdpdGggdGhlc2UgVGVybXMgb2YgVXNlLiAKWW91IHVuZGVyc3RhbmQgYW5kIGFja25vd2xlZGdlIHRoYXQgeW91IGFyZSByZXNwb25zaWJsZSBmb3IgYW55IFVzZXIgQ29udHJpYnV0aW9ucyB5b3Ugc3VibWl0IG9yIGNvbnRyaWJ1dGUsIGFuZCB5b3UsIG5vdCB0aGUgQ29tcGFueSwgaGF2ZSBmdWxsIHJlc3BvbnNpYmlsaXR5IGZvciBzdWNoIGNvbnRlbnQsIGluY2x1ZGluZyBpdHMgbGVnYWxpdHksIHJlbGlhYmlsaXR5LCBhY2N1cmFjeSwgYW5kIGFwcHJvcHJpYXRlbmVzcy4KIFdlIGFyZSBub3QgcmVzcG9uc2libGUsIG9yIGxpYWJsZSB0byBhbnkgdGhpcmQgcGFydHksIGZvciB0aGUgY29udGVudCBvciBhY2N1cmFjeSBvZiBhbnkgVXNlciBDb250cmlidXRpb25zIHBvc3RlZCBieSB5b3Ugb3IgYW55IG90aGVyIHVzZXIgb2YgdGhlIFdlYnNpdGUuIApNb25pdG9yaW5nIGFuZCBFbmZvcmNlbWVudDsgVGVybWluYXRpb24KV2UgaGF2ZSB0aGUgcmlnaHQgdG86CuKAoglSZW1vdmUgb3IgcmVmdXNlIHRvIHBvc3QgYW55IFVzZXIgQ29udHJpYnV0aW9ucyBmb3IgYW55IG9yIG5vIHJlYXNvbiBpbiBvdXIgc29sZSBkaXNjcmV0aW9uLgrigKIJVGFrZSBhbnkgYWN0aW9uIHdpdGggcmVzcGVjdCB0byBhbnkgVXNlciBDb250cmlidXRpb24gdGhhdCB3ZSBkZWVtIG5lY2Vzc2FyeSBvciBhcHByb3ByaWF0ZSBpbiBvdXIgc29sZSBkaXNjcmV0aW9uLCBpbmNsdWRpbmcgaWYgd2UgYmVsaWV2ZSB0aGF0IHN1Y2ggVXNlciBDb250cmlidXRpb24gdmlvbGF0ZXMgdGhlIFRlcm1zIG9mIFVzZSwgaW5jbHVkaW5nIHRoZSBDb250ZW50IFN0YW5kYXJkcywgaW5mcmluZ2VzIGFueSBpbnRlbGxlY3R1YWwgcHJvcGVydHkgcmlnaHQgb3Igb3RoZXIgcmlnaHQgb2YgYW55IHBlcnNvbiBvciBlbnRpdHksIHRocmVhdGVucyB0aGUgcGVyc29uYWwgc2FmZXR5IG9mIHVzZXJzIG9mIHRoZSBXZWJzaXRlIG9yIHRoZSBwdWJsaWMgb3IgY291bGQgY3JlYXRlIGxpYWJpbGl0eSBmb3IgdGhlIENvbXBhbnkuCuKAoglEaXNjbG9zZSB5b3VyIGlkZW50aXR5IG9yIG90aGVyIGluZm9ybWF0aW9uIGFib3V0IHlvdSB0byBhbnkgdGhpcmQgcGFydHkgd2hvIGNsYWltcyB0aGF0IG1hdGVyaWFsIHBvc3RlZCBieSB5b3UgdmlvbGF0ZXMgdGhlaXIgcmlnaHRzLCBpbmNsdWRpbmcgdGhlaXIgaW50ZWxsZWN0dWFsIHByb3BlcnR5IHJpZ2h0cyBvciB0aGVpciByaWdodCB0byBwcml2YWN5LgrigKIJVGFrZSBhcHByb3ByaWF0ZSBsZWdhbCBhY3Rpb24sIGluY2x1ZGluZyB3aXRob3V0IGxpbWl0YXRpb24sIHJlZmVycmFsIHRvIGxhdyBlbmZvcmNlbWVudCwgZm9yIGFueSBpbGxlZ2FsIG9yIHVuYXV0aG9yaXplZCB1c2Ugb2YgdGhlIFdlYnNpdGUuIArigKIJVGVybWluYXRlIG9yIHN1c3BlbmQgeW91ciBhY2Nlc3MgdG8gYWxsIG9yIHBhcnQgb2YgdGhlIFdlYnNpdGUgZm9yIGFueSBvciBubyByZWFzb24sIGluY2x1ZGluZyB3aXRob3V0IGxpbWl0YXRpb24sIGFueSB2aW9sYXRpb24gb2YgdGhlc2UgVGVybXMgb2YgVXNlLgpXaXRob3V0IGxpbWl0aW5nIHRoZSBmb3JlZ29pbmcsIHdlIGhhdmUgdGhlIHJpZ2h0IHRvIGZ1bGx5IGNvb3BlcmF0ZSB3aXRoIGFueSBsYXcgZW5mb3JjZW1lbnQgYXV0aG9yaXRpZXMgb3IgY291cnQgb3JkZXIgcmVxdWVzdGluZyBvciBkaXJlY3RpbmcgdXMgdG8gZGlzY2xvc2UgdGhlIGlkZW50aXR5IG9yIG90aGVyIGluZm9ybWF0aW9uIG9mIGFueW9uZSBwb3N0aW5nIGFueSBtYXRlcmlhbHMgb24gb3IgdGhyb3VnaCB0aGUgV2Vic2l0ZS4gWU9VIFdBSVZFIEFORCBIT0xEIEhBUk1MRVNTIFRIRSBDT01QQU5ZIEFORCBJVFMgQUZGSUxJQVRFUywgTElDRU5TRUVTIEFORCBTRVJWSUNFIFBST1ZJREVSUyBGUk9NIEFOWSBDTEFJTVMgUkVTVUxUSU5HIEZST00gQU5ZIEFDVElPTiBUQUtFTiBCWSBUSEUgQ09NUEFOWSBBTkQgQU5ZIE9GIFRIRSBGT1JFR09JTkcgUEFSVElFUyBEVVJJTkcgT1IgQVMgQSBSRVNVTFQgT0YgSVRTIElOVkVTVElHQVRJT05TIEFORCBGUk9NIEFOWSBBQ1RJT05TIFRBS0VOIEFTIEEgQ09OU0VRVUVOQ0UgT0YgSU5WRVNUSUdBVElPTlMgQlkgRUlUSEVSIFRIRSBDT01QQU5ZIEFORCBTVUNIIFBBUlRJRVMgT1IgTEFXIEVORk9SQ0VNRU5UIEFVVEhPUklUSUVTLgpIb3dldmVyLCB3ZSBkbyBub3QgdW5kZXJ0YWtlIHRvIHJldmlldyBhbnkgb3IgYWxsIG1hdGVyaWFsIGJlZm9yZSBpdCBpcyBwb3N0ZWQgb24gdGhlIFdlYnNpdGUsIGFuZCBjYW5ub3QgZW5zdXJlIHByb21wdCByZW1vdmFsIG9mIG9iamVjdGlvbmFibGUgbWF0ZXJpYWwgYWZ0ZXIgaXQgaGFzIGJlZW4gcG9zdGVkLiBBY2NvcmRpbmdseSwgd2UgYXNzdW1lIG5vIGxpYWJpbGl0eSBmb3IgYW55IGFjdGlvbiBvciBpbmFjdGlvbiByZWdhcmRpbmcgdHJhbnNtaXNzaW9ucywgY29tbXVuaWNhdGlvbnMgb3IgY29udGVudCBwcm92aWRlZCBieSBhbnkgdXNlciBvciB0aGlyZCBwYXJ0eS4gV2UgaGF2ZSBubyBsaWFiaWxpdHkgb3IgcmVzcG9uc2liaWxpdHkgdG8gYW55b25lIGZvciBwZXJmb3JtYW5jZSBvciBub25wZXJmb3JtYW5jZSBvZiB0aGUgYWN0aXZpdGllcyBkZXNjcmliZWQgaW4gdGhpcyBzZWN0aW9uLiAKQ29udGVudCBTdGFuZGFyZHMKVGhlc2UgY29udGVudCBzdGFuZGFyZHMgYXBwbHkgdG8gYW55IGFuZCBhbGwgVXNlciBDb250cmlidXRpb25zIGFuZCB1c2Ugb2YgSW50ZXJhY3RpdmUgU2VydmljZXMuIFVzZXIgQ29udHJpYnV0aW9ucyBtdXN0IGluIHRoZWlyIGVudGlyZXR5IGNvbXBseSB3aXRoIGFsbCBhcHBsaWNhYmxlIGZlZGVyYWwsIHN0YXRlLCBsb2NhbCBhbmQgaW50ZXJuYXRpb25hbCBsYXdzIGFuZCByZWd1bGF0aW9ucy4gV2l0aG91dCBsaW1pdGluZyB0aGUgZm9yZWdvaW5nLCBVc2VyIENvbnRyaWJ1dGlvbnMgbXVzdCBub3Q6CuKAoglDb250YWluIGFueSBtYXRlcmlhbCB3aGljaCBpcyBkZWZhbWF0b3J5LCBvYnNjZW5lLCBpbmRlY2VudCwgYWJ1c2l2ZSwgb2ZmZW5zaXZlLCBoYXJhc3NpbmcsIHZpb2xlbnQsIGhhdGVmdWwsIGluZmxhbW1hdG9yeSBvciBvdGhlcndpc2Ugb2JqZWN0aW9uYWJsZS4K4oCiCVByb21vdGUgc2V4dWFsbHkgZXhwbGljaXQgb3IgcG9ybm9ncmFwaGljIG1hdGVyaWFsLCB2aW9sZW5jZSwgb3IgZGlzY3JpbWluYXRpb24gYmFzZWQgb24gcmFjZSwgc2V4LCByZWxpZ2lvbiwgbmF0aW9uYWxpdHksIGRpc2FiaWxpdHksIHNleHVhbCBvcmllbnRhdGlvbiBvciBhZ2UuCuKAoglJbmZyaW5nZSBhbnkgcGF0ZW50LCB0cmFkZW1hcmssIHRyYWRlIHNlY3JldCwgY29weXJpZ2h0IG9yIG90aGVyIGludGVsbGVjdHVhbCBwcm9wZXJ0eSBvciBvdGhlciByaWdodHMgb2YgYW55IG90aGVyIHBlcnNvbi4K4oCiCVZpb2xhdGUgdGhlIGxlZ2FsIHJpZ2h0cyAoaW5jbHVkaW5nIHRoZSByaWdodHMgb2YgcHVibGljaXR5IGFuZCBwcml2YWN5KSBvZiBvdGhlcnMgb3IgY29udGFpbiBhbnkgbWF0ZXJpYWwgdGhhdCBjb3VsZCBnaXZlIHJpc2UgdG8gYW55IGNpdmlsIG9yIGNyaW1pbmFsIGxpYWJpbGl0eSB1bmRlciBhcHBsaWNhYmxlIGxhd3Mgb3IgcmVndWxhdGlvbnMgb3IgdGhhdCBvdGhlcndpc2UgbWF5IGJlIGluIGNvbmZsaWN0IHdpdGggdGhlc2UgVGVybXMgb2YgVXNlIGFuZCBvdXIgUHJpdmFjeSBQb2xpY3kuCuKAoglCZSBsaWtlbHkgdG8gZGVjZWl2ZSBhbnkgcGVyc29uLgrigKIJUHJvbW90ZSBhbnkgaWxsZWdhbCBhY3Rpdml0eSwgb3IgYWR2b2NhdGUsIHByb21vdGUgb3IgYXNzaXN0IGFueSB1bmxhd2Z1bCBhY3QuCuKAoglDYXVzZSBhbm5veWFuY2UsIGluY29udmVuaWVuY2Ugb3IgbmVlZGxlc3MgYW54aWV0eSBvciBiZSBsaWtlbHkgdG8gdXBzZXQsIGVtYmFycmFzcywgYWxhcm0gb3IgYW5ub3kgYW55IG90aGVyIHBlcnNvbi4K4oCiCUltcGVyc29uYXRlIGFueSBwZXJzb24sIG9yIG1pc3JlcHJlc2VudCB5b3VyIGlkZW50aXR5IG9yIGFmZmlsaWF0aW9uIHdpdGggYW55IHBlcnNvbiBvciBvcmdhbml6YXRpb24uIArigKIJSW52b2x2ZSBjb21tZXJjaWFsIGFjdGl2aXRpZXMgb3Igc2FsZXMsIHN1Y2ggYXMgY29udGVzdHMsIHN3ZWVwc3Rha2VzIGFuZCBvdGhlciBzYWxlcyBwcm9tb3Rpb25zLCBiYXJ0ZXIgb3IgYWR2ZXJ0aXNpbmcuCuKAoglHaXZlIHRoZSBpbXByZXNzaW9uIHRoYXQgdGhleSBlbWFuYXRlIGZyb20gb3IgYXJlIGVuZG9yc2VkIGJ5IHVzIG9yIGFueSBvdGhlciBwZXJzb24gb3IgZW50aXR5IGlmIHRoaXMgaXMgbm90IHRoZSBjYXNlLgpDb3B5cmlnaHQgSW5mcmluZ2VtZW50CklmIHlvdSBiZWxpZXZlIHRoYXQgYW55IFVzZXIgQ29udHJpYnV0aW9ucyB2aW9sYXRlIHlvdXIgY29weXJpZ2h0LCBwbGVhc2Ugc2VlIHRoZeKAnFlvdXIgQ29tbWVudHMgYW5kIENvbmNlcm5z4oCdIHNlY3Rpb24gZm9yIGluc3RydWN0aW9ucyBvbiBzZW5kaW5nIHVzIGEgbm90aWNlIG9mIGNvcHlyaWdodCBpbmZyaW5nZW1lbnQuIEl0IGlzIHRoZSBwb2xpY3kgb2YgdGhlIENvbXBhbnkgdG8gdGVybWluYXRlIHRoZSB1c2VyIGFjY291bnRzIG9mIHJlcGVhdCBpbmZyaW5nZXJzLiAKUmVsaWFuY2Ugb24gSW5mb3JtYXRpb24gUG9zdGVkCk5FSVRIRVIgVEhFIENPTVBBTlkgTk9SIFRIRSBJTkZPUk1BVElPTiBQUk9WSURFRCBPTiBUSEUgV0VCU0lURSBJUyBJTlRFTkRFRCBUTyBQUk9WSURFIExFR0FMIEFEVklDRSwgVEFYIEFEVklDRSwgQ1JFRElUIFJFUE9SVCBJTkZPUk1BVElPTiBPUiBGSU5BTkNJQUwgQURWSUNFLiBUSEUgQ09NUEFOWSBJUyBOT1QgQSBCQU5LLCBMRU5ESU5HIElOU1RJVFVUSU9OLCBDUkVESVQgUkVQT1JUSU5HIEFHRU5DWSBPUiBGSU5BTkNJQUwgQURWSVNPUi4gClRoZSBpbmZvcm1hdGlvbiBwcmVzZW50ZWQgb24gb3IgdGhyb3VnaCB0aGUgV2Vic2l0ZSBpcyBtYWRlIGF2YWlsYWJsZSBzb2xlbHkgZm9yIGdlbmVyYWwgaW5mb3JtYXRpb24gcHVycG9zZXMuIFRoZSBXZWJzaXRlIGlzIG5vdCBhbmQgc2hhbGwgbm90IGJlIGNvbnN0cnVlZCBhcyBhIGNvbW1pdG1lbnQgdG8gbGVuZCBtb25leS4gVGhlIFdlYnNpdGUgZG9lcyBub3QgYW5kIHNoYWxsIG5vdCBiZSBjb25zdHJ1ZWQgYXMgb2ZmZXJpbmcgb3Igd2FycmFudGluZyBjZXJ0YWluIGxvYW4gdGVybXMuIFRoZSBXZWJzaXRlIGRvZXMgbm90IHByb3ZpZGUgYWR2aWNlIGFuZCBhbnkgaW5mb3JtYXRpb24gcHJvdmlkZWQgb24gdGhlIFdlYnNpdGUgc2hhbGwgbm90IGJlIGNvbnN0cnVlZCBhcyBhZHZpY2UuIFdlIGRvIG5vdCB3YXJyYW50IHRoZSBhY2N1cmFjeSwgY29tcGxldGVuZXNzIG9yIHVzZWZ1bG5lc3Mgb2YgdGhlIGdlbmVyYWwgaW5mb3JtYXRpb24gcHJvdmlkZWQgb24gdGhlIFdlYnNpdGUuIEFueSByZWxpYW5jZSB5b3UgcGxhY2Ugb24gc3VjaCBpbmZvcm1hdGlvbiBpcyBzdHJpY3RseSBhdCB5b3VyIG93biByaXNrLllvdXIgcGVyc29uYWwgZmluYW5jaWFsIHNpdHVhdGlvbiBpcyB1bmlxdWUgYW5kIGFueSBpbmZvcm1hdGlvbiBvciBhZHZpY2Ugb2J0YWluZWQgdGhyb3VnaCB0aGUgV2Vic2l0ZSBtYXkgbm90IGJlIGFwcHJvcHJpYXRlIGZvciB5b3VyIHNpdHVhdGlvbi4gQWNjb3JkaW5nLCBiZWZvcmUgbWFraW5nIGFueSBmaW5hbCBkZWNpc2lvbnMgb3IgaW1wbGVtZW50aW5nIGFueSBmaW5hbmNpYWwgc3RyYXRlZ3ksIHlvdSBzaG91bGQgY29uc2lkZXIgb2J0YWluaW5nIGFkZGl0aW9uYWwgaW5mb3JtYXRpb24gYW5kIGFkdmljZSBmcm9tIHlvdXIgbG9hbiBvZmZpY2VyIGFuZCBvdGhlciBmaW5hbmNpYWwgYWR2aXNvcnMgd2hvIGFyZSBmdWxseSBhd2FyZSBvZiB5b3VyIGluZGl2aWR1YWwgY2lyY3Vtc3RhbmNlcy4KV2UgZGlzY2xhaW0gYWxsIGxpYWJpbGl0eSBhbmQgcmVzcG9uc2liaWxpdHkgYXJpc2luZyBmcm9tIGFueSByZWxpYW5jZSBwbGFjZWQgb24gc3VjaCBtYXRlcmlhbHMgYnkgeW91IG9yIGFueSBvdGhlciB2aXNpdG9yIHRvIHRoZSBXZWJzaXRlLCBvciBieSBhbnlvbmUgd2hvIG1heSBiZSBpbmZvcm1lZCBvZiBhbnkgb2YgaXRzIGNvbnRlbnRzLgpUaGlzIFdlYnNpdGUgbWF5IGluY2x1ZGUgY29udGVudCwgaW5jbHVkaW5nIGFkdmVydGlzZW1lbnRzLCBwcm92aWRlZCBieSB0aGlyZCBwYXJ0aWVzLCBpbmNsdWRpbmcgbWF0ZXJpYWxzIHByb3ZpZGVkIGJ5IG90aGVyIHVzZXJzLCBibG9nZ2VycyBhbmQgdGhpcmQtcGFydHkgbGljZW5zb3JzLCBzeW5kaWNhdG9ycywgYnVzaW5lc3MgcGFydG5lcnMsIGFnZ3JlZ2F0b3JzIGFuZC9vciByZXBvcnRpbmcgc2VydmljZXMuIEFsbCBzdGF0ZW1lbnRzLCBtYXJrZXRpbmcsIGFkdmVydGlzaW5nIGFuZC9vciBvcGluaW9ucyBleHByZXNzZWQgaW4gdGhlc2UgbWF0ZXJpYWxzLCBhbmQgYWxsIGFydGljbGVzIGFuZCByZXNwb25zZXMgdG8gcXVlc3Rpb25zIGFuZCBvdGhlciBjb250ZW50LCBvdGhlciB0aGFuIHRoZSBjb250ZW50IHByb3ZpZGVkIGJ5IHRoZSBDb21wYW55LCBhcmUgc29sZWx5IHRoZSBvcGluaW9ucyBhbmQgdGhlIHJlc3BvbnNpYmlsaXR5IG9mIHRoZSBwZXJzb24gb3IgZW50aXR5IHByb3ZpZGluZyB0aG9zZSBtYXRlcmlhbHMuIFRoZSBwZXJzb24gb3IgZW50aXR5IG1heSBvciBtYXkgbm90IGhhdmUgcGFpZCB0aGUgQ29tcGFueSB0byBiZSBpbmNsdWRlZCBvciBwcm9tb3RlZCBvbiB0aGUgV2Vic2l0ZSBhbmQgdGhlIENvbXBhbnkgaXMgdW5kZXIgbm8gb2JsaWdhdGlvbiB0byBkaXNjbG9zZSB0aGlzIGluZm9ybWF0aW9uIHRvIHlvdS4gVGhlc2UgbWF0ZXJpYWxzIGRvIG5vdCBuZWNlc3NhcmlseSByZWZsZWN0IHRoZSBvcGluaW9uIG9mIHRoZSBDb21wYW55LiBXZSBhcmUgbm90IHJlc3BvbnNpYmxlLCBvciBsaWFibGUgdG8geW91IG9yIGFueSB0aGlyZCBwYXJ0eSwgZm9yIHRoZSBjb250ZW50IG9yIGFjY3VyYWN5IG9mIGFueSBtYXRlcmlhbHMgcHJvdmlkZWQgYnkgYW55IHRoaXJkIHBhcnRpZXMuIFRoZSBDb21wYW55IGRvZXMgbm90IGVuZG9yc2UsIGd1YXJhbnR5IG9yIHdhcnJhbnQgYW55IGNvbnRlbnQgcHJvdmlkZWQgYnkgdGhlIENvbXBhbnkgYW5kL29yIGFueSB0aGlyZCBwYXJ0aWVzLiAKQ2hhbmdlcyB0byB0aGUgV2Vic2l0ZQpXZSBtYXkgdXBkYXRlIHRoZSBjb250ZW50IG9uIHRoaXMgV2Vic2l0ZSBmcm9tIHRpbWUgdG8gdGltZSwgYnV0IGl0cyBjb250ZW50IGlzIG5vdCBuZWNlc3NhcmlseSBjb21wbGV0ZSBvciB1cC10by1kYXRlLiBBbnkgb2YgdGhlIG1hdGVyaWFsIG9uIHRoZSBXZWJzaXRlIG1heSBiZSBvdXQgb2YgZGF0ZSBhdCBhbnkgZ2l2ZW4gdGltZSwgYW5kIHdlIGFyZSB1bmRlciBubyBvYmxpZ2F0aW9uIHRvIHVwZGF0ZSBzdWNoIG1hdGVyaWFsLiAKSW5mb3JtYXRpb24gQWJvdXQgWW91IGFuZCBZb3VyIFZpc2l0cyB0byB0aGUgV2Vic2l0ZQpBbGwgaW5mb3JtYXRpb24gd2UgY29sbGVjdCBvbiB0aGlzIFdlYnNpdGUgaXMgc3ViamVjdCB0byBvdXIgUHJpdmFjeSBQb2xpY3kgd3d3LnN0cmVldHdvcmsuY29tL3BwLiBCeSB1c2luZyB0aGUgV2Vic2l0ZSwgeW91IGNvbnNlbnQgdG8gYWxsIGFjdGlvbnMgdGFrZW4gYnkgdXMgd2l0aCByZXNwZWN0IHRvIHlvdXIgaW5mb3JtYXRpb24gaW4gY29tcGxpYW5jZSB3aXRoIHRoZSBQcml2YWN5IFBvbGljeS4gCkZlZXMgYW5kIEJpbGxpbmcKQS4JUGF5bWVudC5SZWdpc3RlcmVkIFVzZXJzIHdpbGwgYmUgY2hhcmdlZCBmb3IgdXNlIGFuZCBhY2Nlc3Mgb2YgdGhlIFdlYnNpdGUuU3BvbnNvcmVkIFVzZXJzIGFyZSBhbGxvd2VkIHRvIGFjY2VzcyBhbmQgdmlldyB0aGUgV2Vic2l0ZSBmb3IgZnJlZSBhcyBhIGd1ZXN0IG9mIGEgUmVnaXN0ZXJlZCBVc2VyLiBUaGUgQ29tcGFueSByZXNlcnZlcyB0aGUgcmlnaHQgdG8gY2hhcmdlIGZvciBjZXJ0YWluIGFkZGl0aW9uYWwgc2VydmljZXMuIFdoZW4geW91IHVzZSBhIHNlcnZpY2UgdGhhdCBoYXMgYSBmZWUgeW91IHdpbGwgaGF2ZSBhbiBvcHBvcnR1bml0eSB0byByZXZpZXcgYW5kIGFjY2VwdCB0aGUgZmVlcyB0aGF0IHlvdSB3aWxsIGJlIGNoYXJnZWQuIApUbyBwYXkgZm9yIHN1Y2ggc2VydmljZXMsIGlmIHJlcXVpcmVkLCB5b3UgbXVzdCBwcm92aWRlIHRoZSBDb21wYW55IHdpdGggdGhlIGluZm9ybWF0aW9uIG5lY2Vzc2FyeSB0byBwcm9jZXNzIHN1Y2ggb3JkZXIgaW5jbHVkaW5nIHlvdXIgYmlsbGluZyBhZGRyZXNzIGFuZCBwYXltZW50IG1ldGhvZC4gIFlvdSBhZ3JlZSB0byBwYXkgdGhlIENvbXBhbnkgdGhlIGNoYXJnZXMgaW5jdXJyZWQgaW4gYWNjb3JkYW5jZSB3aXRoIHRoZXNlIFRlcm1zIGFuZCBhcHBsaWNhYmxlIHBheSBzZXJ2aWNlcy4gIElmIHlvdSBkaXNwdXRlIGFueSBjaGFyZ2VzLCB5b3UgbXVzdCBpbmZvcm0gdGhlIENvbXBhbnkgaW4gd3JpdGluZyB3aXRoaW4gdGhpcnR5ICgzMCkgb2YgYmVpbmcgYmlsbGVkIGJ5IHRoZSBDb21wYW55LiAgSWYgb3VyIGZlZXMgZXZlciBjaGFuZ2UsIHRoZSBjaGFuZ2VzIHRvIGZlZXMgYXJlIGVmZmVjdGl2ZSBhZnRlciB3ZSBwcm92aWRlIHlvdSB3aXRoIG5vdGljZSBieSBwb3N0aW5nIHRoZSBjaGFuZ2VzIG9uIHRoZSBTZXJ2aWNlcyBvciBieSBlbWFpbC4KQi4JT3ZlcmR1ZSBjaGFyZ2VzLiBJZiB5b3UgZmFpbCB0byBwYXkgeW91ciBhbnkgZmVlcyBvbiB0aW1lLCBvciBpZiB5b3VyIGNyZWRpdCBjYXJkIHBheW1lbnQgaW5mb3JtYXRpb24gaXMgZW50ZXJlZCBpbiBlcnJvciBvciBkb2VzIG5vdCBnbyB0aHJvdWdoIGZvciBwcm9jZXNzaW5nIGFuZCB5b3UgZG8gbm90IHVwZGF0ZSBwYXltZW50IGluZm9ybWF0aW9uIHVwb24gb3VyIHJlcXVlc3QsIHlvdXIgZW50aXJlIGFjY291bnQgbWF5IGJlIHN1c3BlbmRlZCBvciBjYW5jZWxlZC4gRXZlbiBhZnRlciB5b3VyIGFjY291bnQgaXMgc3VzcGVuZGVkIG9yIGNhbmNlbGVkLCB5b3Ugd2lsbCBiZSBhYmxlIHRvIGFjY2VzcyB5b3VyIGFjY291bnQgaW5mb3JtYXRpb24gdG8gcmVzdG9yZSB5b3VyIGFjY2VzcyB0byB0aGUgU2VydmljZXMgYnkgcHJvdmlkaW5nIGEgcHJvcGVyIGJpbGxpbmcgc291cmNlLiBBZnRlciB5b3VyIGFjY291bnQgaXMgdGVybWluYXRlZCwgd2Ugd2lsbCBrZWVwIHlvdXIgY3VycmVudCBhY2NvdW50IHNldHRpbmdzIG9uIGZpbGUgZm9yIDkwIGRheXMuIEFmdGVyIHRoYXQgdGltZSwgdGhlIENvbXBhbnkgcmVzZXJ2ZXMgdGhlIHJpZ2h0IHRvIHJlbW92ZSBzdWNoIHNldHRpbmdzIGZyb20gb3VyIHNlcnZlcnMgd2l0aCBOTyBsaWFiaWxpdHkgdG8gdGhlIENvbXBhbnkgb3Igbm90aWNlIHRvIHlvdS4gCkMuCVRheGVzLlVubGVzcyBvdGhlcndpc2Ugc3RhdGVkLCB3ZSB3aWxsIGludm9pY2UgeW91IGZvciBhbnkgdGF4ZXMsIGxldmllcywgZHV0aWVzIG9yIHNpbWlsYXIgZ292ZXJubWVudGFsIGFzc2Vzc21lbnRzLCBpbmNsdWRpbmcgdmFsdWUtYWRkZWQsIHNhbGVzLCB1c2Ugb3Igd2l0aGhvbGRpbmcgdGF4ZXMgYXNzZXNzYWJsZSBieSBhbnkgbG9jYWwsIHN0YXRlLCBwcm92aW5jaWFsIG9yIGZvcmVpZ24ganVyaXNkaWN0aW9uIChjb2xsZWN0aXZlbHkg4oCcVGF4ZXPigJ0pIGlmIHdlIGJlbGlldmUgd2UgaGF2ZSBhIGxlZ2FsIG9ibGlnYXRpb24gdG8gZG8gc28uIApELglUZXJtaW5hdGlvbi4gSWYgeW91ciBhY2NvdW50IGlzIHRlcm1pbmF0ZWQgb3Igc3VzcGVuZGVkIGFzIHByb3ZpZGVkIGJ5IHRoaXMgVGVybXMgb2YgVXNlLCB0aGUgQ29tcGFueSByZXNlcnZlcyB0aGUgcmlnaHQgdG8gbm90IHJlZnVuZCBhbnkgZmVlcyBwYWlkLiAKRS4JQ2FuY2VsbGF0aW9uLiBZb3UgbWF5IGNhbmNlbCB5b3VyIGFjY291bnQgYXQgYW55IHRpbWUgdGhyb3VnaCB5b3VyIGFjY291bnQgc2V0dGluZ3Mgb3IgYnkgc2VuZGluZyB1cyBhbiBlbWFpbC4gVW5sZXNzIHRoZSBDb21wYW55IGlzIGluIGJyZWFjaCBvZiB0aGlzIEFncmVlbWVudCBhbmQgZG9lcyBub3QgY3VyZSBzYWlkIGJyZWFjaCB3aXRoaW4gdGhpcnR5ICgzMCkgZGF5cyBvZiByZWNlaXZpbmcgd3JpdHRlbiBub3RpY2UgZnJvbSB5b3Ugb2YgYW4gYWN0dWFsIGJyZWFjaCwgaWRlbnRpZnlpbmcgc3BlY2lmaWNhbGx5IHRoZSBuYXR1cmUgb2YgdGhlIGJyZWFjaCwgeW91IGFyZSBub3QgZW50aXRsZWQgdG8gYW55IHJlZnVuZHMuIElmIHlvdXIgYWNjb3VudCBpcyBjYW5jZWxlZCwgdGhlIENvbXBhbnkgcmVzZXJ2ZXMgdGhlIHJpZ2h0IHRvIHJlbW92ZSB5b3VyIGFjY291bnQgaW5mb3JtYXRpb24gYWxvbmcgd2l0aCBhbnkgYWNjb3VudCBzZXR0aW5ncyBmcm9tIG91ciBzZXJ2ZXJzIHdpdGggTk8gbGlhYmlsaXR5IHRvIHRoZSBDb21wYW55IG9yIG5vdGljZSB0byB5b3UuIE9uY2UgeW91ciBhY2NvdW50IGluZm9ybWF0aW9uIGFuZCBhY2NvdW50IHNldHRpbmdzIGFyZSByZW1vdmVkLCB5b3Ugd2lsbCBub3QgYmUgYWJsZSB0byByZWNvdmVyIHRoaXMgZGF0YSBhbmQgeW91IHdpbGwgbG9zZSBhY2Nlc3MgdG8gYWxsIG9mIHlvdXIgY29udGVudC4KRm9sbG93aW5nIHRoZWNhbmNlbGxhdGlvbiBvZiB5b3VyIGFjY291bnQsIGhvd2V2ZXIsIHlvdXIgbGljZW5zZSB0byB1c2UgdGhlIENvbXBhbnnigJlzIGNvbnRlbnQgYXV0b21hdGljYWxseSB0ZXJtaW5hdGVzLCBhbmQgdGhlIENvbXBhbnkgaGFzIG5vIG9ibGlnYXRpb24gdG8gcHJvdmlkZSB5b3Ugd2l0aCB1c2Ugb3IgYWNjZXNzIHRvIHRoZSBXZWJzaXRlLiAKRi4JU3Vydml2YWwuIEFsbCBwcm92aXNpb25zIG9mIHRoZXNlIFRlcm1zIG9mIFVzZSB0aGF0IGJ5IHRoZWlyIG5hdHVyZSBzaG91bGQgc3Vydml2ZSBjYW5jZWxsYXRpb24gYW5kIHRlcm1pbmF0aW9uIHNoYWxsIHN1cnZpdmUgY2FuY2VsbGF0aW9uIGFuZCB0ZXJtaW5hdGlvbiwgaW5jbHVkaW5nLCB3aXRob3V0IGxpbWl0YXRpb24sIG93bmVyc2hpcCBwcm92aXNpb25zLCB3YXJyYW50eSBkaXNjbGFpbWVycywgaW5kZW1uaXR5LCBhbmQgbGltaXRhdGlvbnMgb2YgbGlhYmlsaXR5LiBZb3UgYWNrbm93bGVkZ2UgYW5kIHVuZGVyc3RhbmQgdGhhdCBvdXIgcmlnaHRzIHJlZ2FyZGluZyBhbnkgY29udGVudCB5b3Ugc3VibWl0dGVkIHRvIHRoZSBXZWJzaXRlIGJlZm9yZSB5b3VyIGFjY291bnQgd2FzIHRlcm1pbmF0ZWQgb3IgY2FuY2VsZWQgc2hhbGwgc3Vydml2ZSB0ZXJtaW5hdGlvbiBhbmQgY2FuY2VsbGF0aW9uLgpMaW5raW5nIHRvIHRoZSBXZWJzaXRlIGFuZCBTb2NpYWwgTWVkaWEgRmVhdHVyZXMKWW91IG1heSBsaW5rIHRvIG91ciBob21lcGFnZSwgcHJvdmlkZWQgeW91IGRvIHNvIGluIGEgd2F5IHRoYXQgaXMgZmFpciBhbmQgbGVnYWwgYW5kIGRvZXMgbm90IGRhbWFnZSBvdXIgcmVwdXRhdGlvbiBvciB0YWtlIGFkdmFudGFnZSBvZiBpdCwgYnV0IHlvdSBtdXN0IG5vdCBlc3RhYmxpc2ggYSBsaW5rIGluIHN1Y2ggYSB3YXkgYXMgdG8gc3VnZ2VzdCBhbnkgZm9ybSBvZiBhc3NvY2lhdGlvbiwgYXBwcm92YWwgb3IgZW5kb3JzZW1lbnQgb24gb3VyIHBhcnQgd2l0aG91dCBvdXIgZXhwcmVzcyB3cml0dGVuIGNvbnNlbnQuIApUaGlzIFdlYnNpdGUgbWF5IHByb3ZpZGUgY2VydGFpbiBzb2NpYWwgbWVkaWEgZmVhdHVyZXMgdGhhdCBlbmFibGUgeW91IHRvOgrigKIJTGluayBmcm9tIHlvdXIgb3duIG9yIGNlcnRhaW4gdGhpcmQtcGFydHkgd2Vic2l0ZXMgdG8gY2VydGFpbiBjb250ZW50IG9uIHRoaXMgV2Vic2l0ZS4K4oCiCVNlbmQgZS1tYWlscyBvciBvdGhlciBjb21tdW5pY2F0aW9ucyB3aXRoIGNlcnRhaW4gY29udGVudCwgb3IgbGlua3MgdG8gY2VydGFpbiBjb250ZW50LCBvbiB0aGlzIFdlYnNpdGUuCuKAoglDYXVzZSBsaW1pdGVkIHBvcnRpb25zIG9mIGNvbnRlbnQgb24gdGhpcyBXZWJzaXRlIHRvIGJlIGRpc3BsYXllZCBvciBhcHBlYXIgdG8gYmUgZGlzcGxheWVkIG9uIHlvdXIgb3duIG9yIGNlcnRhaW4gdGhpcmQtcGFydHkgd2Vic2l0ZXMuCllvdSBtYXkgdXNlIHRoZXNlIGZlYXR1cmVzIHNvbGVseSBhcyB0aGV5IGFyZSBwcm92aWRlZCBieSB1cywgYW5kIHNvbGVseSB3aXRoIHJlc3BlY3QgdG8gdGhlIGNvbnRlbnQgdGhleSBhcmUgZGlzcGxheWVkIHdpdGggYW5kIG90aGVyd2lzZSBpbiBhY2NvcmRhbmNlIHdpdGggYW55IGFkZGl0aW9uYWwgdGVybXMgYW5kIGNvbmRpdGlvbnMgd2UgcHJvdmlkZSB3aXRoIHJlc3BlY3QgdG8gc3VjaCBmZWF0dXJlcy4gU3ViamVjdCB0byB0aGUgZm9yZWdvaW5nLCB5b3UgbXVzdCBub3Q6CuKAoglFc3RhYmxpc2ggYSBsaW5rIGZyb20gYW55IHdlYnNpdGUgdGhhdCBpcyBub3Qgb3duZWQgYnkgeW91LgrigKIJQ2F1c2UgdGhlIFdlYnNpdGUgb3IgcG9ydGlvbnMgb2YgaXQgdG8gYmUgZGlzcGxheWVkLCBvciBhcHBlYXIgdG8gYmUgZGlzcGxheWVkIGJ5LCBmb3IgZXhhbXBsZSwgZnJhbWluZywgZGVlcCBsaW5raW5nIG9yIGluLWxpbmUgbGlua2luZywgb24gYW55IG90aGVyIHNpdGUuCuKAoglMaW5rIHRvIGFueSBwYXJ0IG9mIHRoZSBXZWJzaXRlIG90aGVyIHRoYW4gdGhlIGhvbWVwYWdlLgrigKIJT3RoZXJ3aXNlIHRha2UgYW55IGFjdGlvbiB3aXRoIHJlc3BlY3QgdG8gdGhlIG1hdGVyaWFscyBvbiB0aGlzIFdlYnNpdGUgdGhhdCBpcyBpbmNvbnNpc3RlbnQgd2l0aCBhbnkgb3RoZXIgcHJvdmlzaW9uIG9mIHRoZXNlIFRlcm1zIG9mIFVzZS4KVGhlIHdlYnNpdGUgZnJvbSB3aGljaCB5b3UgYXJlIGxpbmtpbmcsIG9yIG9uIHdoaWNoIHlvdSBtYWtlIGNlcnRhaW4gY29udGVudCBhY2Nlc3NpYmxlLCBtdXN0IGNvbXBseSBpbiBhbGwgcmVzcGVjdHMgd2l0aCB0aGUgcHJvdmlzaW9ucyBzZXQgb3V0IGluIHRoZXNlIFRlcm1zIG9mIFVzZS4KWW91IGFncmVlIHRvIGNvb3BlcmF0ZSB3aXRoIHVzIGluIGNhdXNpbmcgYW55IHVuYXV0aG9yaXplZCBmcmFtaW5nIG9yIGxpbmtpbmcgaW1tZWRpYXRlbHkgdG8gY2Vhc2UuIFdlIHJlc2VydmUgdGhlIHJpZ2h0IHRvIHdpdGhkcmF3IGxpbmtpbmcgcGVybWlzc2lvbiB3aXRob3V0IG5vdGljZS4KV2UgbWF5IGRpc2FibGUgYWxsIG9yIGFueSBzb2NpYWwgbWVkaWEgZmVhdHVyZXMgYW5kIGFueSBsaW5rcyBhdCBhbnkgdGltZSB3aXRob3V0IG5vdGljZSBpbiBvdXIgZGlzY3JldGlvbi4gCkxpbmtzIGZyb20gdGhlIFdlYnNpdGUKSWYgdGhlIFdlYnNpdGUgY29udGFpbnMgbGlua3MgdG8gb3RoZXIgc2l0ZXMgYW5kIHJlc291cmNlcyBwcm92aWRlZCBieSB0aGlyZCBwYXJ0aWVzLCB0aGVzZSBsaW5rcyBhcmUgcHJvdmlkZWQgZm9yIHlvdXIgY29udmVuaWVuY2Ugb25seS4gVGhpcyBpbmNsdWRlcyBsaW5rcyBjb250YWluZWQgaW4gYWR2ZXJ0aXNlbWVudHMsIGluY2x1ZGluZyBiYW5uZXIgYWR2ZXJ0aXNlbWVudHMgYW5kIHNwb25zb3JlZCBsaW5rcy4gV2UgaGF2ZSBubyBjb250cm9sIG92ZXIgdGhlIGNvbnRlbnRzIG9mIHRob3NlIHNpdGVzIG9yIHJlc291cmNlcyBhbmQgYWNjZXB0IG5vIHJlc3BvbnNpYmlsaXR5IGZvciB0aGVtIG9yIGZvciBhbnkgbG9zcyBvciBkYW1hZ2UgdGhhdCBtYXkgYXJpc2UgZnJvbSB5b3VyIHVzZSBvZiB0aGVtLiBJZiB5b3UgZGVjaWRlIHRvIGFjY2VzcyBhbnkgb2YgdGhlIHRoaXJkIHBhcnR5IHdlYnNpdGVzIGxpbmtlZCB0byB0aGlzIFdlYnNpdGUsIHlvdSBkbyBzbyBlbnRpcmVseSBhdCB5b3VyIG93biByaXNrIGFuZCBzdWJqZWN0IHRvIHRoZSB0ZXJtcyBhbmQgY29uZGl0aW9ucyBvZiB1c2UgZm9yIHN1Y2ggd2Vic2l0ZXMuCkdlb2dyYXBoaWMgUmVzdHJpY3Rpb25zClRoZSBvd25lciBvZiB0aGUgV2Vic2l0ZSBpcyBiYXNlZCBpbiB0aGUgc3RhdGUgb2YgVGV4YXMgaW4gdGhlIFVuaXRlZCBTdGF0ZXMuIFdlIHByb3ZpZGUgdGhpcyBXZWJzaXRlIGZvciB1c2Ugb25seSBieSBwZXJzb25zIGxvY2F0ZWQgaW4gdGhlIFVuaXRlZCBTdGF0ZXMuIFdlIG1ha2Ugbm8gY2xhaW1zIHRoYXQgdGhlIFdlYnNpdGUgb3IgYW55IG9mIGl0cyBjb250ZW50IGlzIGFjY2Vzc2libGUgb3IgYXBwcm9wcmlhdGUgb3V0c2lkZSBvZiB0aGUgVW5pdGVkIFN0YXRlcy4gQWNjZXNzIHRvIHRoZSBXZWJzaXRlIG1heSBub3QgYmUgbGVnYWwgYnkgY2VydGFpbiBwZXJzb25zIG9yIGluIGNlcnRhaW4gY291bnRyaWVzLiBJZiB5b3UgYWNjZXNzIHRoZSBXZWJzaXRlIGZyb20gb3V0c2lkZSB0aGUgVW5pdGVkIFN0YXRlcywgeW91IGRvIHNvIG9uIHlvdXIgb3duIGluaXRpYXRpdmUgYW5kIGFyZSByZXNwb25zaWJsZSBmb3IgY29tcGxpYW5jZSB3aXRoIGxvY2FsIGxhd3MuCkRpc2NsYWltZXIgb2YgV2FycmFudGllcwpZb3UgdW5kZXJzdGFuZCB0aGF0IHdlIGNhbm5vdCBhbmQgZG8gbm90IGd1YXJhbnRlZSBvciB3YXJyYW50IHRoYXQgZmlsZXMgYXZhaWxhYmxlIGZvciBkb3dubG9hZGluZyBmcm9tIHRoZSBpbnRlcm5ldCBvciB0aGUgV2Vic2l0ZSB3aWxsIGJlIGZyZWUgb2YgdmlydXNlcyBvciBvdGhlciBkZXN0cnVjdGl2ZSBjb2RlLiBZb3UgYXJlIHJlc3BvbnNpYmxlIGZvciBpbXBsZW1lbnRpbmcgc3VmZmljaWVudCBwcm9jZWR1cmVzIGFuZCBjaGVja3BvaW50cyB0byBzYXRpc2Z5IHlvdXIgcGFydGljdWxhciByZXF1aXJlbWVudHMgZm9yIGFudGktdmlydXMgcHJvdGVjdGlvbiBhbmQgYWNjdXJhY3kgb2YgZGF0YSBpbnB1dCBhbmQgb3V0cHV0LCBhbmQgZm9yIG1haW50YWluaW5nIGEgbWVhbnMgZXh0ZXJuYWwgdG8gb3VyIHNpdGUgZm9yIGFueSByZWNvbnN0cnVjdGlvbiBvZiBhbnkgbG9zdCBkYXRhLiBXRSBXSUxMIE5PVCBCRSBMSUFCTEUgRk9SIEFOWSBMT1NTIE9SIERBTUFHRSBDQVVTRUQgQlkgQSBESVNUUklCVVRFRCBERU5JQUwtT0YtU0VSVklDRSBBVFRBQ0ssIFZJUlVTRVMgT1IgT1RIRVIgVEVDSE5PTE9HSUNBTExZIEhBUk1GVUwgTUFURVJJQUwgVEhBVCBNQVkgSU5GRUNUIFlPVVIgQ09NUFVURVIgRVFVSVBNRU5ULCBDT01QVVRFUiBQUk9HUkFNUywgREFUQSBPUiBPVEhFUiBQUk9QUklFVEFSWSBNQVRFUklBTCBEVUUgVE8gWU9VUiBVU0UgT0YgVEhFIFdFQlNJVEUgT1IgQU5ZIFNFUlZJQ0VTIE9SIElURU1TIE9CVEFJTkVEIFRIUk9VR0ggVEhFIFdFQlNJVEUgT1IgVE8gWU9VUiBET1dOTE9BRElORyBPRiBBTlkgTUFURVJJQUwgUE9TVEVEIE9OIElULCBPUiBPTiBBTlkgV0VCU0lURSBMSU5LRUQgVE8gSVQuCllPVVIgVVNFIE9GIFRIRSBXRUJTSVRFLCBJVFMgQ09OVEVOVCBBTkQgQU5ZIFNFUlZJQ0VTIE9SIElURU1TIE9CVEFJTkVEIFRIUk9VR0ggVEhFIFdFQlNJVEUgSVMgQVQgWU9VUiBPV04gUklTSy4gVEhFIFdFQlNJVEUsIElUUyBDT05URU5UIEFORCBBTlkgU0VSVklDRVMgT1IgSVRFTVMgT0JUQUlORUQgVEhST1VHSCBUSEUgV0VCU0lURSBBUkUgUFJPVklERUQgT04gQU4gIkFTIElTIiBBTkQgIkFTIEFWQUlMQUJMRSIgQkFTSVMsIFdJVEhPVVQgQU5ZIFdBUlJBTlRJRVMgT0YgQU5ZIEtJTkQsIEVJVEhFUiBFWFBSRVNTIE9SIElNUExJRUQuIE5FSVRIRVIgVEhFIENPTVBBTlkgTk9SIEFOWSBQRVJTT04gQVNTT0NJQVRFRCBXSVRIIFRIRSBDT01QQU5ZIE1BS0VTIEFOWSBXQVJSQU5UWSBPUiBSRVBSRVNFTlRBVElPTiBXSVRIIFJFU1BFQ1QgVE8gVEhFIENPTVBMRVRFTkVTUywgU0VDVVJJVFksIFJFTElBQklMSVRZLCBRVUFMSVRZLCBBQ0NVUkFDWSBPUiBBVkFJTEFCSUxJVFkgT0YgVEhFIFdFQlNJVEUuIFdJVEhPVVQgTElNSVRJTkcgVEhFIEZPUkVHT0lORywgTkVJVEhFUiBUSEUgQ09NUEFOWSBOT1IgQU5ZT05FIEFTU09DSUFURUQgV0lUSCBUSEUgQ09NUEFOWSBSRVBSRVNFTlRTIE9SIFdBUlJBTlRTIFRIQVQgVEhFIFdFQlNJVEUsIElUUyBDT05URU5UIE9SIEFOWSBTRVJWSUNFUyBPUiBJVEVNUyBPQlRBSU5FRCBUSFJPVUdIIFRIRSBXRUJTSVRFIFdJTEwgQkUgQUNDVVJBVEUsIFJFTElBQkxFLCBFUlJPUi1GUkVFIE9SIFVOSU5URVJSVVBURUQsIFRIQVQgREVGRUNUUyBXSUxMIEJFIENPUlJFQ1RFRCwgVEhBVCBPVVIgU0lURSBPUiBUSEUgU0VSVkVSIFRIQVQgTUFLRVMgSVQgQVZBSUxBQkxFIEFSRSBGUkVFIE9GIFZJUlVTRVMgT1IgT1RIRVIgSEFSTUZVTCBDT01QT05FTlRTIE9SIFRIQVQgVEhFIFdFQlNJVEUgT1IgQU5ZIFNFUlZJQ0VTIE9SIElURU1TIE9CVEFJTkVEIFRIUk9VR0ggVEhFIFdFQlNJVEUgV0lMTCBPVEhFUldJU0UgTUVFVCBZT1VSIE5FRURTIE9SIEVYUEVDVEFUSU9OUy4gClRIRSBDT01QQU5ZIEhFUkVCWSBESVNDTEFJTVMgQUxMIFdBUlJBTlRJRVMgT0YgQU5ZIEtJTkQsIFdIRVRIRVIgRVhQUkVTUyBPUiBJTVBMSUVELCBTVEFUVVRPUlkgT1IgT1RIRVJXSVNFLCBJTkNMVURJTkcgQlVUIE5PVCBMSU1JVEVEIFRPIEFOWSBXQVJSQU5USUVTIE9GIE1FUkNIQU5UQUJJTElUWSwgTk9OLUlORlJJTkdFTUVOVCwgQU5EIEZJVE5FU1MgRk9SIFBBUlRJQ1VMQVIgUFVSUE9TRS4KVEhFIEZPUkVHT0lORyBET0VTIE5PVCBBRkZFQ1QgQU5ZIFdBUlJBTlRJRVMgV0hJQ0ggQ0FOTk9UIEJFIEVYQ0xVREVEIE9SIExJTUlURUQgVU5ERVIgQVBQTElDQUJMRSBMQVcuCkxpbWl0YXRpb24gb24gTGlhYmlsaXR5CklOIE5PIEVWRU5UIFdJTEwgVEhFIENPTVBBTlksIElUUyBBRkZJTElBVEVTIE9SIFRIRUlSIExJQ0VOU09SUywgU0VSVklDRSBQUk9WSURFUlMsIEVNUExPWUVFUywgQUdFTlRTLCBPRkZJQ0VSUyBPUiBESVJFQ1RPUlMgQkUgTElBQkxFIEZPUiBEQU1BR0VTIE9GIEFOWSBLSU5ELCBVTkRFUiBBTlkgTEVHQUwgVEhFT1JZLCBBUklTSU5HIE9VVCBPRiBPUiBJTiBDT05ORUNUSU9OIFdJVEggWU9VUiBVU0UsIE9SIElOQUJJTElUWSBUTyBVU0UsIFRIRSBXRUJTSVRFLCBBTlkgV0VCU0lURVMgTElOS0VEIFRPIElULCBBTlkgQ09OVEVOVCBPTiBUSEUgV0VCU0lURSBPUiBTVUNIIE9USEVSIFdFQlNJVEVTIE9SIEFOWSBTRVJWSUNFUyBPUiBJVEVNUyBPQlRBSU5FRCBUSFJPVUdIIFRIRSBXRUJTSVRFIE9SIFNVQ0ggT1RIRVIgV0VCU0lURVMsIElOQ0xVRElORyBBTlkgRElSRUNULCBJTkRJUkVDVCwgU1BFQ0lBTCwgSU5DSURFTlRBTCwgQ09OU0VRVUVOVElBTCBPUiBQVU5JVElWRSBEQU1BR0VTLCBJTkNMVURJTkcgQlVUIE5PVCBMSU1JVEVEIFRPLCBQRVJTT05BTCBJTkpVUlksIFBBSU4gQU5EIFNVRkZFUklORywgRU1PVElPTkFMIERJU1RSRVNTLCBMT1NTIE9GIFJFVkVOVUUsIExPU1MgT0YgUFJPRklUUywgTE9TUyBPRiBCVVNJTkVTUyBPUiBBTlRJQ0lQQVRFRCBTQVZJTkdTLCBMT1NTIE9GIFVTRSwgTE9TUyBPRiBHT09EV0lMTCwgTE9TUyBPRiBEQVRBLCBBTkQgV0hFVEhFUiBDQVVTRUQgQlkgVE9SVCAoSU5DTFVESU5HIE5FR0xJR0VOQ0UpLCBCUkVBQ0ggT0YgQ09OVFJBQ1QgT1IgT1RIRVJXSVNFLCBFVkVOIElGIEZPUkVTRUVBQkxFLgpUSEUgRk9SRUdPSU5HIERPRVMgTk9UIEFGRkVDVCBBTlkgTElBQklMSVRZIFdISUNIIENBTk5PVCBCRSBFWENMVURFRCBPUiBMSU1JVEVEIFVOREVSIEFQUExJQ0FCTEUgTEFXLgpJbmRlbW5pZmljYXRpb24KWW91IGFncmVlIHRvIGRlZmVuZCwgaW5kZW1uaWZ5IGFuZCBob2xkIGhhcm1sZXNzIHRoZSBDb21wYW55LCBpdHMgYWZmaWxpYXRlcywgbGljZW5zb3JzIGFuZCBzZXJ2aWNlIHByb3ZpZGVycywgYW5kIGl0cyBhbmQgdGhlaXIgcmVzcGVjdGl2ZSBvZmZpY2VycywgZGlyZWN0b3JzLCBlbXBsb3llZXMsIGNvbnRyYWN0b3JzLCBhZ2VudHMsIGxpY2Vuc29ycywgc3VwcGxpZXJzLCBzdWNjZXNzb3JzIGFuZCBhc3NpZ25zIGZyb20gYW5kIGFnYWluc3QgYW55IGNsYWltcywgbGlhYmlsaXRpZXMsIGRhbWFnZXMsIGp1ZGdtZW50cywgYXdhcmRzLCBsb3NzZXMsIGNvc3RzLCBleHBlbnNlcyBvciBmZWVzIChpbmNsdWRpbmcgcmVhc29uYWJsZSBhdHRvcm5leXMnIGZlZXMpIGFyaXNpbmcgb3V0IG9mIG9yIHJlbGF0aW5nIHRvIHlvdXIgdmlvbGF0aW9uIG9mIHRoZXNlIFRlcm1zIG9mIFVzZSBvciB5b3VyIHVzZSBvZiB0aGUgV2Vic2l0ZSwgaW5jbHVkaW5nLCBidXQgbm90IGxpbWl0ZWQgdG8sIHlvdXIgVXNlciBDb250cmlidXRpb25zLCBhbnkgdXNlIG9mIHRoZSBXZWJzaXRlJ3MgY29udGVudCwgc2VydmljZXMgYW5kIHByb2R1Y3RzIG90aGVyIHRoYW4gYXMgZXhwcmVzc2x5IGF1dGhvcml6ZWQgaW4gdGhlc2UgVGVybXMgb2YgVXNlIG9yIHlvdXIgdXNlIG9mIGFueSBpbmZvcm1hdGlvbiBvYnRhaW5lZCBmcm9tIHRoZSBXZWJzaXRlLgpHb3Zlcm5pbmcgTGF3IGFuZCBKdXJpc2RpY3Rpb24KQWxsIG1hdHRlcnMgcmVsYXRpbmcgdG8gdGhlIFdlYnNpdGUgYW5kIHRoZXNlIFRlcm1zIG9mIFVzZSBhbmQgYW55IGRpc3B1dGUgb3IgY2xhaW0gYXJpc2luZyB0aGVyZWZyb20gb3IgcmVsYXRlZCB0aGVyZXRvIChpbiBlYWNoIGNhc2UsIGluY2x1ZGluZyBub24tY29udHJhY3R1YWwgZGlzcHV0ZXMgb3IgY2xhaW1zKSwgc2hhbGwgYmUgZ292ZXJuZWQgYnkgYW5kIGNvbnN0cnVlZCBpbiBhY2NvcmRhbmNlIHdpdGggdGhlIGludGVybmFsIGxhd3Mgb2YgdGhlIFN0YXRlIG9mIFRleGFzIHdpdGhvdXQgZ2l2aW5nIGVmZmVjdCB0byBhbnkgY2hvaWNlIG9yIGNvbmZsaWN0IG9mIGxhdyBwcm92aXNpb24gb3IgcnVsZSAod2hldGhlciBvZiB0aGUgU3RhdGUgb2YgVGV4YXMgb3IgYW55IG90aGVyIGp1cmlzZGljdGlvbikuCkFueSBsZWdhbCBzdWl0LCBhY3Rpb24gb3IgcHJvY2VlZGluZyBhcmlzaW5nIG91dCBvZiwgb3IgcmVsYXRlZCB0bywgdGhlc2UgVGVybXMgb2YgVXNlIG9yIHRoZSBXZWJzaXRlIHNoYWxsIGJlIGluc3RpdHV0ZWQgZXhjbHVzaXZlbHkgaW4gdGhlIGZlZGVyYWwgY291cnRzIG9mIHRoZSBVbml0ZWQgU3RhdGVzIG9yIHRoZSBjb3VydHMgb2YgdGhlIFN0YXRlIG9mIFRleGFzaW4gZWFjaCBjYXNlIGxvY2F0ZWQgaW4gdGhlIENpdHkgb2YgUGxhbm8gYW5kIENvdW50eSBvZiBDb2xsaW5hbHRob3VnaCB3ZSByZXRhaW4gdGhlIHJpZ2h0IHRvIGJyaW5nIGFueSBzdWl0LCBhY3Rpb24gb3IgcHJvY2VlZGluZyBhZ2FpbnN0IHlvdSBmb3IgYnJlYWNoIG9mIHRoZXNlIFRlcm1zIG9mIFVzZSBpbiB5b3VyIGNvdW50cnkgb2YgcmVzaWRlbmNlIG9yIGFueSBvdGhlciByZWxldmFudCBjb3VudHJ5LiBZb3Ugd2FpdmUgYW55IGFuZCBhbGwgb2JqZWN0aW9ucyB0byB0aGUgZXhlcmNpc2Ugb2YganVyaXNkaWN0aW9uIG92ZXIgeW91IGJ5IHN1Y2ggY291cnRzIGFuZCB0byB0aGV2ZW51ZSBpbiBzdWNoIGNvdXJ0cy4KQXJiaXRyYXRpb24KQXQgQ29tcGFueSdzIHNvbGUgZGlzY3JldGlvbiwgaXQgbWF5IHJlcXVpcmUgeW91IHRvIHN1Ym1pdCBhbnkgZGlzcHV0ZXMgYXJpc2luZyBmcm9tIHRoZSB1c2Ugb2YgdGhlc2UgVGVybXMgb2YgVXNlIG9yIHRoZSBXZWJzaXRlLCBpbmNsdWRpbmcgZGlzcHV0ZXMgYXJpc2luZyBmcm9tIG9yIGNvbmNlcm5pbmcgdGhlaXIgaW50ZXJwcmV0YXRpb24sIHZpb2xhdGlvbiwgaW52YWxpZGl0eSwgbm9uLXBlcmZvcm1hbmNlLCBvciB0ZXJtaW5hdGlvbiwgdG8gZmluYWwgYW5kIGJpbmRpbmcgYXJiaXRyYXRpb24gdW5kZXIgdGhlIFJ1bGVzIG9mIEFyYml0cmF0aW9uIG9mIHRoZSBBbWVyaWNhbiBBcmJpdHJhdGlvbiBBc3NvY2lhdGlvbiBhcHBseWluZyBUZXhhcyBsYXcuCkxpbWl0YXRpb24gb24gVGltZSB0byBGaWxlIENsYWltcwpBTlkgQ0FVU0UgT0YgQUNUSU9OIE9SIENMQUlNIFlPVSBNQVkgSEFWRSBBUklTSU5HIE9VVCBPRiBPUiBSRUxBVElORyBUTyBUSEVTRSBURVJNUyBPRiBVU0UgT1IgVEhFIFdFQlNJVEUgTVVTVCBCRSBDT01NRU5DRUQgV0lUSElOIE9ORSAoMSkgWUVBUiBBRlRFUiBUSEUgQ0FVU0UgT0YgQUNUSU9OIEFDQ1JVRVMsIE9USEVSV0lTRSwgU1VDSCBDQVVTRSBPRiBBQ1RJT04gT1IgQ0xBSU0gSVMgUEVSTUFORU5UTFkgQkFSUkVELiAKV2FpdmVyIGFuZCBTZXZlcmFiaWxpdHkKTm8gd2FpdmVyIG9mIGJ5IHRoZSBDb21wYW55IG9mIGFueSB0ZXJtIG9yIGNvbmRpdGlvbiBzZXQgZm9ydGggaW4gdGhlc2UgVGVybXMgb2YgVXNlIHNoYWxsIGJlIGRlZW1lZCBhIGZ1cnRoZXIgb3IgY29udGludWluZyB3YWl2ZXIgb2Ygc3VjaCB0ZXJtIG9yIGNvbmRpdGlvbiBvciBhIHdhaXZlciBvZiBhbnkgb3RoZXIgdGVybSBvciBjb25kaXRpb24sIGFuZCBhbnkgZmFpbHVyZSBvZiB0aGUgQ29tcGFueSB0byBhc3NlcnQgYSByaWdodCBvciBwcm92aXNpb24gdW5kZXIgdGhlc2UgVGVybXMgb2YgVXNlIHNoYWxsIG5vdCBjb25zdGl0dXRlIGEgd2FpdmVyIG9mIHN1Y2ggcmlnaHQgb3IgcHJvdmlzaW9uLgpJZiBhbnkgcHJvdmlzaW9uIG9mIHRoZXNlIFRlcm1zIG9mIFVzZSBpcyBoZWxkIGJ5IGEgY291cnQgb3Igb3RoZXIgdHJpYnVuYWwgb2YgY29tcGV0ZW50IGp1cmlzZGljdGlvbiB0byBiZSBpbnZhbGlkLCBpbGxlZ2FsIG9yIHVuZW5mb3JjZWFibGUgZm9yIGFueSByZWFzb24sIHN1Y2ggcHJvdmlzaW9uIHNoYWxsIGJlIGVsaW1pbmF0ZWQgb3IgbGltaXRlZCB0byB0aGUgbWluaW11bSBleHRlbnQgc3VjaCB0aGF0IHRoZSByZW1haW5pbmcgcHJvdmlzaW9ucyBvZiB0aGUgVGVybXMgb2YgVXNlIHdpbGwgY29udGludWUgaW4gZnVsbCBmb3JjZSBhbmQgZWZmZWN0LiAKRW50aXJlIEFncmVlbWVudApUaGUgVGVybXMgb2YgVXNlLCBvdXIgUHJpdmFjeSBQb2xpY3lhbmRhbnkgb3RoZXIgcG9saWN5IG9yIGFncmVlbWVudCBpbmNvcnBvcmF0ZWQgYnkgcmVmZXJlbmNlLCBjb25zdGl0dXRlIHRoZSBzb2xlIGFuZCBlbnRpcmUgYWdyZWVtZW50IGJldHdlZW4geW91IGFuZCB0aGUgQ29tcGFueSB3aXRoIHJlc3BlY3QgdG8gdGhlIFdlYnNpdGUgYW5kIHN1cGVyc2VkZSBhbGwgcHJpb3IgYW5kIGNvbnRlbXBvcmFuZW91cyB1bmRlcnN0YW5kaW5ncywgYWdyZWVtZW50cywgcmVwcmVzZW50YXRpb25zIGFuZCB3YXJyYW50aWVzLCBib3RoIHdyaXR0ZW4gYW5kIG9yYWwsIHdpdGggcmVzcGVjdCB0byB0aGUgV2Vic2l0ZS4gCllvdXIgQ29tbWVudHMgYW5kIENvbmNlcm5zClRoaXMgd2Vic2l0ZSBpcyBvcGVyYXRlZCBieSBUb3duc2VuZCBSZXNvdXJjZXMsIExMQywgREJBIFN0cmVldHdvcmsgTWFya2V0aW5nLCBhdCBQTyBCb3ggMTcwNCwgRnJpc2NvLCBUWCA3NTAzNC4KQWxsIGZlZWRiYWNrLCBjb21tZW50cywgcmVxdWVzdHMgZm9yIHRlY2huaWNhbCBzdXBwb3J0LCBjb3B5cmlnaHQgb3IgdHJhZGVtYXJrIGluZnJpbmdlbWVudCBjbGFpbXMsIGFuZCBvdGhlciBjb21tdW5pY2F0aW9ucyByZWxhdGluZyB0byB0aGUgV2Vic2l0ZSBzaG91bGQgYmUgZGlyZWN0ZWQgdG8gaW5mb0BzdHJlZXR3b3JrLmNvbS4=');
/*!40000 ALTER TABLE `privacy_policy` ENABLE KEYS */;
UNLOCK TABLES;

--
-- Table structure for table `rl_loan_option_closing_cost`
--

DROP TABLE IF EXISTS `rl_loan_option_closing_cost`;
/*!40101 SET @saved_cs_client     = @@character_set_client */;
/*!40101 SET character_set_client = utf8 */;
CREATE TABLE `rl_loan_option_closing_cost` (
  `id` int(11) NOT NULL,
  `loanId` int(11) DEFAULT '0',
  `loanOptionId` int(11) DEFAULT '0',
  `rowNo` int(11) DEFAULT '0',
  `name` varchar(250) DEFAULT '0',
  `type` int(11) DEFAULT '0',
  `mode` int(11) DEFAULT '0',
  `value` decimal(15,3) DEFAULT '0.000',
  `percentage` decimal(15,3) DEFAULT '0.000',
  `isApr` tinyint(1) NOT NULL DEFAULT '0',
  `isPpe` tinyint(1) NOT NULL DEFAULT '0',
  `addToLoan` tinyint(1) NOT NULL DEFAULT '0',
  `isVisible` tinyint(1) NOT NULL DEFAULT '1',
  `lastUpdatedBy` varchar(100) DEFAULT NULL,
  `percentageTotal` decimal(15,3) DEFAULT '0.000',
  `total` decimal(15,3) DEFAULT '0.000',
  `category` int(11) NOT NULL DEFAULT '0'
) ENGINE=InnoDB DEFAULT CHARSET=latin1;
/*!40101 SET character_set_client = @saved_cs_client */;

--
-- Dumping data for table `rl_loan_option_closing_cost`
--

LOCK TABLES `rl_loan_option_closing_cost` WRITE;
/*!40000 ALTER TABLE `rl_loan_option_closing_cost` DISABLE KEYS */;
INSERT INTO `rl_loan_option_closing_cost` VALUES (0,64,1,1,'Bond Review',1,2,0.220,0.000,1,0,0,1,'loan officer',0.000,0.220,0),(0,64,1,2,'Title Insurance ',1,2,0.000,2.220,0,0,0,1,'loan officer',0.000,0.000,0),(0,64,1,3,'Bond Fee',1,2,0.000,2.000,0,0,0,1,'loan officer',0.000,0.000,0),(0,64,1,4,'Discount Points',1,2,0.000,0.000,0,0,0,1,'loan officer',0.000,0.000,0),(0,65,1,1,'Discount Points',1,2,1.250,1.250,0,0,1,1,'loan officer',0.000,1.250,2),(0,65,1,2,'VA - (Purchase)',1,2,0.000,2.150,0,0,0,1,'loan officer',0.000,0.000,4),(0,65,1,3,'VA - (Re-Finance)',1,2,0.000,0.500,0,0,0,1,'loan officer',0.000,0.000,5),(0,65,1,4,'UFMIP (FHA)',1,2,0.000,1.750,0,0,0,1,'loan officer',0.000,0.000,3),(0,66,1,1,'Origination Fee',1,2,0.000,1.250,0,0,0,1,'loan officer',12062.500,12062.500,0),(0,66,1,2,'Title Insurance ',1,2,9525.000,0.000,0,0,0,1,'loan officer',0.000,9525.000,1),(0,66,1,3,'Discount Points',1,2,1.250,0.000,0,0,0,1,'loan officer',0.000,1.250,2),(0,66,1,4,'Application Fee',1,2,0.000,0.000,0,0,0,1,'loan officer',0.000,0.000,0),(0,66,1,5,'Appraisal Fee',1,2,0.000,0.000,0,0,0,1,'loan officer',0.000,0.000,0),(0,69,1,1,'Discount Points',1,2,0.000,1.250,0,0,0,1,'loan officer',12125.000,12125.000,2),(0,69,1,2,'VA - (Purchase)',1,2,0.000,2.150,0,0,0,1,'loan officer',20855.000,20855.000,4),(0,69,1,3,'VA - (Re-Finance)',1,2,0.000,0.500,0,0,0,1,'loan officer',4850.000,4850.000,5),(0,69,1,4,'UFMIP (FHA)',1,2,0.000,1.750,0,0,0,1,'loan officer',16975.000,16975.000,3),(0,69,1,5,'Title Insurance ',1,2,9575.000,0.000,0,0,0,1,'loan officer',0.000,9575.000,1),(0,69,1,6,'Admin Fee',1,2,33.000,0.000,0,0,0,1,'loan officer',0.000,33.000,0),(0,90,1,1,'UFMIP (FHA)',1,1,0.000,1.750,0,0,0,0,'loan officer',NULL,NULL,3),(0,90,1,2,'VA - (Purchase)',1,1,0.000,2.150,0,0,0,0,'loan officer',NULL,NULL,4),(0,90,1,3,'VA - (Re-Finance)',1,1,0.000,0.500,0,0,0,0,'loan officer',NULL,NULL,5),(0,90,1,4,'Bond Review',1,2,2000.000,0.000,1,0,0,1,'loan officer',0.000,2000.000,0),(0,93,1,1,'UFMIP (FHA)',1,1,0.000,1.750,0,0,0,0,'loan officer',NULL,NULL,3),(0,93,1,2,'VA - (Purchase)',1,1,0.000,2.150,0,0,0,0,'loan officer',NULL,NULL,4),(0,93,1,3,'VA - (Re-Finance)',1,1,0.000,0.500,0,0,0,0,'loan officer',NULL,NULL,5),(0,93,1,4,'Assignment Fee',1,2,3880.000,0.000,1,0,0,1,'loan officer',0.000,3880.000,0),(0,93,1,5,'Discount Points',1,2,0.000,1.000,1,0,0,1,'loan officer',3880.000,3880.000,2),(0,93,1,6,'Processing Fee',1,2,700.000,0.000,1,0,0,1,'loan officer',0.000,700.000,0),(0,93,1,7,'Title Insurance ',1,2,3755.000,0.000,1,0,0,1,'loan officer',0.000,3755.000,1),(0,101,1,1,'UFMIP (FHA)',1,2,0.000,1.750,0,0,0,0,'loan officer',6755.000,6755.000,3),(0,101,1,2,'VA - (Purchase)',1,2,0.000,2.150,0,0,1,1,'loan officer',0.000,0.000,4),(0,101,1,3,'VA - (Re-Finance)',1,2,0.000,0.500,0,0,0,0,'loan officer',0.000,0.000,5),(0,361,1,1,'UFMIP (FHA)',1,2,0.000,1.750,0,0,0,0,'loan officer',NULL,NULL,3),(0,361,1,2,'VA - (Purchase)',1,2,0.000,2.150,0,0,0,0,'loan officer',NULL,NULL,4),(0,361,1,3,'VA - (Re-Finance)',1,2,0.000,0.500,0,0,0,0,'loan officer',NULL,NULL,5),(0,361,2,1,'UFMIP (FHA)',1,2,0.000,1.750,0,0,1,1,'loan officer',0.000,0.000,3),(0,361,2,2,'VA - (Purchase)',1,2,0.000,2.150,0,0,0,0,'loan officer',NULL,NULL,4),(0,361,2,3,'VA - (Re-Finance)',1,2,0.000,0.500,0,0,0,0,'loan officer',NULL,NULL,5),(0,481,1,1,'UFMIP (FHA)',1,2,0.000,1.750,0,0,0,0,'loan officer',NULL,NULL,3),(0,481,1,2,'VA - (Purchase)',1,2,0.000,2.150,0,0,0,0,'loan officer',NULL,NULL,4),(0,481,1,3,'VA - (Re-Finance)',1,2,0.000,0.500,0,0,0,0,'loan officer',NULL,NULL,5),(0,611,1,1,'UFMIP (FHA)',1,2,0.000,1.750,0,0,0,0,'loan officer',NULL,NULL,3),(0,611,1,2,'VA - (Purchase)',1,2,0.000,2.150,0,0,0,0,'loan officer',NULL,NULL,4),(0,611,1,3,'VA - (Re-Finance)',1,2,0.000,0.500,0,0,0,0,'loan officer',NULL,NULL,5),(0,621,1,1,'UFMIP (FHA)',1,2,0.000,1.750,0,0,0,0,'loan officer',NULL,NULL,3),(0,621,1,2,'VA - (Purchase)',1,2,0.000,2.150,0,0,0,0,'loan officer',NULL,NULL,4),(0,621,1,3,'VA - (Re-Finance)',1,2,0.000,0.500,0,0,0,0,'loan officer',NULL,NULL,5),(0,631,1,1,'UFMIP (FHA)',1,2,0.000,1.750,0,0,0,0,'loan officer',NULL,NULL,3),(0,631,1,2,'VA - (Purchase)',1,2,0.000,2.150,0,0,0,0,'loan officer',NULL,NULL,4),(0,631,1,3,'VA - (Re-Finance)',1,2,0.000,0.500,0,0,0,0,'loan officer',NULL,NULL,5),(0,661,1,1,'UFMIP (FHA)',1,2,0.000,1.750,0,0,0,0,'loan officer',NULL,NULL,3),(0,661,1,2,'VA - (Purchase)',1,2,0.000,2.150,0,0,0,0,'loan officer',NULL,NULL,4),(0,661,1,3,'VA - (Re-Finance)',1,2,0.000,0.500,0,0,0,0,'loan officer',NULL,NULL,5),(0,671,1,1,'UFMIP (FHA)',1,2,0.000,1.750,0,0,0,0,'loan officer',NULL,NULL,3),(0,671,1,2,'VA - (Purchase)',1,2,0.000,2.150,0,0,0,0,'loan officer',NULL,NULL,4),(0,671,1,3,'VA - (Re-Finance)',1,2,0.000,0.500,0,0,0,0,'loan officer',NULL,NULL,5),(0,691,1,1,'UFMIP (FHA)',1,2,0.000,1.750,0,0,0,0,'loan officer',NULL,NULL,3),(0,691,1,2,'VA - (Purchase)',1,2,0.000,2.150,0,0,0,0,'loan officer',NULL,NULL,4),(0,691,1,3,'VA - (Re-Finance)',1,2,0.000,0.500,0,0,0,0,'loan officer',NULL,NULL,5),(0,681,1,1,'UFMIP (FHA)',1,2,0.000,1.750,0,0,0,0,'loan officer',NULL,NULL,3),(0,681,1,2,'VA - (Purchase)',1,2,0.000,2.150,0,0,0,0,'loan officer',NULL,NULL,4),(0,681,1,3,'VA - (Re-Finance)',1,2,0.000,0.500,0,0,0,0,'loan officer',NULL,NULL,5),(0,701,1,1,'UFMIP (FHA)',1,2,0.000,1.750,0,0,0,0,'loan officer',NULL,NULL,3),(0,701,1,2,'VA - (Purchase)',1,2,0.000,2.150,0,0,0,0,'loan officer',NULL,NULL,4),(0,701,1,3,'VA - (Re-Finance)',1,2,0.000,0.500,0,0,0,0,'loan officer',NULL,NULL,5),(0,771,1,1,'UFMIP (FHA)',1,1,0.000,1.750,1,0,0,0,'loan officer',NULL,NULL,3),(0,771,1,2,'VA - (Purchase)',1,1,0.000,2.150,1,0,0,0,'loan officer',NULL,NULL,4),(0,771,1,3,'VA - (Re-Finance)',1,1,0.000,0.500,1,0,0,0,'loan officer',NULL,NULL,5),(0,771,1,4,'Origination Fee',1,2,0.000,1.000,1,0,0,1,'loan officer',3880.000,3880.000,0),(0,771,1,5,'Processing Fee',1,2,595.000,0.000,1,0,0,1,'loan officer',0.000,595.000,0),(0,771,1,6,'Escrow Service Fee',1,2,500.000,0.000,1,0,0,1,'loan officer',0.000,500.000,0),(0,771,1,7,'Tax Service Fee',1,2,75.000,0.000,1,0,0,1,'loan officer',0.000,75.000,0),(0,771,1,8,'Title Insurance ',2,2,0.000,0.000,0,0,0,1,'loan officer',0.000,0.000,1),(0,771,1,9,'Discount Points',1,2,0.000,1.000,1,0,0,1,'loan officer',3880.000,3880.000,2),(0,771,1,10,'Notary Fee',1,2,24.000,0.000,0,0,0,1,'loan officer',0.000,24.000,0),(0,771,1,11,'Underwriting Fee',1,2,995.000,0.000,1,0,0,1,'loan officer',0.000,995.000,0),(0,381,1,1,'UFMIP (FHA)',1,1,0.000,1.750,0,0,0,0,'loan officer',NULL,NULL,3),(0,381,1,2,'VA - (Purchase)',1,1,0.000,2.150,0,0,0,0,'loan officer',NULL,NULL,4),(0,381,1,3,'VA - (Re-Finance)',1,1,0.000,0.500,0,0,0,0,'loan officer',NULL,NULL,5),(0,381,1,4,'Origination Fee',1,2,0.000,1.000,1,0,0,1,'loan officer',3800.000,3800.000,0),(0,381,1,5,'Processing Fee',1,2,500.000,0.000,1,0,0,1,'loan officer',0.000,500.000,0),(0,381,1,6,'Escrow Service Fee',1,2,500.000,0.000,0,0,0,1,'loan officer',0.000,500.000,0),(0,381,1,7,'Tax Service Fee',1,2,75.000,0.000,1,0,0,1,'loan officer',0.000,75.000,0),(0,381,1,8,'Title Insurance ',1,2,2426.000,0.000,1,0,0,1,'loan officer',0.000,2426.000,1),(0,381,1,9,'Discount Points',1,2,0.000,1.500,1,0,0,1,'loan officer',5700.000,5700.000,2),(0,911,1,1,'UFMIP (FHA)',1,2,0.000,1.750,0,0,0,0,'loan officer',NULL,NULL,3),(0,911,1,2,'VA - (Purchase)',1,2,0.000,2.150,0,0,0,0,'loan officer',NULL,NULL,4),(0,911,1,3,'VA - (Re-Finance)',1,2,0.000,0.500,0,0,0,0,'loan officer',NULL,NULL,5),(0,891,1,1,'UFMIP (FHA)',1,1,0.000,1.750,0,0,0,0,'loan officer',NULL,NULL,3),(0,891,1,2,'VA - (Purchase)',1,1,0.000,2.150,0,0,0,0,'loan officer',NULL,NULL,4),(0,891,1,3,'VA - (Re-Finance)',1,1,0.000,0.500,0,0,0,0,'loan officer',NULL,NULL,5),(0,891,1,4,'Tax Service Fee',1,2,5.000,0.000,0,0,0,1,'loan officer',0.000,5.000,0),(0,891,1,5,'__________________________________________',1,2,0.000,0.000,0,0,0,1,'loan officer',0.000,0.000,6),(0,891,1,6,'Title Insurance ',1,2,5695.000,0.000,0,0,0,1,'loan officer',0.000,5695.000,1),(0,791,1,1,'UFMIP (FHA)',1,1,0.000,1.750,0,0,1,1,'loan officer',2533.130,2533.130,3),(0,791,1,2,'VA - (Purchase)',1,1,0.000,2.150,0,0,0,0,'loan officer',NULL,NULL,4),(0,791,1,3,'VA - (Re-Finance)',1,1,0.000,0.500,0,0,0,0,'loan officer',NULL,NULL,5),(0,791,1,4,'Title Insurance Binder',2,2,2260.000,0.000,0,0,0,1,'loan officer',0.000,2260.000,0),(0,791,1,5,'Appraisal Fee',1,2,550.000,0.000,0,0,0,1,'loan officer',0.000,550.000,0),(0,791,1,6,'Credit Report',1,2,46.000,0.000,0,0,0,1,'loan officer',0.000,46.000,0),(0,791,1,7,'Processing Fee',1,2,595.000,0.000,1,0,0,1,'loan officer',0.000,595.000,0),(0,791,1,8,'Underwriting Fee',1,2,995.000,0.000,1,0,0,1,'loan officer',0.000,995.000,0),(0,791,1,9,'Attorney Fee',1,2,125.000,0.000,0,0,0,1,'loan officer',0.000,125.000,0),(0,791,1,10,'Title Insurance Binder',1,2,650.000,0.000,1,0,0,1,'loan officer',0.000,650.000,0),(0,791,1,11,'Recording Fees',1,2,184.000,0.000,0,0,0,1,'loan officer',0.000,184.000,0),(0,791,1,12,'Survey',1,2,400.000,0.000,0,0,0,1,'loan officer',0.000,400.000,0);
/*!40000 ALTER TABLE `rl_loan_option_closing_cost` ENABLE KEYS */;
UNLOCK TABLES;

--
-- Table structure for table `rl_loan_option_closing_cost_history`
--

DROP TABLE IF EXISTS `rl_loan_option_closing_cost_history`;
/*!40101 SET @saved_cs_client     = @@character_set_client */;
/*!40101 SET character_set_client = utf8 */;
CREATE TABLE `rl_loan_option_closing_cost_history` (
  `id` int(11) NOT NULL,
  `loanId` int(11) DEFAULT '0',
  `loanOptionId` int(11) DEFAULT '0',
  `rowNo` int(11) DEFAULT '0',
  `name` varchar(250) DEFAULT '0',
  `type` int(11) DEFAULT '0',
  `mode` int(11) DEFAULT '0',
  `value` decimal(15,3) DEFAULT '0.000',
  `percentage` decimal(15,3) DEFAULT '0.000',
  `isApr` tinyint(1) NOT NULL DEFAULT '0',
  `isPpe` tinyint(1) NOT NULL DEFAULT '0',
  `addToLoan` tinyint(1) NOT NULL DEFAULT '0',
  `isVisible` tinyint(1) NOT NULL DEFAULT '1',
  `lastUpdatedBy` varchar(100) DEFAULT NULL,
  `percentageTotal` decimal(15,3) DEFAULT '0.000',
  `total` decimal(15,3) DEFAULT '0.000',
  `category` int(11) NOT NULL DEFAULT '0'
) ENGINE=InnoDB DEFAULT CHARSET=latin1;
/*!40101 SET character_set_client = @saved_cs_client */;

--
-- Dumping data for table `rl_loan_option_closing_cost_history`
--

LOCK TABLES `rl_loan_option_closing_cost_history` WRITE;
/*!40000 ALTER TABLE `rl_loan_option_closing_cost_history` DISABLE KEYS */;
INSERT INTO `rl_loan_option_closing_cost_history` VALUES (0,152,1,1,'Discount Points',1,1,0.000,0.000,0,0,0,1,NULL,0.000,0.000,0),(0,152,1,2,'Title Insurance',1,2,0.000,0.000,0,0,0,1,NULL,0.000,0.000,0),(0,152,1,3,'UFMIP (FHA)',1,1,0.000,1.750,0,0,0,0,NULL,0.000,0.000,0),(0,152,1,4,'VA - (Purchase)',1,1,0.000,2.150,0,0,0,0,NULL,0.000,0.000,0),(0,152,1,5,'VA - (Re-Finance)',1,1,0.000,0.500,0,0,0,0,NULL,0.000,0.000,0),(0,152,1,6,'',1,2,0.000,0.000,0,0,0,1,NULL,0.000,0.000,0),(0,152,1,7,'',1,2,0.000,0.000,0,0,0,1,NULL,0.000,0.000,0),(0,152,1,8,'',1,2,0.000,0.000,0,0,0,1,NULL,0.000,0.000,0),(0,152,1,9,'',1,2,0.000,0.000,0,0,0,1,NULL,0.000,0.000,0),(0,152,1,10,'',1,2,0.000,0.000,0,0,0,1,NULL,0.000,0.000,0),(0,152,1,11,'',1,2,0.000,0.000,0,0,0,1,NULL,0.000,0.000,0),(0,152,1,12,'',1,2,0.000,0.000,0,0,0,1,NULL,0.000,0.000,0),(0,152,1,13,'',1,2,0.000,0.000,0,0,0,1,NULL,0.000,0.000,0),(0,152,1,14,'',1,2,0.000,0.000,0,0,0,1,NULL,0.000,0.000,0),(0,152,1,15,'',1,2,0.000,0.000,0,0,0,1,NULL,0.000,0.000,0),(0,152,1,1,'Discount Points',1,1,0.000,0.000,0,0,0,1,NULL,0.000,0.000,0),(0,152,1,2,'Title Insurance',1,2,0.000,0.000,0,0,0,1,NULL,0.000,0.000,0),(0,152,1,3,'UFMIP (FHA)',1,1,0.000,1.750,0,0,0,0,NULL,0.000,0.000,0),(0,152,1,4,'VA - (Purchase)',1,1,0.000,2.150,0,0,0,0,NULL,0.000,0.000,0),(0,152,1,5,'VA - (Re-Finance)',1,1,0.000,0.500,0,0,0,0,NULL,0.000,0.000,0),(0,152,1,6,'',1,2,0.000,0.000,0,0,0,1,NULL,0.000,0.000,0),(0,152,1,7,'',1,2,0.000,0.000,0,0,0,1,NULL,0.000,0.000,0),(0,152,1,8,'',1,2,0.000,0.000,0,0,0,1,NULL,0.000,0.000,0),(0,152,1,9,'',1,2,0.000,0.000,0,0,0,1,NULL,0.000,0.000,0),(0,152,1,10,'',1,2,0.000,0.000,0,0,0,1,NULL,0.000,0.000,0),(0,152,1,11,'',1,2,0.000,0.000,0,0,0,1,NULL,0.000,0.000,0),(0,152,1,12,'',1,2,0.000,0.000,0,0,0,1,NULL,0.000,0.000,0),(0,152,1,13,'',1,2,0.000,0.000,0,0,0,1,NULL,0.000,0.000,0),(0,152,1,14,'',1,2,0.000,0.000,0,0,0,1,NULL,0.000,0.000,0),(0,152,1,15,'',1,2,0.000,0.000,0,0,0,1,NULL,0.000,0.000,0),(0,152,1,1,'Discount Points',1,1,0.000,0.000,0,0,0,1,NULL,0.000,0.000,0),(0,152,1,2,'Title Insurance',1,2,0.000,0.000,0,0,0,1,NULL,0.000,0.000,0),(0,152,1,3,'UFMIP (FHA)',1,1,0.000,1.750,0,0,0,0,NULL,0.000,0.000,0),(0,152,1,4,'VA - (Purchase)',1,1,0.000,2.150,0,0,0,0,NULL,0.000,0.000,0),(0,152,1,5,'VA - (Re-Finance)',1,1,0.000,0.500,0,0,0,0,NULL,0.000,0.000,0),(0,152,1,6,'',1,2,0.000,0.000,0,0,0,1,NULL,0.000,0.000,0),(0,152,1,7,'',1,2,0.000,0.000,0,0,0,1,NULL,0.000,0.000,0),(0,152,1,8,'',1,2,0.000,0.000,0,0,0,1,NULL,0.000,0.000,0),(0,152,1,9,'',1,2,0.000,0.000,0,0,0,1,NULL,0.000,0.000,0),(0,152,1,10,'',1,2,0.000,0.000,0,0,0,1,NULL,0.000,0.000,0),(0,152,1,11,'',1,2,0.000,0.000,0,0,0,1,NULL,0.000,0.000,0),(0,152,1,12,'',1,2,0.000,0.000,0,0,0,1,NULL,0.000,0.000,0),(0,152,1,13,'',1,2,0.000,0.000,0,0,0,1,NULL,0.000,0.000,0),(0,152,1,14,'',1,2,0.000,0.000,0,0,0,1,NULL,0.000,0.000,0),(0,152,1,15,'',1,2,0.000,0.000,0,0,0,1,NULL,0.000,0.000,0),(0,152,1,1,'Discount Points',1,1,0.000,0.000,0,0,0,1,NULL,0.000,0.000,0),(0,152,1,2,'Title Insurance',1,2,0.000,0.000,0,0,0,1,NULL,0.000,0.000,0),(0,152,1,3,'UFMIP (FHA)',1,1,0.000,1.750,0,0,0,0,NULL,0.000,0.000,0),(0,152,1,4,'VA - (Purchase)',1,1,0.000,2.150,0,0,0,0,NULL,0.000,0.000,0),(0,152,1,5,'VA - (Re-Finance)',1,1,0.000,0.500,0,0,0,0,NULL,0.000,0.000,0),(0,152,1,6,'',1,2,0.000,0.000,0,0,0,1,NULL,0.000,0.000,0),(0,152,1,7,'',1,2,0.000,0.000,0,0,0,1,NULL,0.000,0.000,0),(0,152,1,8,'',1,2,0.000,0.000,0,0,0,1,NULL,0.000,0.000,0),(0,152,1,9,'',1,2,0.000,0.000,0,0,0,1,NULL,0.000,0.000,0),(0,152,1,10,'',1,2,0.000,0.000,0,0,0,1,NULL,0.000,0.000,0),(0,152,1,11,'',1,2,0.000,0.000,0,0,0,1,NULL,0.000,0.000,0),(0,152,1,12,'',1,2,0.000,0.000,0,0,0,1,NULL,0.000,0.000,0),(0,152,1,13,'',1,2,0.000,0.000,0,0,0,1,NULL,0.000,0.000,0),(0,152,1,14,'',1,2,0.000,0.000,0,0,0,1,NULL,0.000,0.000,0),(0,152,1,15,'',1,2,0.000,0.000,0,0,0,1,NULL,0.000,0.000,0),(0,155,1,1,'Discount Points',1,1,0.000,0.000,0,0,0,1,NULL,0.000,0.000,0),(0,155,1,2,'Title Insurance',1,2,0.000,NULL,0,0,0,1,NULL,0.000,0.000,0),(0,155,1,3,'UFMIP (FHA)',1,1,0.000,1.750,0,0,0,0,NULL,0.000,0.000,0),(0,155,1,4,'VA - (Purchase)',1,1,0.000,2.150,0,0,0,0,NULL,0.000,0.000,0),(0,155,1,5,'VA - (Re-Finance)',1,1,0.000,0.500,0,0,0,0,NULL,0.000,0.000,0),(0,155,1,6,'',1,2,NULL,NULL,0,0,0,1,NULL,0.000,0.000,0),(0,155,1,7,'',1,2,NULL,NULL,0,0,0,1,NULL,0.000,0.000,0),(0,155,1,8,'',1,2,NULL,NULL,0,0,0,1,NULL,0.000,0.000,0),(0,155,1,9,'',1,2,NULL,NULL,0,0,0,1,NULL,0.000,0.000,0),(0,155,1,10,'',1,2,NULL,NULL,0,0,0,1,NULL,0.000,0.000,0),(0,155,1,11,'',1,2,NULL,NULL,0,0,0,1,NULL,0.000,0.000,0),(0,155,1,12,'',1,2,NULL,NULL,0,0,0,1,NULL,0.000,0.000,0),(0,155,1,13,'',1,2,NULL,NULL,0,0,0,1,NULL,0.000,0.000,0),(0,155,1,14,'',1,2,NULL,NULL,0,0,0,1,NULL,0.000,0.000,0),(0,155,1,15,'',1,2,NULL,NULL,0,0,0,1,NULL,0.000,0.000,0),(0,1,1,1,'Discount Points',1,1,0.000,0.000,0,0,0,1,NULL,0.000,0.000,0),(0,1,1,2,'Title Insurance',1,2,0.000,NULL,0,0,0,1,NULL,0.000,0.000,0),(0,1,1,3,'UFMIP (FHA)',1,1,0.000,1.750,0,0,0,0,NULL,0.000,0.000,0),(0,1,1,4,'VA - (Purchase)',1,1,0.000,2.150,0,0,0,0,NULL,0.000,0.000,0),(0,1,1,5,'VA - (Re-Finance)',1,1,0.000,0.500,0,0,0,0,NULL,0.000,0.000,0),(0,1,1,6,'',1,2,NULL,NULL,0,0,0,1,NULL,0.000,0.000,0),(0,1,1,7,'',1,2,NULL,NULL,0,0,0,1,NULL,0.000,0.000,0),(0,1,1,8,'',1,2,NULL,NULL,0,0,0,1,NULL,0.000,0.000,0),(0,1,1,9,'',1,2,NULL,NULL,0,0,0,1,NULL,0.000,0.000,0),(0,1,1,10,'',1,2,NULL,NULL,0,0,0,1,NULL,0.000,0.000,0),(0,1,1,11,'',1,2,NULL,NULL,0,0,0,1,NULL,0.000,0.000,0),(0,1,1,12,'',1,2,NULL,NULL,0,0,0,1,NULL,0.000,0.000,0),(0,1,1,13,'',1,2,NULL,NULL,0,0,0,1,NULL,0.000,0.000,0),(0,1,1,14,'',1,2,NULL,NULL,0,0,0,1,NULL,0.000,0.000,0),(0,1,1,15,'',1,2,NULL,NULL,0,0,0,1,NULL,0.000,0.000,0),(0,1,1,1,'Discount Points',1,1,0.000,0.000,0,0,0,1,NULL,0.000,0.000,0),(0,1,1,2,'Title Insurance',1,2,0.000,NULL,0,0,0,1,NULL,0.000,0.000,0),(0,1,1,3,'UFMIP (FHA)',1,1,0.000,1.750,0,0,0,0,NULL,0.000,0.000,0),(0,1,1,4,'VA - (Purchase)',1,1,0.000,2.150,0,0,0,0,NULL,0.000,0.000,0),(0,1,1,5,'VA - (Re-Finance)',1,1,0.000,0.500,0,0,0,0,NULL,0.000,0.000,0),(0,1,1,6,'',1,2,NULL,NULL,0,0,0,1,NULL,0.000,0.000,0),(0,1,1,7,'',1,2,NULL,NULL,0,0,0,1,NULL,0.000,0.000,0),(0,1,1,8,'',1,2,NULL,NULL,0,0,0,1,NULL,0.000,0.000,0),(0,1,1,9,'',1,2,NULL,NULL,0,0,0,1,NULL,0.000,0.000,0),(0,1,1,10,'',1,2,NULL,NULL,0,0,0,1,NULL,0.000,0.000,0),(0,1,1,11,'',1,2,NULL,NULL,0,0,0,1,NULL,0.000,0.000,0),(0,1,1,12,'',1,2,NULL,NULL,0,0,0,1,NULL,0.000,0.000,0),(0,1,1,13,'',1,2,NULL,NULL,0,0,0,1,NULL,0.000,0.000,0),(0,1,1,14,'',1,2,NULL,NULL,0,0,0,1,NULL,0.000,0.000,0),(0,1,1,15,'',1,2,NULL,NULL,0,0,0,1,NULL,0.000,0.000,0),(0,1,1,1,'Discount Points',1,1,0.000,0.000,0,0,0,1,NULL,0.000,0.000,0),(0,1,1,2,'Title Insurance',1,2,0.000,NULL,0,0,0,1,NULL,0.000,0.000,0),(0,1,1,3,'UFMIP (FHA)',1,1,0.000,1.750,0,0,0,0,NULL,0.000,0.000,0),(0,1,1,4,'VA - (Purchase)',1,1,0.000,2.150,0,0,0,0,NULL,0.000,0.000,0),(0,1,1,5,'VA - (Re-Finance)',1,1,0.000,0.500,0,0,0,0,NULL,0.000,0.000,0),(0,1,1,6,'',1,2,NULL,NULL,0,0,0,1,NULL,0.000,0.000,0),(0,1,1,7,'',1,2,NULL,NULL,0,0,0,1,NULL,0.000,0.000,0),(0,1,1,8,'',1,2,NULL,NULL,0,0,0,1,NULL,0.000,0.000,0),(0,1,1,9,'',1,2,NULL,NULL,0,0,0,1,NULL,0.000,0.000,0),(0,1,1,10,'',1,2,NULL,NULL,0,0,0,1,NULL,0.000,0.000,0),(0,1,1,11,'',1,2,NULL,NULL,0,0,0,1,NULL,0.000,0.000,0),(0,1,1,12,'',1,2,NULL,NULL,0,0,0,1,NULL,0.000,0.000,0),(0,1,1,13,'',1,2,NULL,NULL,0,0,0,1,NULL,0.000,0.000,0),(0,1,1,14,'',1,2,NULL,NULL,0,0,0,1,NULL,0.000,0.000,0),(0,1,1,15,'',1,2,NULL,NULL,0,0,0,1,NULL,0.000,0.000,0),(0,1,1,1,'Discount Points',1,1,0.000,0.000,0,0,0,1,NULL,0.000,0.000,0),(0,1,1,2,'Title Insurance',1,2,0.000,NULL,0,0,0,1,NULL,0.000,0.000,0),(0,1,1,3,'UFMIP (FHA)',1,1,0.000,1.750,0,0,0,0,NULL,0.000,0.000,0),(0,1,1,4,'VA - (Purchase)',1,1,0.000,2.150,0,0,0,0,NULL,0.000,0.000,0),(0,1,1,5,'VA - (Re-Finance)',1,1,0.000,0.500,0,0,0,0,NULL,0.000,0.000,0),(0,1,1,6,'',1,2,NULL,NULL,0,0,0,1,NULL,0.000,0.000,0),(0,1,1,7,'',1,2,NULL,NULL,0,0,0,1,NULL,0.000,0.000,0),(0,1,1,8,'',1,2,NULL,NULL,0,0,0,1,NULL,0.000,0.000,0),(0,1,1,9,'',1,2,NULL,NULL,0,0,0,1,NULL,0.000,0.000,0),(0,1,1,10,'',1,2,NULL,NULL,0,0,0,1,NULL,0.000,0.000,0),(0,1,1,11,'',1,2,NULL,NULL,0,0,0,1,NULL,0.000,0.000,0),(0,1,1,12,'',1,2,NULL,NULL,0,0,0,1,NULL,0.000,0.000,0),(0,1,1,13,'',1,2,NULL,NULL,0,0,0,1,NULL,0.000,0.000,0),(0,1,1,14,'',1,2,NULL,NULL,0,0,0,1,NULL,0.000,0.000,0),(0,1,1,15,'',1,2,NULL,NULL,0,0,0,1,NULL,0.000,0.000,0),(0,1,1,1,'Discount Points',1,1,0.000,0.000,0,0,0,1,NULL,0.000,0.000,0),(0,1,1,2,'Title Insurance',1,2,0.000,NULL,0,0,0,1,NULL,0.000,0.000,0),(0,1,1,3,'UFMIP (FHA)',1,1,0.000,1.750,0,0,0,0,NULL,0.000,0.000,0),(0,1,1,4,'VA - (Purchase)',1,1,0.000,2.150,0,0,0,0,NULL,0.000,0.000,0),(0,1,1,5,'VA - (Re-Finance)',1,1,0.000,0.500,0,0,0,0,NULL,0.000,0.000,0),(0,1,1,6,'',1,2,NULL,NULL,0,0,0,1,NULL,0.000,0.000,0),(0,1,1,7,'',1,2,NULL,NULL,0,0,0,1,NULL,0.000,0.000,0),(0,1,1,8,'',1,2,NULL,NULL,0,0,0,1,NULL,0.000,0.000,0),(0,1,1,9,'',1,2,NULL,NULL,0,0,0,1,NULL,0.000,0.000,0),(0,1,1,10,'',1,2,NULL,NULL,0,0,0,1,NULL,0.000,0.000,0),(0,1,1,11,'',1,2,NULL,NULL,0,0,0,1,NULL,0.000,0.000,0),(0,1,1,12,'',1,2,NULL,NULL,0,0,0,1,NULL,0.000,0.000,0),(0,1,1,13,'',1,2,NULL,NULL,0,0,0,1,NULL,0.000,0.000,0),(0,1,1,14,'',1,2,NULL,NULL,0,0,0,1,NULL,0.000,0.000,0),(0,1,1,15,'',1,2,NULL,NULL,0,0,0,1,NULL,0.000,0.000,0),(0,1,1,1,'Discount Points',1,1,0.000,0.000,0,0,0,1,NULL,0.000,0.000,0),(0,1,1,2,'Title Insurance',1,2,0.000,NULL,0,0,0,1,NULL,0.000,0.000,0),(0,1,1,3,'UFMIP (FHA)',1,1,0.000,1.750,0,0,0,0,NULL,0.000,0.000,0),(0,1,1,4,'VA - (Purchase)',1,1,0.000,2.150,0,0,0,0,NULL,0.000,0.000,0),(0,1,1,5,'VA - (Re-Finance)',1,1,0.000,0.500,0,0,0,0,NULL,0.000,0.000,0),(0,1,1,6,'',1,2,NULL,NULL,0,0,0,1,NULL,0.000,0.000,0),(0,1,1,7,'',1,2,NULL,NULL,0,0,0,1,NULL,0.000,0.000,0),(0,1,1,8,'',1,2,NULL,NULL,0,0,0,1,NULL,0.000,0.000,0),(0,1,1,9,'',1,2,NULL,NULL,0,0,0,1,NULL,0.000,0.000,0),(0,1,1,10,'',1,2,NULL,NULL,0,0,0,1,NULL,0.000,0.000,0),(0,1,1,11,'',1,2,NULL,NULL,0,0,0,1,NULL,0.000,0.000,0),(0,1,1,12,'',1,2,NULL,NULL,0,0,0,1,NULL,0.000,0.000,0),(0,1,1,13,'',1,2,NULL,NULL,0,0,0,1,NULL,0.000,0.000,0),(0,1,1,14,'',1,2,NULL,NULL,0,0,0,1,NULL,0.000,0.000,0),(0,1,1,15,'',1,2,NULL,NULL,0,0,0,1,NULL,0.000,0.000,0),(0,1,1,1,'Discount Points',1,1,0.000,0.000,0,0,0,1,NULL,0.000,0.000,0),(0,1,1,2,'Title Insurance',1,2,0.000,NULL,0,0,0,1,NULL,0.000,0.000,0),(0,1,1,3,'UFMIP (FHA)',1,1,0.000,1.750,0,0,0,0,NULL,0.000,0.000,0),(0,1,1,4,'VA - (Purchase)',1,1,0.000,2.150,0,0,0,0,NULL,0.000,0.000,0),(0,1,1,5,'VA - (Re-Finance)',1,1,0.000,0.500,0,0,0,0,NULL,0.000,0.000,0),(0,1,1,6,'',1,2,NULL,NULL,0,0,0,1,NULL,0.000,0.000,0),(0,1,1,7,'',1,2,NULL,NULL,0,0,0,1,NULL,0.000,0.000,0),(0,1,1,8,'',1,2,NULL,NULL,0,0,0,1,NULL,0.000,0.000,0),(0,1,1,9,'',1,2,NULL,NULL,0,0,0,1,NULL,0.000,0.000,0),(0,1,1,10,'',1,2,NULL,NULL,0,0,0,1,NULL,0.000,0.000,0),(0,1,1,11,'',1,2,NULL,NULL,0,0,0,1,NULL,0.000,0.000,0),(0,1,1,12,'',1,2,NULL,NULL,0,0,0,1,NULL,0.000,0.000,0),(0,1,1,13,'',1,2,NULL,NULL,0,0,0,1,NULL,0.000,0.000,0),(0,1,1,14,'',1,2,NULL,NULL,0,0,0,1,NULL,0.000,0.000,0),(0,1,1,15,'',1,2,NULL,NULL,0,0,0,1,NULL,0.000,0.000,0),(0,1,1,1,'Discount Points',1,1,0.000,0.000,0,0,0,1,NULL,0.000,0.000,0),(0,1,1,2,'Title Insurance',1,2,0.000,NULL,0,0,0,1,NULL,0.000,0.000,0),(0,1,1,3,'UFMIP (FHA)',1,1,0.000,1.750,0,0,0,0,NULL,0.000,0.000,0),(0,1,1,4,'VA - (Purchase)',1,1,0.000,2.150,0,0,0,0,NULL,0.000,0.000,0),(0,1,1,5,'VA - (Re-Finance)',1,1,0.000,0.500,0,0,0,0,NULL,0.000,0.000,0),(0,1,1,6,'',1,2,NULL,NULL,0,0,0,1,NULL,0.000,0.000,0),(0,1,1,7,'',1,2,NULL,NULL,0,0,0,1,NULL,0.000,0.000,0),(0,1,1,8,'',1,2,NULL,NULL,0,0,0,1,NULL,0.000,0.000,0),(0,1,1,9,'',1,2,NULL,NULL,0,0,0,1,NULL,0.000,0.000,0),(0,1,1,10,'',1,2,NULL,NULL,0,0,0,1,NULL,0.000,0.000,0),(0,1,1,11,'',1,2,NULL,NULL,0,0,0,1,NULL,0.000,0.000,0),(0,1,1,12,'',1,2,NULL,NULL,0,0,0,1,NULL,0.000,0.000,0),(0,1,1,13,'',1,2,NULL,NULL,0,0,0,1,NULL,0.000,0.000,0),(0,1,1,14,'',1,2,NULL,NULL,0,0,0,1,NULL,0.000,0.000,0),(0,1,1,15,'',1,2,NULL,NULL,0,0,0,1,NULL,0.000,0.000,0),(0,2,1,1,'Discount Points',1,1,0.000,0.000,0,0,0,1,NULL,0.000,0.000,0),(0,2,1,2,'Title Insurance',1,2,0.000,NULL,0,0,0,1,NULL,0.000,0.000,0),(0,2,1,3,'UFMIP (FHA)',1,1,0.000,1.750,0,0,0,0,NULL,0.000,0.000,0),(0,2,1,4,'VA - (Purchase)',1,1,0.000,2.150,0,0,0,0,NULL,0.000,0.000,0),(0,2,1,5,'VA - (Re-Finance)',1,1,0.000,0.500,0,0,0,0,NULL,0.000,0.000,0),(0,2,1,6,'',1,2,NULL,NULL,0,0,0,1,NULL,0.000,0.000,0),(0,2,1,7,'',1,2,NULL,NULL,0,0,0,1,NULL,0.000,0.000,0),(0,2,1,8,'',1,2,NULL,NULL,0,0,0,1,NULL,0.000,0.000,0),(0,2,1,9,'',1,2,NULL,NULL,0,0,0,1,NULL,0.000,0.000,0),(0,2,1,10,'',1,2,NULL,NULL,0,0,0,1,NULL,0.000,0.000,0),(0,2,1,11,'',1,2,NULL,NULL,0,0,0,1,NULL,0.000,0.000,0),(0,2,1,12,'',1,2,NULL,NULL,0,0,0,1,NULL,0.000,0.000,0),(0,2,1,13,'',1,2,NULL,NULL,0,0,0,1,NULL,0.000,0.000,0),(0,2,1,14,'',1,2,NULL,NULL,0,0,0,1,NULL,0.000,0.000,0),(0,2,1,15,'',1,2,NULL,NULL,0,0,0,1,NULL,0.000,0.000,0),(0,1,1,1,'Discount Points',1,1,0.000,0.000,0,0,0,1,NULL,0.000,0.000,0),(0,1,1,2,'Title Insurance',1,2,0.000,NULL,0,0,0,1,NULL,0.000,0.000,0),(0,1,1,3,'UFMIP (FHA)',1,1,0.000,1.750,0,0,0,0,NULL,0.000,0.000,0),(0,1,1,4,'VA - (Purchase)',1,1,0.000,2.150,0,0,0,0,NULL,0.000,0.000,0),(0,1,1,5,'VA - (Re-Finance)',1,1,0.000,0.500,0,0,0,0,NULL,0.000,0.000,0),(0,1,1,6,'',1,2,NULL,NULL,0,0,0,1,NULL,0.000,0.000,0),(0,1,1,7,'',1,2,NULL,NULL,0,0,0,1,NULL,0.000,0.000,0),(0,1,1,8,'',1,2,NULL,NULL,0,0,0,1,NULL,0.000,0.000,0),(0,1,1,9,'',1,2,NULL,NULL,0,0,0,1,NULL,0.000,0.000,0),(0,1,1,10,'',1,2,NULL,NULL,0,0,0,1,NULL,0.000,0.000,0),(0,1,1,11,'',1,2,NULL,NULL,0,0,0,1,NULL,0.000,0.000,0),(0,1,1,12,'',1,2,NULL,NULL,0,0,0,1,NULL,0.000,0.000,0),(0,1,1,13,'',1,2,NULL,NULL,0,0,0,1,NULL,0.000,0.000,0),(0,1,1,14,'',1,2,NULL,NULL,0,0,0,1,NULL,0.000,0.000,0),(0,1,1,15,'',1,2,NULL,NULL,0,0,0,1,NULL,0.000,0.000,0),(0,2,1,1,'Discount Points',1,1,0.000,0.000,0,0,0,1,NULL,0.000,0.000,0),(0,2,1,2,'Title Insurance',1,2,0.000,NULL,0,0,0,1,NULL,0.000,0.000,0),(0,2,1,3,'UFMIP (FHA)',1,1,0.000,1.750,0,0,0,0,NULL,0.000,0.000,0),(0,2,1,4,'VA - (Purchase)',1,1,0.000,2.150,0,0,0,0,NULL,0.000,0.000,0),(0,2,1,5,'VA - (Re-Finance)',1,1,0.000,0.500,0,0,0,0,NULL,0.000,0.000,0),(0,2,1,6,'',1,2,NULL,NULL,0,0,0,1,NULL,0.000,0.000,0),(0,2,1,7,'',1,2,NULL,NULL,0,0,0,1,NULL,0.000,0.000,0),(0,2,1,8,'',1,2,NULL,NULL,0,0,0,1,NULL,0.000,0.000,0),(0,2,1,9,'',1,2,NULL,NULL,0,0,0,1,NULL,0.000,0.000,0),(0,2,1,10,'',1,2,NULL,NULL,0,0,0,1,NULL,0.000,0.000,0),(0,2,1,11,'',1,2,NULL,NULL,0,0,0,1,NULL,0.000,0.000,0),(0,2,1,12,'',1,2,NULL,NULL,0,0,0,1,NULL,0.000,0.000,0),(0,2,1,13,'',1,2,NULL,NULL,0,0,0,1,NULL,0.000,0.000,0),(0,2,1,14,'',1,2,NULL,NULL,0,0,0,1,NULL,0.000,0.000,0),(0,2,1,15,'',1,2,NULL,NULL,0,0,0,1,NULL,0.000,0.000,0),(0,1,1,1,'Discount Points',1,1,0.000,0.000,0,0,0,1,NULL,0.000,0.000,0),(0,1,1,2,'Title Insurance',1,2,0.000,NULL,0,0,0,1,NULL,0.000,0.000,0),(0,1,1,3,'UFMIP (FHA)',1,1,0.000,1.750,0,0,0,0,NULL,0.000,0.000,0),(0,1,1,4,'VA - (Purchase)',1,1,0.000,2.150,0,0,0,0,NULL,0.000,0.000,0),(0,1,1,5,'VA - (Re-Finance)',1,1,0.000,0.500,0,0,0,0,NULL,0.000,0.000,0),(0,1,1,6,'',1,2,NULL,NULL,0,0,0,1,NULL,0.000,0.000,0),(0,1,1,7,'',1,2,NULL,NULL,0,0,0,1,NULL,0.000,0.000,0),(0,1,1,8,'',1,2,NULL,NULL,0,0,0,1,NULL,0.000,0.000,0),(0,1,1,9,'',1,2,NULL,NULL,0,0,0,1,NULL,0.000,0.000,0),(0,1,1,10,'',1,2,NULL,NULL,0,0,0,1,NULL,0.000,0.000,0),(0,1,1,11,'',1,2,NULL,NULL,0,0,0,1,NULL,0.000,0.000,0),(0,1,1,12,'',1,2,NULL,NULL,0,0,0,1,NULL,0.000,0.000,0),(0,1,1,13,'',1,2,NULL,NULL,0,0,0,1,NULL,0.000,0.000,0),(0,1,1,14,'',1,2,NULL,NULL,0,0,0,1,NULL,0.000,0.000,0),(0,1,1,15,'',1,2,NULL,NULL,0,0,0,1,NULL,0.000,0.000,0),(0,1,1,1,'Discount Points',1,1,0.000,0.000,0,0,0,1,NULL,0.000,0.000,0),(0,1,1,2,'Title Insurance',1,2,0.000,NULL,0,0,0,1,NULL,0.000,0.000,0),(0,1,1,3,'UFMIP (FHA)',1,1,0.000,1.750,0,0,0,0,NULL,0.000,0.000,0),(0,1,1,4,'VA - (Purchase)',1,1,0.000,2.150,0,0,0,0,NULL,0.000,0.000,0),(0,1,1,5,'VA - (Re-Finance)',1,1,0.000,0.500,0,0,0,0,NULL,0.000,0.000,0),(0,1,1,6,'',1,2,NULL,NULL,0,0,0,1,NULL,0.000,0.000,0),(0,1,1,7,'',1,2,NULL,NULL,0,0,0,1,NULL,0.000,0.000,0),(0,1,1,8,'',1,2,NULL,NULL,0,0,0,1,NULL,0.000,0.000,0),(0,1,1,9,'',1,2,NULL,NULL,0,0,0,1,NULL,0.000,0.000,0),(0,1,1,10,'',1,2,NULL,NULL,0,0,0,1,NULL,0.000,0.000,0),(0,1,1,11,'',1,2,NULL,NULL,0,0,0,1,NULL,0.000,0.000,0),(0,1,1,12,'',1,2,NULL,NULL,0,0,0,1,NULL,0.000,0.000,0),(0,1,1,13,'',1,2,NULL,NULL,0,0,0,1,NULL,0.000,0.000,0),(0,1,1,14,'',1,2,NULL,NULL,0,0,0,1,NULL,0.000,0.000,0),(0,1,1,15,'',1,2,NULL,NULL,0,0,0,1,NULL,0.000,0.000,0),(0,2,1,1,'Discount Points',1,1,0.000,0.000,0,0,0,1,NULL,0.000,0.000,0),(0,2,1,2,'Title Insurance',1,2,0.000,NULL,0,0,0,1,NULL,0.000,0.000,0),(0,2,1,3,'UFMIP (FHA)',1,1,0.000,1.750,0,0,0,0,NULL,0.000,0.000,0),(0,2,1,4,'VA - (Purchase)',1,1,0.000,2.150,0,0,0,0,NULL,0.000,0.000,0),(0,2,1,5,'VA - (Re-Finance)',1,1,0.000,0.500,0,0,0,0,NULL,0.000,0.000,0),(0,2,1,6,'',1,2,NULL,NULL,0,0,0,1,NULL,0.000,0.000,0),(0,2,1,7,'',1,2,NULL,NULL,0,0,0,1,NULL,0.000,0.000,0),(0,2,1,8,'',1,2,NULL,NULL,0,0,0,1,NULL,0.000,0.000,0),(0,2,1,9,'',1,2,NULL,NULL,0,0,0,1,NULL,0.000,0.000,0),(0,2,1,10,'',1,2,NULL,NULL,0,0,0,1,NULL,0.000,0.000,0),(0,2,1,11,'',1,2,NULL,NULL,0,0,0,1,NULL,0.000,0.000,0),(0,2,1,12,'',1,2,NULL,NULL,0,0,0,1,NULL,0.000,0.000,0),(0,2,1,13,'',1,2,NULL,NULL,0,0,0,1,NULL,0.000,0.000,0),(0,2,1,14,'',1,2,NULL,NULL,0,0,0,1,NULL,0.000,0.000,0),(0,2,1,15,'',1,2,NULL,NULL,0,0,0,1,NULL,0.000,0.000,0),(0,1,1,1,'Discount Points',1,1,0.000,0.000,0,0,0,1,NULL,0.000,0.000,0),(0,1,1,2,'Title Insurance',1,2,0.000,NULL,0,0,0,1,NULL,0.000,0.000,0),(0,1,1,3,'UFMIP (FHA)',1,1,0.000,1.750,0,0,0,0,NULL,0.000,0.000,0),(0,1,1,4,'VA - (Purchase)',1,1,0.000,2.150,0,0,0,0,NULL,0.000,0.000,0),(0,1,1,5,'VA - (Re-Finance)',1,1,0.000,0.500,0,0,0,0,NULL,0.000,0.000,0),(0,1,1,6,'',1,2,NULL,NULL,0,0,0,1,NULL,0.000,0.000,0),(0,1,1,7,'',1,2,NULL,NULL,0,0,0,1,NULL,0.000,0.000,0),(0,1,1,8,'',1,2,NULL,NULL,0,0,0,1,NULL,0.000,0.000,0),(0,1,1,9,'',1,2,NULL,NULL,0,0,0,1,NULL,0.000,0.000,0),(0,1,1,10,'',1,2,NULL,NULL,0,0,0,1,NULL,0.000,0.000,0),(0,1,1,11,'',1,2,NULL,NULL,0,0,0,1,NULL,0.000,0.000,0),(0,1,1,12,'',1,2,NULL,NULL,0,0,0,1,NULL,0.000,0.000,0),(0,1,1,13,'',1,2,NULL,NULL,0,0,0,1,NULL,0.000,0.000,0),(0,1,1,14,'',1,2,NULL,NULL,0,0,0,1,NULL,0.000,0.000,0),(0,1,1,15,'',1,2,NULL,NULL,0,0,0,1,NULL,0.000,0.000,0),(0,2,1,1,'Discount Points',1,1,0.000,0.000,0,0,0,1,NULL,0.000,0.000,0),(0,2,1,2,'Title Insurance',1,2,0.000,NULL,0,0,0,1,NULL,0.000,0.000,0),(0,2,1,3,'UFMIP (FHA)',1,1,0.000,1.750,0,0,0,0,NULL,0.000,0.000,0),(0,2,1,4,'VA - (Purchase)',1,1,0.000,2.150,0,0,0,0,NULL,0.000,0.000,0),(0,2,1,5,'VA - (Re-Finance)',1,1,0.000,0.500,0,0,0,0,NULL,0.000,0.000,0),(0,2,1,6,'',1,2,NULL,NULL,0,0,0,1,NULL,0.000,0.000,0),(0,2,1,7,'',1,2,NULL,NULL,0,0,0,1,NULL,0.000,0.000,0),(0,2,1,8,'',1,2,NULL,NULL,0,0,0,1,NULL,0.000,0.000,0),(0,2,1,9,'',1,2,NULL,NULL,0,0,0,1,NULL,0.000,0.000,0),(0,2,1,10,'',1,2,NULL,NULL,0,0,0,1,NULL,0.000,0.000,0),(0,2,1,11,'',1,2,NULL,NULL,0,0,0,1,NULL,0.000,0.000,0),(0,2,1,12,'',1,2,NULL,NULL,0,0,0,1,NULL,0.000,0.000,0),(0,2,1,13,'',1,2,NULL,NULL,0,0,0,1,NULL,0.000,0.000,0),(0,2,1,14,'',1,2,NULL,NULL,0,0,0,1,NULL,0.000,0.000,0),(0,2,1,15,'',1,2,NULL,NULL,0,0,0,1,NULL,0.000,0.000,0),(0,7,1,1,'Discount Points',1,1,0.000,0.000,0,0,0,1,NULL,0.000,0.000,0),(0,7,1,2,'Title Insurance',1,2,0.000,NULL,0,0,0,1,NULL,0.000,0.000,0),(0,7,1,3,'UFMIP (FHA)',1,1,0.000,1.750,0,0,0,0,NULL,0.000,0.000,0),(0,7,1,4,'VA - (Purchase)',1,1,0.000,2.150,0,0,0,0,NULL,0.000,0.000,0),(0,7,1,5,'VA - (Re-Finance)',1,1,0.000,0.500,0,0,0,0,NULL,0.000,0.000,0),(0,7,1,6,'',1,2,NULL,NULL,0,0,0,1,NULL,0.000,0.000,0),(0,7,1,7,'',1,2,NULL,NULL,0,0,0,1,NULL,0.000,0.000,0),(0,7,1,8,'',1,2,NULL,NULL,0,0,0,1,NULL,0.000,0.000,0),(0,7,1,9,'',1,2,NULL,NULL,0,0,0,1,NULL,0.000,0.000,0),(0,7,1,10,'',1,2,NULL,NULL,0,0,0,1,NULL,0.000,0.000,0),(0,7,1,11,'',1,2,NULL,NULL,0,0,0,1,NULL,0.000,0.000,0),(0,7,1,12,'',1,2,NULL,NULL,0,0,0,1,NULL,0.000,0.000,0),(0,7,1,13,'',1,2,NULL,NULL,0,0,0,1,NULL,0.000,0.000,0),(0,7,1,14,'',1,2,NULL,NULL,0,0,0,1,NULL,0.000,0.000,0),(0,7,1,15,'',1,2,NULL,NULL,0,0,0,1,NULL,0.000,0.000,0),(0,1,1,1,'Discount Points',1,1,0.000,0.000,0,0,0,1,'customer',0.000,0.000,0),(0,1,1,2,'Title Insurance',1,2,0.000,0.000,0,0,0,1,'customer',0.000,0.000,0),(0,1,1,3,'UFMIP (FHA)',1,1,0.000,1.750,0,0,0,0,'customer',0.000,0.000,0),(0,1,1,4,'VA - (Purchase)',1,1,0.000,2.150,0,0,0,0,'customer',0.000,0.000,0),(0,1,1,5,'VA - (Re-Finance)',1,1,0.000,0.500,0,0,0,0,'customer',0.000,0.000,0),(0,1,1,6,'',1,2,0.000,0.000,0,0,0,1,'customer',0.000,0.000,0),(0,1,1,7,'',1,2,0.000,0.000,0,0,0,1,'customer',0.000,0.000,0),(0,1,1,8,'',1,2,0.000,0.000,0,0,0,1,'customer',0.000,0.000,0),(0,1,1,9,'',1,2,0.000,0.000,0,0,0,1,'customer',0.000,0.000,0),(0,1,1,10,'',1,2,0.000,0.000,0,0,0,1,'customer',0.000,0.000,0),(0,1,1,11,'',1,2,0.000,0.000,0,0,0,1,'customer',0.000,0.000,0),(0,1,1,12,'',1,2,0.000,0.000,0,0,0,1,'customer',0.000,0.000,0),(0,1,1,13,'',1,2,0.000,0.000,0,0,0,1,'customer',0.000,0.000,0),(0,1,1,14,'',1,2,0.000,0.000,0,0,0,1,'customer',0.000,0.000,0),(0,1,1,15,'',1,2,0.000,0.000,0,0,0,1,'customer',0.000,0.000,0),(0,1,1,1,'Discount Points',1,1,0.000,0.000,0,0,0,1,'loan officer',0.000,0.000,0),(0,1,1,2,'Title Insurance',1,2,0.000,0.000,0,0,0,1,'loan officer',0.000,0.000,0),(0,1,1,3,'UFMIP (FHA)',1,1,0.000,1.750,0,0,0,0,'loan officer',0.000,0.000,0),(0,1,1,4,'VA - (Purchase)',1,1,0.000,2.150,0,0,0,0,'loan officer',0.000,0.000,0),(0,1,1,5,'VA - (Re-Finance)',1,1,0.000,0.500,0,0,0,0,'loan officer',0.000,0.000,0),(0,1,1,6,'',1,2,0.000,0.000,0,0,0,1,'loan officer',0.000,0.000,0),(0,1,1,7,'',1,2,0.000,0.000,0,0,0,1,'loan officer',0.000,0.000,0),(0,1,1,8,'',1,2,0.000,0.000,0,0,0,1,'loan officer',0.000,0.000,0),(0,1,1,9,'',1,2,0.000,0.000,0,0,0,1,'loan officer',0.000,0.000,0),(0,1,1,10,'',1,2,0.000,0.000,0,0,0,1,'loan officer',0.000,0.000,0),(0,1,1,11,'',1,2,0.000,0.000,0,0,0,1,'loan officer',0.000,0.000,0),(0,1,1,12,'',1,2,0.000,0.000,0,0,0,1,'loan officer',0.000,0.000,0),(0,1,1,13,'',1,2,0.000,0.000,0,0,0,1,'loan officer',0.000,0.000,0),(0,1,1,14,'',1,2,0.000,0.000,0,0,0,1,'loan officer',0.000,0.000,0),(0,1,1,15,'',1,2,0.000,0.000,0,0,0,1,'loan officer',0.000,0.000,0),(0,16,1,1,'Discount Points',1,1,0.000,0.000,0,0,0,1,'customer',0.000,0.000,0),(0,16,1,2,'Origination Fee',1,1,0.000,NULL,0,0,0,1,'customer',0.000,0.000,0),(0,16,1,3,'UFMIP (FHA)',1,1,0.000,NULL,0,0,0,0,'customer',0.000,0.000,0),(0,16,1,4,'VA - (Purchase)',1,1,0.000,NULL,0,0,0,0,'customer',0.000,0.000,0),(0,16,1,5,'VA - (Re-Finance)',1,1,0.000,NULL,0,0,0,0,'customer',0.000,0.000,0),(0,16,1,6,'',1,2,NULL,NULL,0,0,0,1,'customer',0.000,0.000,0),(0,16,1,7,'',1,2,NULL,NULL,0,0,0,1,'customer',0.000,0.000,0),(0,16,1,8,'',1,2,NULL,NULL,0,0,0,1,'customer',0.000,0.000,0),(0,16,1,9,'',1,2,NULL,NULL,0,0,0,1,'customer',0.000,0.000,0),(0,16,1,10,'',1,2,NULL,NULL,0,0,0,1,'customer',0.000,0.000,0),(0,16,1,11,'',1,2,NULL,NULL,0,0,0,1,'customer',0.000,0.000,0),(0,16,1,12,'',1,2,NULL,NULL,0,0,0,1,'customer',0.000,0.000,0),(0,16,1,13,'',1,2,NULL,NULL,0,0,0,1,'customer',0.000,0.000,0),(0,16,1,14,'',1,2,NULL,NULL,0,0,0,1,'customer',0.000,0.000,0),(0,16,1,15,'Title Insurance',1,2,0.000,NULL,0,0,0,1,'customer',0.000,0.000,0),(0,20,1,1,'Discount Points',1,1,0.000,0.000,0,0,0,1,'loan officer',0.000,0.000,0),(0,20,1,2,'Origination Fee',1,1,0.000,NULL,0,0,0,1,'loan officer',0.000,0.000,0),(0,20,1,3,'UFMIP (FHA)',1,1,0.000,NULL,0,0,0,0,'loan officer',0.000,0.000,0),(0,20,1,4,'VA - (Purchase)',1,1,0.000,NULL,0,0,0,0,'loan officer',0.000,0.000,0),(0,20,1,5,'VA - (Re-Finance)',1,1,0.000,NULL,0,0,0,0,'loan officer',0.000,0.000,0),(0,20,1,6,'',1,2,NULL,NULL,0,0,0,1,'loan officer',0.000,0.000,0),(0,20,1,7,'',1,2,NULL,NULL,0,0,0,1,'loan officer',0.000,0.000,0),(0,20,1,8,'',1,2,NULL,NULL,0,0,0,1,'loan officer',0.000,0.000,0),(0,20,1,9,'',1,2,NULL,NULL,0,0,0,1,'loan officer',0.000,0.000,0),(0,20,1,10,'',1,2,NULL,NULL,0,0,0,1,'loan officer',0.000,0.000,0),(0,20,1,11,'',1,2,NULL,NULL,0,0,0,1,'loan officer',0.000,0.000,0),(0,20,1,12,'',1,2,NULL,NULL,0,0,0,1,'loan officer',0.000,0.000,0),(0,20,1,13,'',1,2,NULL,NULL,0,0,0,1,'loan officer',0.000,0.000,0),(0,20,1,14,'',1,2,NULL,NULL,0,0,0,1,'loan officer',0.000,0.000,0),(0,20,1,15,'Title Insurance',1,2,0.000,NULL,0,0,0,1,'loan officer',0.000,0.000,0),(0,27,1,1,'Discount Points',1,1,0.000,0.000,0,0,0,1,'loan officer',0.000,0.000,0),(0,27,1,2,'Origination Fee',1,1,0.000,NULL,0,0,0,1,'loan officer',0.000,0.000,0),(0,27,1,3,'UFMIP (FHA)',1,1,0.000,NULL,0,0,0,0,'loan officer',0.000,0.000,0),(0,27,1,4,'VA - (Purchase)',1,1,0.000,NULL,0,0,0,0,'loan officer',0.000,0.000,0),(0,27,1,5,'VA - (Re-Finance)',1,1,0.000,NULL,0,0,0,0,'loan officer',0.000,0.000,0),(0,27,1,6,'',1,2,NULL,NULL,0,0,0,1,'loan officer',0.000,0.000,0),(0,27,1,7,'',1,2,NULL,NULL,0,0,0,1,'loan officer',0.000,0.000,0),(0,27,1,8,'',1,2,NULL,NULL,0,0,0,1,'loan officer',0.000,0.000,0),(0,27,1,9,'',1,2,NULL,NULL,0,0,0,1,'loan officer',0.000,0.000,0),(0,27,1,10,'',1,2,NULL,NULL,0,0,0,1,'loan officer',0.000,0.000,0),(0,27,1,11,'',1,2,NULL,NULL,0,0,0,1,'loan officer',0.000,0.000,0),(0,27,1,12,'',1,2,NULL,NULL,0,0,0,1,'loan officer',0.000,0.000,0),(0,27,1,13,'',1,2,NULL,NULL,0,0,0,1,'loan officer',0.000,0.000,0),(0,27,1,14,'',1,2,NULL,NULL,0,0,0,1,'loan officer',0.000,0.000,0),(0,27,1,15,'Title Insurance',1,2,0.000,NULL,0,0,0,1,'loan officer',0.000,0.000,0),(0,29,1,1,'Discount Points',1,1,0.000,0.000,0,0,0,1,'loan officer',0.000,0.000,0),(0,29,1,2,'Origination Fee',1,1,0.000,NULL,0,0,0,1,'loan officer',0.000,0.000,0),(0,29,1,3,'UFMIP (FHA)',1,1,0.000,NULL,0,0,0,0,'loan officer',0.000,0.000,0),(0,29,1,4,'VA - (Purchase)',1,1,0.000,NULL,0,0,0,0,'loan officer',0.000,0.000,0),(0,29,1,5,'VA - (Re-Finance)',1,1,0.000,NULL,0,0,0,0,'loan officer',0.000,0.000,0),(0,29,1,6,'',1,2,NULL,NULL,0,0,0,1,'loan officer',0.000,0.000,0),(0,29,1,7,'',1,2,NULL,NULL,0,0,0,1,'loan officer',0.000,0.000,0),(0,29,1,8,'',1,2,NULL,NULL,0,0,0,1,'loan officer',0.000,0.000,0),(0,29,1,9,'',1,2,NULL,NULL,0,0,0,1,'loan officer',0.000,0.000,0),(0,29,1,10,'',1,2,NULL,NULL,0,0,0,1,'loan officer',0.000,0.000,0),(0,29,1,11,'',1,2,NULL,NULL,0,0,0,1,'loan officer',0.000,0.000,0),(0,29,1,12,'',1,2,NULL,NULL,0,0,0,1,'loan officer',0.000,0.000,0),(0,29,1,13,'',1,2,NULL,NULL,0,0,0,1,'loan officer',0.000,0.000,0),(0,29,1,14,'',1,2,NULL,NULL,0,0,0,1,'loan officer',0.000,0.000,0),(0,29,1,15,'Title Insurance',1,2,238.000,NULL,0,0,0,1,'loan officer',0.000,0.000,0),(0,29,1,1,'Discount Points',1,1,0.000,0.000,0,0,0,1,'loan officer',0.000,0.000,0),(0,29,1,2,'Origination Fee',1,1,0.000,NULL,0,0,0,1,'loan officer',0.000,0.000,0),(0,29,1,3,'UFMIP (FHA)',1,1,0.000,NULL,0,0,0,0,'loan officer',0.000,0.000,0),(0,29,1,4,'VA - (Purchase)',1,1,0.000,NULL,0,0,0,0,'loan officer',0.000,0.000,0),(0,29,1,5,'VA - (Re-Finance)',1,1,0.000,NULL,0,0,0,0,'loan officer',0.000,0.000,0),(0,29,1,6,'',1,2,NULL,NULL,0,0,0,1,'loan officer',0.000,0.000,0),(0,29,1,7,'',1,2,NULL,NULL,0,0,0,1,'loan officer',0.000,0.000,0),(0,29,1,8,'',1,2,NULL,NULL,0,0,0,1,'loan officer',0.000,0.000,0),(0,29,1,9,'',1,2,NULL,NULL,0,0,0,1,'loan officer',0.000,0.000,0),(0,29,1,10,'',1,2,NULL,NULL,0,0,0,1,'loan officer',0.000,0.000,0),(0,29,1,11,'',1,2,NULL,NULL,0,0,0,1,'loan officer',0.000,0.000,0),(0,29,1,12,'',1,2,NULL,NULL,0,0,0,1,'loan officer',0.000,0.000,0),(0,29,1,13,'',1,2,NULL,NULL,0,0,0,1,'loan officer',0.000,0.000,0),(0,29,1,14,'',1,2,NULL,NULL,0,0,0,1,'loan officer',0.000,0.000,0),(0,29,1,15,'Title Insurance',1,2,238.000,NULL,0,0,0,1,'loan officer',0.000,0.000,0),(0,29,1,1,'Discount Points',1,1,0.000,0.000,0,0,0,1,'loan officer',0.000,0.000,0),(0,29,1,2,'Origination Fee',1,1,0.000,0.000,0,0,0,1,'loan officer',0.000,0.000,0),(0,29,1,3,'UFMIP (FHA)',1,1,0.000,0.000,0,0,0,0,'loan officer',0.000,0.000,0),(0,29,1,4,'VA - (Purchase)',1,1,0.000,0.000,0,0,0,0,'loan officer',0.000,0.000,0),(0,29,1,5,'VA - (Re-Finance)',1,1,0.000,0.000,0,0,0,0,'loan officer',0.000,0.000,0),(0,29,1,6,'',1,2,0.000,0.000,0,0,0,1,'loan officer',0.000,0.000,0),(0,29,1,7,'',1,2,0.000,0.000,0,0,0,1,'loan officer',0.000,0.000,0),(0,29,1,8,'',1,2,0.000,0.000,0,0,0,1,'loan officer',0.000,0.000,0),(0,29,1,9,'',1,2,0.000,0.000,0,0,0,1,'loan officer',0.000,0.000,0),(0,29,1,10,'',1,2,0.000,0.000,0,0,0,1,'loan officer',0.000,0.000,0),(0,29,1,11,'',1,2,0.000,0.000,0,0,0,1,'loan officer',0.000,0.000,0),(0,29,1,12,'',1,2,0.000,0.000,0,0,0,1,'loan officer',0.000,0.000,0),(0,29,1,13,'',1,2,0.000,0.000,0,0,0,1,'loan officer',0.000,0.000,0),(0,29,1,14,'',1,2,0.000,0.000,0,0,0,1,'loan officer',0.000,0.000,0),(0,29,1,15,'Title Insurance',1,2,238.000,0.000,0,0,0,1,'loan officer',0.000,0.000,0),(0,29,1,1,'Discount Points',1,1,0.000,0.000,0,0,0,1,'loan officer',0.000,0.000,0),(0,29,1,2,'Origination Fee',1,1,0.000,0.000,0,0,0,1,'loan officer',0.000,0.000,0),(0,29,1,3,'UFMIP (FHA)',1,1,0.000,0.000,0,0,0,0,'loan officer',0.000,0.000,0),(0,29,1,4,'VA - (Purchase)',1,1,0.000,0.000,0,0,0,0,'loan officer',0.000,0.000,0),(0,29,1,5,'VA - (Re-Finance)',1,1,0.000,0.000,0,0,0,0,'loan officer',0.000,0.000,0),(0,29,1,6,'',1,2,0.000,0.000,0,0,0,1,'loan officer',0.000,0.000,0),(0,29,1,7,'',1,2,0.000,0.000,0,0,0,1,'loan officer',0.000,0.000,0),(0,29,1,8,'',1,2,0.000,0.000,0,0,0,1,'loan officer',0.000,0.000,0),(0,29,1,9,'',1,2,0.000,0.000,0,0,0,1,'loan officer',0.000,0.000,0),(0,29,1,10,'',1,2,0.000,0.000,0,0,0,1,'loan officer',0.000,0.000,0),(0,29,1,11,'',1,2,0.000,0.000,0,0,0,1,'loan officer',0.000,0.000,0),(0,29,1,12,'',1,2,0.000,0.000,0,0,0,1,'loan officer',0.000,0.000,0),(0,29,1,13,'',1,2,0.000,0.000,0,0,0,1,'loan officer',0.000,0.000,0),(0,29,1,14,'',1,2,0.000,0.000,0,0,0,1,'loan officer',0.000,0.000,0),(0,29,1,15,'Title Insurance',1,2,238.000,0.000,0,0,0,1,'loan officer',0.000,0.000,0),(0,29,1,1,'Discount Points',1,1,0.000,0.000,0,0,0,1,'loan officer',0.000,0.000,0),(0,29,1,2,'Origination Fee',1,1,0.000,0.000,0,0,0,1,'loan officer',0.000,0.000,0),(0,29,1,3,'UFMIP (FHA)',1,1,0.000,0.000,0,0,0,0,'loan officer',0.000,0.000,0),(0,29,1,4,'VA - (Purchase)',1,1,0.000,0.000,0,0,0,0,'loan officer',0.000,0.000,0),(0,29,1,5,'VA - (Re-Finance)',1,1,0.000,0.000,0,0,0,0,'loan officer',0.000,0.000,0),(0,29,1,6,'',1,2,0.000,0.000,0,0,0,1,'loan officer',0.000,0.000,0),(0,29,1,7,'',1,2,0.000,0.000,0,0,0,1,'loan officer',0.000,0.000,0),(0,29,1,8,'',1,2,0.000,0.000,0,0,0,1,'loan officer',0.000,0.000,0),(0,29,1,9,'',1,2,0.000,0.000,0,0,0,1,'loan officer',0.000,0.000,0),(0,29,1,10,'',1,2,0.000,0.000,0,0,0,1,'loan officer',0.000,0.000,0),(0,29,1,11,'',1,2,0.000,0.000,0,0,0,1,'loan officer',0.000,0.000,0),(0,29,1,12,'',1,2,0.000,0.000,0,0,0,1,'loan officer',0.000,0.000,0),(0,29,1,13,'',1,2,0.000,0.000,0,0,0,1,'loan officer',0.000,0.000,0),(0,29,1,14,'',1,2,0.000,0.000,0,0,0,1,'loan officer',0.000,0.000,0),(0,29,1,15,'Title Insurance',1,2,238.000,0.000,0,0,0,1,'loan officer',0.000,0.000,0),(0,29,1,1,'Discount Points',1,1,0.000,0.000,0,0,0,1,'loan officer',0.000,0.000,0),(0,29,1,2,'Origination Fee',1,1,0.000,0.000,0,0,0,1,'loan officer',0.000,0.000,0),(0,29,1,3,'UFMIP (FHA)',1,1,0.000,0.000,0,0,0,0,'loan officer',0.000,0.000,0),(0,29,1,4,'VA - (Purchase)',1,1,0.000,0.000,0,0,0,0,'loan officer',0.000,0.000,0),(0,29,1,5,'VA - (Re-Finance)',1,1,0.000,0.000,0,0,0,0,'loan officer',0.000,0.000,0),(0,29,1,6,'',1,2,0.000,0.000,0,0,0,1,'loan officer',0.000,0.000,0),(0,29,1,7,'',1,2,0.000,0.000,0,0,0,1,'loan officer',0.000,0.000,0),(0,29,1,8,'',1,2,0.000,0.000,0,0,0,1,'loan officer',0.000,0.000,0),(0,29,1,9,'',1,2,0.000,0.000,0,0,0,1,'loan officer',0.000,0.000,0),(0,29,1,10,'',1,2,0.000,0.000,0,0,0,1,'loan officer',0.000,0.000,0),(0,29,1,11,'',1,2,0.000,0.000,0,0,0,1,'loan officer',0.000,0.000,0),(0,29,1,12,'',1,2,0.000,0.000,0,0,0,1,'loan officer',0.000,0.000,0),(0,29,1,13,'',1,2,0.000,0.000,0,0,0,1,'loan officer',0.000,0.000,0),(0,29,1,14,'',1,2,0.000,0.000,0,0,0,1,'loan officer',0.000,0.000,0),(0,29,1,15,'Title Insurance',1,2,238.000,0.000,0,0,0,1,'loan officer',0.000,0.000,0),(0,29,1,1,'Discount Points',1,1,0.000,0.000,0,0,0,1,'loan officer',0.000,0.000,0),(0,29,1,2,'Origination Fee',1,1,0.000,0.000,0,0,0,1,'loan officer',0.000,0.000,0),(0,29,1,3,'UFMIP (FHA)',1,1,0.000,0.000,0,0,0,0,'loan officer',0.000,0.000,0),(0,29,1,4,'VA - (Purchase)',1,1,0.000,0.000,0,0,0,0,'loan officer',0.000,0.000,0),(0,29,1,5,'VA - (Re-Finance)',1,1,0.000,0.000,0,0,0,0,'loan officer',0.000,0.000,0),(0,29,1,6,'',1,2,0.000,0.000,0,0,0,1,'loan officer',0.000,0.000,0),(0,29,1,7,'',1,2,0.000,0.000,0,0,0,1,'loan officer',0.000,0.000,0),(0,29,1,8,'jithin',1,2,0.000,0.000,0,0,0,1,'loan officer',0.000,0.000,0),(0,29,1,9,'',1,2,0.000,0.000,0,0,0,1,'loan officer',0.000,0.000,0),(0,29,1,10,'',1,2,0.000,0.000,0,0,0,1,'loan officer',0.000,0.000,0),(0,29,1,11,'',1,2,0.000,0.000,0,0,0,1,'loan officer',0.000,0.000,0),(0,29,1,12,'',1,2,0.000,0.000,0,0,0,1,'loan officer',0.000,0.000,0),(0,29,1,13,'',1,2,0.000,0.000,0,0,0,1,'loan officer',0.000,0.000,0),(0,29,1,14,'',1,2,0.000,0.000,0,0,0,1,'loan officer',0.000,0.000,0),(0,29,1,15,'Title Insurance',1,2,238.000,0.000,0,0,0,1,'loan officer',0.000,0.000,0),(0,36,1,1,'City/County Deed Tax Stamp',1,2,0.000,0.000,1,0,0,1,'loan officer',0.000,0.000,0),(0,36,1,1,'',1,2,0.000,0.000,0,0,0,1,'loan officer',0.000,0.000,0),(0,38,1,1,'Bond Review',1,2,238.000,0.020,1,0,0,1,'loan officer',0.020,238.020,0),(0,38,1,2,'Title Insurance ',1,2,22.220,2.220,0,0,0,1,'loan officer',2.220,24.440,0),(0,38,1,3,'Bond Fee',1,2,0.000,2.000,0,0,0,1,'loan officer',2.000,2.000,0),(0,38,1,4,'Certification Fee',1,2,5.000,0.000,0,0,0,1,'loan officer',0.000,5.000,0),(0,38,1,1,'Bond Review',1,2,238.000,0.020,1,0,0,1,'loan officer',0.020,238.020,0),(0,38,1,2,'Title Insurance ',1,2,22.220,2.220,0,0,0,1,'loan officer',2.220,24.440,0),(0,38,1,3,'Bond Fee',1,2,0.000,2.000,0,0,0,1,'loan officer',2.000,2.000,0),(0,38,1,4,'Certification Fee',1,2,5.000,0.000,0,0,0,1,'loan officer',0.000,5.000,0),(0,39,1,1,'Bond Review',1,2,0.000,0.020,1,0,0,1,'loan officer',0.000,0.000,0),(0,39,1,2,'Title Insurance ',1,2,22.220,2.220,0,0,0,1,'loan officer',0.000,22.220,0),(0,39,1,3,'Bond Fee',1,2,0.000,2.000,0,0,0,1,'loan officer',0.000,0.000,0),(0,39,1,4,'Certification Fee',1,2,5.000,0.000,0,0,0,1,'loan officer',0.000,5.000,0),(0,39,1,1,'Bond Review',1,2,0.000,0.020,1,0,0,1,'loan officer',76.000,76.000,0),(0,39,1,2,'Title Insurance ',1,2,22.220,2.220,0,0,0,1,'loan officer',8436.000,8458.220,0),(0,39,1,3,'Bond Fee',1,2,0.000,2.000,0,0,0,1,'loan officer',7600.000,7600.000,0),(0,39,1,4,'Certification Fee',1,2,5.000,0.000,0,0,0,1,'loan officer',0.000,5.000,0),(0,51,1,1,'Bond Review',1,2,0.000,0.020,1,0,0,1,'loan officer',0.000,0.000,0),(0,51,1,2,'Title Insurance ',1,2,22.220,2.220,0,0,0,1,'loan officer',0.000,22.220,0),(0,51,1,3,'Bond Fee',1,2,0.000,2.000,0,0,0,1,'loan officer',0.000,0.000,0),(0,51,1,4,'Certification Fee',1,2,5.000,0.000,0,0,0,1,'loan officer',0.000,5.000,0),(0,64,1,1,'Bond Review',1,2,0.220,0.000,1,0,0,1,'loan officer',0.000,0.220,0),(0,64,1,2,'Title Insurance ',1,2,0.000,2.220,0,0,0,1,'loan officer',0.000,0.000,0),(0,64,1,3,'Bond Fee',1,2,0.000,2.000,0,0,0,1,'loan officer',0.000,0.000,0),(0,64,1,4,'Discount Points',1,2,0.000,0.000,0,0,0,1,'loan officer',0.000,0.000,0),(0,65,1,1,'Bond Review',1,2,0.220,1.250,1,0,0,1,'loan officer',0.000,0.220,0),(0,65,1,2,'Title Insurance ',1,2,0.000,2.220,0,0,0,1,'loan officer',0.000,0.000,0),(0,65,1,3,'Bond Fee',1,2,0.000,2.000,0,0,0,1,'loan officer',0.000,0.000,0),(0,65,1,4,'Discount Points',1,2,1.250,0.000,0,0,0,1,'loan officer',0.000,1.250,0),(0,65,1,1,'Bond Review',1,2,0.220,1.250,1,1,1,1,'loan officer',0.000,0.220,0),(0,65,1,2,'Title Insurance ',1,2,0.000,2.220,0,0,1,1,'loan officer',0.000,0.000,0),(0,65,1,3,'Bond Fee',1,2,0.000,2.000,0,0,1,1,'loan officer',0.000,0.000,0),(0,65,1,4,'Discount Points',1,2,1.250,0.000,0,0,1,1,'loan officer',0.000,1.250,0),(0,65,1,1,'VA - (Purchase)',1,2,0.220,1.250,1,1,1,1,'loan officer',0.000,0.220,0),(0,65,1,2,'VA - (Re-Finance)',1,2,22.220,2.220,0,0,1,1,'loan officer',0.000,22.220,0),(0,65,1,3,'UFMIP (FHA)',1,2,0.000,2.000,0,0,1,1,'loan officer',0.000,0.000,0),(0,65,1,4,'Discount Points',1,2,1.250,0.000,0,0,1,1,'loan officer',0.000,1.250,0),(0,65,1,1,'Discount Points',1,2,1.250,1.250,0,0,1,1,'loan officer',0.000,1.250,2),(0,65,1,2,'VA - (Purchase)',1,2,0.000,2.150,0,0,0,1,'loan officer',0.000,0.000,4),(0,65,1,3,'VA - (Re-Finance)',1,2,0.000,0.500,0,0,0,1,'loan officer',0.000,0.000,5),(0,65,1,4,'UFMIP (FHA)',1,2,0.000,1.750,0,0,0,1,'loan officer',0.000,0.000,3),(0,66,1,1,'Origination Fee',1,2,0.000,1.250,0,0,0,1,'loan officer',12062.500,12062.500,0),(0,66,1,2,'Title Insurance ',1,2,9525.000,0.000,0,0,0,1,'loan officer',0.000,9525.000,1),(0,66,1,3,'Discount Points',1,2,1.250,0.000,0,0,0,1,'loan officer',0.000,1.250,2),(0,66,1,4,'Application Fee',1,2,0.000,0.000,0,0,0,1,'loan officer',0.000,0.000,0),(0,66,1,5,'Appraisal Fee',1,2,0.000,0.000,0,0,0,1,'loan officer',0.000,0.000,0),(0,69,1,1,'Discount Points',1,2,0.000,0.000,0,0,1,1,'loan officer',0.000,0.000,2),(0,69,1,2,'VA - (Purchase)',1,2,0.000,2.150,0,0,0,1,'loan officer',20855.000,20855.000,4),(0,69,1,3,'VA - (Re-Finance)',1,2,0.000,0.500,0,0,0,1,'loan officer',4850.000,4850.000,5),(0,69,1,4,'UFMIP (FHA)',1,2,0.000,1.750,0,0,0,1,'loan officer',16975.000,16975.000,3),(0,69,1,5,'Title Insurance ',1,2,9575.000,0.000,0,0,0,1,'loan officer',0.000,9575.000,1),(0,69,1,6,'Admin Fee',1,2,33.000,0.000,0,0,0,1,'loan officer',0.000,33.000,0),(0,69,1,1,'Discount Points',1,2,0.000,0.000,0,0,1,1,'loan officer',0.000,0.000,2),(0,69,1,2,'VA - (Purchase)',1,2,0.000,2.150,0,0,0,1,'loan officer',20855.000,20855.000,4),(0,69,1,3,'VA - (Re-Finance)',1,2,0.000,0.500,0,0,0,1,'loan officer',4850.000,4850.000,5),(0,69,1,4,'UFMIP (FHA)',1,2,0.000,1.750,0,0,0,1,'loan officer',16975.000,16975.000,3),(0,69,1,5,'Title Insurance ',1,2,9575.000,0.000,0,0,0,1,'loan officer',0.000,9575.000,1),(0,69,1,6,'Admin Fee',1,2,33.000,0.000,0,0,0,1,'loan officer',0.000,33.000,0),(0,69,1,1,'Discount Points',1,2,0.000,0.000,0,0,1,1,'loan officer',0.000,0.000,2),(0,69,1,2,'VA - (Purchase)',1,2,0.000,2.150,0,0,0,1,'loan officer',20855.000,20855.000,4),(0,69,1,3,'VA - (Re-Finance)',1,2,0.000,0.500,0,0,0,1,'loan officer',4850.000,4850.000,5),(0,69,1,4,'UFMIP (FHA)',1,2,0.000,1.750,0,0,0,1,'loan officer',16975.000,16975.000,3),(0,69,1,5,'Title Insurance ',1,2,9575.000,0.000,0,0,0,1,'loan officer',0.000,9575.000,1),(0,69,1,6,'Admin Fee',1,2,33.000,0.000,0,0,0,1,'loan officer',0.000,33.000,0),(0,69,1,1,'Discount Points',1,2,0.000,0.000,0,0,1,1,'loan officer',0.000,0.000,2),(0,69,1,2,'VA - (Purchase)',1,2,0.000,2.150,0,0,0,1,'loan officer',20855.000,20855.000,4),(0,69,1,3,'VA - (Re-Finance)',1,2,0.000,0.500,0,0,0,1,'loan officer',4850.000,4850.000,5),(0,69,1,4,'UFMIP (FHA)',1,2,0.000,1.750,0,0,0,1,'loan officer',16975.000,16975.000,3),(0,69,1,5,'Title Insurance ',1,2,9575.000,0.000,0,0,0,1,'loan officer',0.000,9575.000,1),(0,69,1,6,'Admin Fee',1,2,33.000,0.000,0,0,0,1,'loan officer',0.000,33.000,0),(0,69,1,1,'Discount Points',1,2,0.000,0.000,0,0,1,1,'loan officer',0.000,0.000,2),(0,69,1,2,'VA - (Purchase)',1,2,0.000,2.150,0,0,0,1,'loan officer',20855.000,20855.000,4),(0,69,1,3,'VA - (Re-Finance)',1,2,0.000,0.500,0,0,0,1,'loan officer',4850.000,4850.000,5),(0,69,1,4,'UFMIP (FHA)',1,2,0.000,1.750,0,0,0,1,'loan officer',16975.000,16975.000,3),(0,69,1,5,'Title Insurance ',1,2,9575.000,0.000,0,0,0,1,'loan officer',0.000,9575.000,1),(0,69,1,6,'Admin Fee',1,2,33.000,0.000,0,0,0,1,'loan officer',0.000,33.000,0),(0,69,1,1,'Discount Points',1,2,0.000,0.000,0,0,1,1,'loan officer',0.000,0.000,2),(0,69,1,2,'VA - (Purchase)',1,2,0.000,2.150,0,0,0,1,'loan officer',20855.000,20855.000,4),(0,69,1,3,'VA - (Re-Finance)',1,2,0.000,0.500,0,0,0,1,'loan officer',4850.000,4850.000,5),(0,69,1,4,'UFMIP (FHA)',1,2,0.000,1.750,0,0,0,1,'loan officer',16975.000,16975.000,3),(0,69,1,5,'Title Insurance ',1,2,9575.000,0.000,0,0,0,1,'loan officer',0.000,9575.000,1),(0,69,1,6,'Admin Fee',1,2,33.000,0.000,0,0,0,1,'loan officer',0.000,33.000,0),(0,69,1,1,'Discount Points',1,2,0.000,1.250,0,0,0,1,'loan officer',12125.000,12125.000,2),(0,69,1,2,'VA - (Purchase)',1,2,0.000,2.150,0,0,0,1,'loan officer',20855.000,20855.000,4),(0,69,1,3,'VA - (Re-Finance)',1,2,0.000,0.500,0,0,0,1,'loan officer',4850.000,4850.000,5),(0,69,1,4,'UFMIP (FHA)',1,2,0.000,1.750,0,0,0,1,'loan officer',16975.000,16975.000,3),(0,69,1,5,'Title Insurance ',1,2,9575.000,0.000,0,0,0,1,'loan officer',0.000,9575.000,1),(0,69,1,6,'Admin Fee',1,2,33.000,0.000,0,0,0,1,'loan officer',0.000,33.000,0),(0,90,1,1,'UFMIP (FHA)',1,2,0.000,1.750,0,0,0,0,'loan officer',NULL,NULL,3),(0,90,1,2,'VA - (Purchase)',1,2,0.000,2.150,0,0,0,0,'loan officer',NULL,NULL,4),(0,90,1,3,'VA - (Re-Finance)',1,2,0.000,0.500,0,0,0,0,'loan officer',NULL,NULL,5),(0,90,1,1,'UFMIP (FHA)',1,2,0.000,1.750,0,0,0,0,'loan officer',NULL,NULL,3),(0,90,1,2,'VA - (Purchase)',1,2,0.000,2.150,0,0,0,0,'loan officer',NULL,NULL,4),(0,90,1,3,'VA - (Re-Finance)',1,2,0.000,0.500,0,0,0,0,'loan officer',NULL,NULL,5),(0,90,1,1,'UFMIP (FHA)',1,2,0.000,1.750,0,0,0,0,'loan officer',NULL,NULL,3),(0,90,1,2,'VA - (Purchase)',1,2,0.000,2.150,0,0,0,0,'loan officer',NULL,NULL,4),(0,90,1,3,'VA - (Re-Finance)',1,2,0.000,0.500,0,0,0,0,'loan officer',NULL,NULL,5),(0,90,1,1,'UFMIP (FHA)',1,2,0.000,1.750,0,0,0,0,'loan officer',NULL,NULL,3),(0,90,1,2,'VA - (Purchase)',1,2,0.000,2.150,0,0,0,0,'loan officer',NULL,NULL,4),(0,90,1,3,'VA - (Re-Finance)',1,2,0.000,0.500,0,0,0,0,'loan officer',NULL,NULL,5),(0,90,1,1,'UFMIP (FHA)',1,2,0.000,1.750,0,0,0,0,'loan officer',NULL,NULL,3),(0,90,1,2,'VA - (Purchase)',1,2,0.000,2.150,0,0,0,0,'loan officer',NULL,NULL,4),(0,90,1,3,'VA - (Re-Finance)',1,2,0.000,0.500,0,0,0,0,'loan officer',NULL,NULL,5),(0,90,1,1,'UFMIP (FHA)',1,1,0.000,1.750,0,0,0,0,'loan officer',NULL,NULL,3),(0,90,1,2,'VA - (Purchase)',1,1,0.000,2.150,0,0,0,0,'loan officer',NULL,NULL,4),(0,90,1,3,'VA - (Re-Finance)',1,1,0.000,0.500,0,0,0,0,'loan officer',NULL,NULL,5),(0,90,1,4,'Bond Review',1,2,2000.000,0.000,0,0,0,1,'loan officer',0.000,2000.000,0),(0,90,1,1,'UFMIP (FHA)',1,1,0.000,1.750,0,0,0,0,'loan officer',NULL,NULL,3),(0,90,1,2,'VA - (Purchase)',1,1,0.000,2.150,0,0,0,0,'loan officer',NULL,NULL,4),(0,90,1,3,'VA - (Re-Finance)',1,1,0.000,0.500,0,0,0,0,'loan officer',NULL,NULL,5),(0,90,1,4,'Bond Review',1,2,2000.000,0.000,1,0,0,1,'loan officer',0.000,2000.000,0),(0,93,1,1,'UFMIP (FHA)',1,2,0.000,1.750,0,0,0,0,'loan officer',NULL,NULL,3),(0,93,1,2,'VA - (Purchase)',1,2,0.000,2.150,0,0,0,0,'loan officer',NULL,NULL,4),(0,93,1,3,'VA - (Re-Finance)',1,2,0.000,0.500,0,0,0,0,'loan officer',NULL,NULL,5),(0,93,1,1,'UFMIP (FHA)',1,1,0.000,1.750,0,0,0,0,'loan officer',NULL,NULL,3),(0,93,1,2,'VA - (Purchase)',1,1,0.000,2.150,0,0,0,0,'loan officer',NULL,NULL,4),(0,93,1,3,'VA - (Re-Finance)',1,1,0.000,0.500,0,0,0,0,'loan officer',NULL,NULL,5),(0,93,1,4,'Assignment Fee',1,2,3880.000,0.000,0,0,0,1,'loan officer',0.000,3880.000,0),(0,93,1,5,'Discount Points',1,2,0.000,1.000,0,0,0,1,'loan officer',3880.000,3880.000,2),(0,93,1,6,'Processing Fee',1,2,700.000,0.000,0,0,0,1,'loan officer',0.000,700.000,0),(0,93,1,7,'Title Insurance ',1,2,3755.000,0.000,0,0,0,1,'loan officer',0.000,3755.000,1),(0,93,1,1,'UFMIP (FHA)',1,1,0.000,1.750,0,0,0,0,'loan officer',NULL,NULL,3),(0,93,1,2,'VA - (Purchase)',1,1,0.000,2.150,0,0,0,0,'loan officer',NULL,NULL,4),(0,93,1,3,'VA - (Re-Finance)',1,1,0.000,0.500,0,0,0,0,'loan officer',NULL,NULL,5),(0,93,1,4,'Assignment Fee',1,2,3880.000,0.000,1,0,0,1,'loan officer',0.000,3880.000,0),(0,93,1,5,'Discount Points',1,2,0.000,1.000,1,0,0,1,'loan officer',3880.000,3880.000,2),(0,93,1,6,'Processing Fee',1,2,700.000,0.000,1,0,0,1,'loan officer',0.000,700.000,0),(0,93,1,7,'Title Insurance ',1,2,3755.000,0.000,1,0,0,1,'loan officer',0.000,3755.000,1),(0,93,1,1,'UFMIP (FHA)',1,1,0.000,1.750,0,0,0,0,'loan officer',NULL,NULL,3),(0,93,1,2,'VA - (Purchase)',1,1,0.000,2.150,0,0,0,0,'loan officer',NULL,NULL,4),(0,93,1,3,'VA - (Re-Finance)',1,1,0.000,0.500,0,0,0,0,'loan officer',NULL,NULL,5),(0,93,1,4,'Assignment Fee',1,2,3880.000,0.000,1,0,0,1,'loan officer',0.000,3880.000,0),(0,93,1,5,'Discount Points',1,2,0.000,1.000,1,0,0,1,'loan officer',3880.000,3880.000,2),(0,93,1,6,'Processing Fee',1,2,700.000,0.000,1,0,0,1,'loan officer',0.000,700.000,0),(0,93,1,7,'Title Insurance ',1,2,3755.000,0.000,1,0,0,1,'loan officer',0.000,3755.000,1),(0,93,1,1,'UFMIP (FHA)',1,1,0.000,1.750,0,0,0,0,'loan officer',NULL,NULL,3),(0,93,1,2,'VA - (Purchase)',1,1,0.000,2.150,0,0,0,0,'loan officer',NULL,NULL,4),(0,93,1,3,'VA - (Re-Finance)',1,1,0.000,0.500,0,0,0,0,'loan officer',NULL,NULL,5),(0,93,1,4,'Assignment Fee',1,2,3880.000,0.000,1,0,0,1,'loan officer',0.000,3880.000,0),(0,93,1,5,'Discount Points',1,2,0.000,1.000,1,0,0,1,'loan officer',3880.000,3880.000,2),(0,93,1,6,'Processing Fee',1,2,700.000,0.000,1,0,0,1,'loan officer',0.000,700.000,0),(0,93,1,7,'Title Insurance ',1,2,3755.000,0.000,1,0,0,1,'loan officer',0.000,3755.000,1),(0,93,1,1,'UFMIP (FHA)',1,1,0.000,1.750,0,0,0,0,'loan officer',NULL,NULL,3),(0,93,1,2,'VA - (Purchase)',1,1,0.000,2.150,0,0,0,0,'loan officer',NULL,NULL,4),(0,93,1,3,'VA - (Re-Finance)',1,1,0.000,0.500,0,0,0,0,'loan officer',NULL,NULL,5),(0,93,1,4,'Assignment Fee',1,2,3880.000,0.000,1,0,0,1,'loan officer',0.000,3880.000,0),(0,93,1,5,'Discount Points',1,2,0.000,1.000,1,0,0,1,'loan officer',3880.000,3880.000,2),(0,93,1,6,'Processing Fee',1,2,700.000,0.000,1,0,0,1,'loan officer',0.000,700.000,0),(0,93,1,7,'Title Insurance ',1,2,3755.000,0.000,1,0,0,1,'loan officer',0.000,3755.000,1),(0,93,1,1,'UFMIP (FHA)',1,1,0.000,1.750,0,0,0,0,'loan officer',NULL,NULL,3),(0,93,1,2,'VA - (Purchase)',1,1,0.000,2.150,0,0,0,0,'loan officer',NULL,NULL,4),(0,93,1,3,'VA - (Re-Finance)',1,1,0.000,0.500,0,0,0,0,'loan officer',NULL,NULL,5),(0,93,1,4,'Assignment Fee',1,2,3880.000,0.000,1,0,0,1,'loan officer',0.000,3880.000,0),(0,93,1,5,'Discount Points',1,2,0.000,1.000,1,0,0,1,'loan officer',3880.000,3880.000,2),(0,93,1,6,'Processing Fee',1,2,700.000,0.000,1,0,0,1,'loan officer',0.000,700.000,0),(0,93,1,7,'Title Insurance ',1,2,3755.000,0.000,1,0,0,1,'loan officer',0.000,3755.000,1),(0,93,1,1,'UFMIP (FHA)',1,1,0.000,1.750,0,0,0,0,'loan officer',NULL,NULL,3),(0,93,1,2,'VA - (Purchase)',1,1,0.000,2.150,0,0,0,0,'loan officer',NULL,NULL,4),(0,93,1,3,'VA - (Re-Finance)',1,1,0.000,0.500,0,0,0,0,'loan officer',NULL,NULL,5),(0,93,1,4,'Assignment Fee',1,2,3880.000,0.000,1,0,0,1,'loan officer',0.000,3880.000,0),(0,93,1,5,'Discount Points',1,2,0.000,1.000,1,0,0,1,'loan officer',3880.000,3880.000,2),(0,93,1,6,'Processing Fee',1,2,700.000,0.000,1,0,0,1,'loan officer',0.000,700.000,0),(0,93,1,7,'Title Insurance ',1,2,3755.000,0.000,1,0,0,1,'loan officer',0.000,3755.000,1),(0,101,1,1,'UFMIP (FHA)',1,2,0.000,1.750,0,0,0,0,'loan officer',6755.000,6755.000,3),(0,101,1,2,'VA - (Purchase)',1,2,0.000,2.150,0,0,1,1,'loan officer',0.000,0.000,4),(0,101,1,3,'VA - (Re-Finance)',1,2,0.000,0.500,0,0,0,0,'loan officer',0.000,0.000,5),(0,101,1,1,'UFMIP (FHA)',1,2,0.000,1.750,0,0,0,0,'loan officer',6755.000,6755.000,3),(0,101,1,2,'VA - (Purchase)',1,2,0.000,2.150,0,0,1,1,'loan officer',0.000,0.000,4),(0,101,1,3,'VA - (Re-Finance)',1,2,0.000,0.500,0,0,0,0,'loan officer',0.000,0.000,5),(0,361,1,1,'UFMIP (FHA)',1,2,0.000,1.750,0,0,0,0,'loan officer',NULL,NULL,3),(0,361,1,2,'VA - (Purchase)',1,2,0.000,2.150,0,0,0,0,'loan officer',NULL,NULL,4),(0,361,1,3,'VA - (Re-Finance)',1,2,0.000,0.500,0,0,0,0,'loan officer',NULL,NULL,5),(0,361,2,1,'UFMIP (FHA)',1,2,0.000,1.750,0,0,1,1,'loan officer',0.000,0.000,3),(0,361,2,2,'VA - (Purchase)',1,2,0.000,2.150,0,0,0,0,'loan officer',NULL,NULL,4),(0,361,2,3,'VA - (Re-Finance)',1,2,0.000,0.500,0,0,0,0,'loan officer',NULL,NULL,5),(0,381,1,1,'UFMIP (FHA)',1,2,0.000,1.750,0,0,0,0,'loan officer',NULL,NULL,3),(0,381,1,2,'VA - (Purchase)',1,2,0.000,2.150,0,0,0,0,'loan officer',NULL,NULL,4),(0,381,1,3,'VA - (Re-Finance)',1,2,0.000,0.500,0,0,0,0,'loan officer',NULL,NULL,5),(0,381,1,1,'UFMIP (FHA)',1,2,0.000,1.750,0,0,0,0,'loan officer',NULL,NULL,3),(0,381,1,2,'VA - (Purchase)',1,2,0.000,2.150,0,0,0,0,'loan officer',NULL,NULL,4),(0,381,1,3,'VA - (Re-Finance)',1,2,0.000,0.500,0,0,0,0,'loan officer',NULL,NULL,5),(0,381,1,1,'UFMIP (FHA)',1,2,0.000,1.750,0,0,0,0,'loan officer',NULL,NULL,3),(0,381,1,2,'VA - (Purchase)',1,2,0.000,2.150,0,0,0,0,'loan officer',NULL,NULL,4),(0,381,1,3,'VA - (Re-Finance)',1,2,0.000,0.500,0,0,0,0,'loan officer',NULL,NULL,5),(0,381,1,1,'UFMIP (FHA)',1,2,0.000,1.750,0,0,0,0,'loan officer',NULL,NULL,3),(0,381,1,2,'VA - (Purchase)',1,2,0.000,2.150,0,0,0,0,'loan officer',NULL,NULL,4),(0,381,1,3,'VA - (Re-Finance)',1,2,0.000,0.500,0,0,0,0,'loan officer',NULL,NULL,5),(0,381,1,1,'UFMIP (FHA)',1,1,0.000,1.750,0,0,0,0,'loan officer',NULL,NULL,3),(0,381,1,2,'VA - (Purchase)',1,1,0.000,2.150,0,0,0,0,'loan officer',NULL,NULL,4),(0,381,1,3,'VA - (Re-Finance)',1,1,0.000,0.500,0,0,0,0,'loan officer',NULL,NULL,5),(0,381,1,4,'Origination Fee',1,2,0.000,1.000,1,0,0,1,'loan officer',3800.000,3800.000,0),(0,381,1,5,'Processing Fee',1,2,500.000,0.000,1,0,0,1,'loan officer',0.000,500.000,0),(0,381,1,6,'Escrow Service Fee',1,2,500.000,0.000,0,0,0,1,'loan officer',0.000,500.000,0),(0,381,1,7,'Tax Service Fee',1,2,75.000,0.000,1,0,0,1,'loan officer',0.000,75.000,0),(0,381,1,8,'Title Insurance ',1,2,3675.000,0.000,1,0,0,1,'loan officer',0.000,3675.000,1),(0,381,1,9,'Discount Points',1,2,0.000,1.000,1,0,0,1,'loan officer',3800.000,3800.000,2),(0,381,1,1,'UFMIP (FHA)',1,1,0.000,1.750,0,0,0,0,'loan officer',NULL,NULL,3),(0,381,1,2,'VA - (Purchase)',1,1,0.000,2.150,0,0,0,0,'loan officer',NULL,NULL,4),(0,381,1,3,'VA - (Re-Finance)',1,1,0.000,0.500,0,0,0,0,'loan officer',NULL,NULL,5),(0,381,1,4,'Origination Fee',1,2,0.000,1.000,1,0,0,1,'loan officer',3800.000,3800.000,0),(0,381,1,5,'Processing Fee',1,2,500.000,0.000,1,0,0,1,'loan officer',0.000,500.000,0),(0,381,1,6,'Escrow Service Fee',1,2,500.000,0.000,0,0,0,1,'loan officer',0.000,500.000,0),(0,381,1,7,'Tax Service Fee',1,2,75.000,0.000,1,0,0,1,'loan officer',0.000,75.000,0),(0,381,1,8,'Title Insurance ',1,2,3675.000,0.000,1,0,0,1,'loan officer',0.000,3675.000,1),(0,381,1,9,'Discount Points',1,2,0.000,1.000,1,0,0,1,'loan officer',3800.000,3800.000,2),(0,381,1,1,'UFMIP (FHA)',1,1,0.000,1.750,0,0,0,0,'loan officer',NULL,NULL,3),(0,381,1,2,'VA - (Purchase)',1,1,0.000,2.150,0,0,0,0,'loan officer',NULL,NULL,4),(0,381,1,3,'VA - (Re-Finance)',1,1,0.000,0.500,0,0,0,0,'loan officer',NULL,NULL,5),(0,381,1,4,'Origination Fee',1,2,0.000,1.000,1,0,0,1,'loan officer',3800.000,3800.000,0),(0,381,1,5,'Processing Fee',1,2,500.000,0.000,1,0,0,1,'loan officer',0.000,500.000,0),(0,381,1,6,'Escrow Service Fee',1,2,500.000,0.000,0,0,0,1,'loan officer',0.000,500.000,0),(0,381,1,7,'Tax Service Fee',1,2,75.000,0.000,1,0,0,1,'loan officer',0.000,75.000,0),(0,381,1,8,'Title Insurance ',1,2,3675.000,0.000,1,0,0,1,'loan officer',0.000,3675.000,1),(0,381,1,9,'Discount Points',1,2,0.000,1.000,1,0,0,1,'loan officer',3800.000,3800.000,2),(0,381,1,1,'UFMIP (FHA)',1,1,0.000,1.750,0,0,0,0,'loan officer',NULL,NULL,3),(0,381,1,2,'VA - (Purchase)',1,1,0.000,2.150,0,0,0,0,'loan officer',NULL,NULL,4),(0,381,1,3,'VA - (Re-Finance)',1,1,0.000,0.500,0,0,0,0,'loan officer',NULL,NULL,5),(0,381,1,4,'Origination Fee',1,2,0.000,1.000,1,0,0,1,'loan officer',3800.000,3800.000,0),(0,381,1,5,'Processing Fee',1,2,500.000,0.000,1,0,0,1,'loan officer',0.000,500.000,0),(0,381,1,6,'Escrow Service Fee',1,2,500.000,0.000,0,0,0,1,'loan officer',0.000,500.000,0),(0,381,1,7,'Tax Service Fee',1,2,75.000,0.000,1,0,0,1,'loan officer',0.000,75.000,0),(0,381,1,8,'Title Insurance ',1,2,3675.000,0.000,1,0,0,1,'loan officer',0.000,3675.000,1),(0,381,1,9,'Discount Points',1,2,0.000,1.000,1,0,0,1,'loan officer',3800.000,3800.000,2),(0,481,1,1,'UFMIP (FHA)',1,2,0.000,1.750,0,0,0,0,'loan officer',NULL,NULL,3),(0,481,1,2,'VA - (Purchase)',1,2,0.000,2.150,0,0,0,0,'loan officer',NULL,NULL,4),(0,481,1,3,'VA - (Re-Finance)',1,2,0.000,0.500,0,0,0,0,'loan officer',NULL,NULL,5),(0,611,1,1,'UFMIP (FHA)',1,2,0.000,1.750,0,0,0,0,'loan officer',NULL,NULL,3),(0,611,1,2,'VA - (Purchase)',1,2,0.000,2.150,0,0,0,0,'loan officer',NULL,NULL,4),(0,611,1,3,'VA - (Re-Finance)',1,2,0.000,0.500,0,0,0,0,'loan officer',NULL,NULL,5),(0,611,1,1,'UFMIP (FHA)',1,2,0.000,1.750,0,0,0,0,'loan officer',NULL,NULL,3),(0,611,1,2,'VA - (Purchase)',1,2,0.000,2.150,0,0,0,0,'loan officer',NULL,NULL,4),(0,611,1,3,'VA - (Re-Finance)',1,2,0.000,0.500,0,0,0,0,'loan officer',NULL,NULL,5),(0,621,1,1,'UFMIP (FHA)',1,2,0.000,1.750,0,0,0,0,'loan officer',NULL,NULL,3),(0,621,1,2,'VA - (Purchase)',1,2,0.000,2.150,0,0,0,0,'loan officer',NULL,NULL,4),(0,621,1,3,'VA - (Re-Finance)',1,2,0.000,0.500,0,0,0,0,'loan officer',NULL,NULL,5),(0,631,1,1,'UFMIP (FHA)',1,2,0.000,1.750,0,0,0,0,'loan officer',NULL,NULL,3),(0,631,1,2,'VA - (Purchase)',1,2,0.000,2.150,0,0,0,0,'loan officer',NULL,NULL,4),(0,631,1,3,'VA - (Re-Finance)',1,2,0.000,0.500,0,0,0,0,'loan officer',NULL,NULL,5),(0,661,1,1,'UFMIP (FHA)',1,2,0.000,1.750,0,0,0,0,'loan officer',NULL,NULL,3),(0,661,1,2,'VA - (Purchase)',1,2,0.000,2.150,0,0,0,0,'loan officer',NULL,NULL,4),(0,661,1,3,'VA - (Re-Finance)',1,2,0.000,0.500,0,0,0,0,'loan officer',NULL,NULL,5),(0,671,1,1,'UFMIP (FHA)',1,2,0.000,1.750,0,0,0,0,'loan officer',NULL,NULL,3),(0,671,1,2,'VA - (Purchase)',1,2,0.000,2.150,0,0,0,0,'loan officer',NULL,NULL,4),(0,671,1,3,'VA - (Re-Finance)',1,2,0.000,0.500,0,0,0,0,'loan officer',NULL,NULL,5),(0,681,1,1,'UFMIP (FHA)',1,2,0.000,1.750,0,0,0,0,'loan officer',NULL,NULL,3),(0,681,1,2,'VA - (Purchase)',1,2,0.000,2.150,0,0,0,0,'loan officer',NULL,NULL,4),(0,681,1,3,'VA - (Re-Finance)',1,2,0.000,0.500,0,0,0,0,'loan officer',NULL,NULL,5),(0,691,1,1,'UFMIP (FHA)',1,2,0.000,1.750,0,0,0,0,'loan officer',NULL,NULL,3),(0,691,1,2,'VA - (Purchase)',1,2,0.000,2.150,0,0,0,0,'loan officer',NULL,NULL,4),(0,691,1,3,'VA - (Re-Finance)',1,2,0.000,0.500,0,0,0,0,'loan officer',NULL,NULL,5),(0,681,1,1,'UFMIP (FHA)',1,2,0.000,1.750,0,0,0,0,'loan officer',NULL,NULL,3),(0,681,1,2,'VA - (Purchase)',1,2,0.000,2.150,0,0,0,0,'loan officer',NULL,NULL,4),(0,681,1,3,'VA - (Re-Finance)',1,2,0.000,0.500,0,0,0,0,'loan officer',NULL,NULL,5),(0,701,1,1,'UFMIP (FHA)',1,2,0.000,1.750,0,0,0,0,'loan officer',NULL,NULL,3),(0,701,1,2,'VA - (Purchase)',1,2,0.000,2.150,0,0,0,0,'loan officer',NULL,NULL,4),(0,701,1,3,'VA - (Re-Finance)',1,2,0.000,0.500,0,0,0,0,'loan officer',NULL,NULL,5),(0,771,1,1,'UFMIP (FHA)',1,1,0.000,1.750,1,0,0,0,'loan officer',NULL,NULL,3),(0,771,1,2,'VA - (Purchase)',1,1,0.000,2.150,1,0,0,0,'loan officer',NULL,NULL,4),(0,771,1,3,'VA - (Re-Finance)',1,1,0.000,0.500,1,0,0,0,'loan officer',NULL,NULL,5),(0,771,1,4,'Origination Fee',1,2,0.000,1.000,1,0,0,1,'loan officer',3880.000,3880.000,0),(0,771,1,5,'Processing Fee',1,2,595.000,0.000,1,0,0,1,'loan officer',0.000,595.000,0),(0,771,1,6,'Escrow Service Fee',1,2,500.000,0.000,1,0,0,1,'loan officer',0.000,500.000,0),(0,771,1,7,'Tax Service Fee',1,2,75.000,0.000,1,0,0,1,'loan officer',0.000,75.000,0),(0,771,1,8,'Title Insurance ',2,2,0.000,0.000,0,0,0,1,'loan officer',0.000,0.000,1),(0,771,1,9,'Discount Points',1,2,0.000,1.000,1,0,0,1,'loan officer',3880.000,3880.000,2),(0,771,1,10,'Notary Fee',1,2,24.000,0.000,0,0,0,1,'loan officer',0.000,24.000,0),(0,771,1,11,'Underwriting Fee',1,2,995.000,0.000,1,0,0,1,'loan officer',0.000,995.000,0),(0,791,1,1,'UFMIP (FHA)',1,1,0.000,1.750,0,0,0,0,'loan officer',NULL,NULL,3),(0,791,1,2,'VA - (Purchase)',1,1,0.000,2.150,0,0,0,0,'loan officer',NULL,NULL,4),(0,791,1,3,'VA - (Re-Finance)',1,1,0.000,0.500,0,0,0,0,'loan officer',NULL,NULL,5),(0,791,1,4,'Title Insurance Binder',2,2,2260.000,0.000,0,0,0,1,'loan officer',0.000,2260.000,0),(0,791,1,5,'Appraisal Fee',1,2,550.000,0.000,0,0,0,1,'loan officer',0.000,550.000,0),(0,791,1,6,'Credit Report',1,2,46.000,0.000,0,0,0,1,'loan officer',0.000,46.000,0),(0,791,1,7,'Processing Fee',1,2,595.000,0.000,1,0,0,1,'loan officer',0.000,595.000,0),(0,791,1,8,'Underwriting Fee',1,2,995.000,0.000,1,0,0,1,'loan officer',0.000,995.000,0),(0,791,1,9,'Attorney Fee',1,2,125.000,0.000,0,0,0,1,'loan officer',0.000,125.000,0),(0,791,1,10,'Title Insurance Binder',1,2,650.000,0.000,1,0,0,1,'loan officer',0.000,650.000,0),(0,791,1,11,'Recording Fees',1,2,184.000,0.000,0,0,0,1,'loan officer',0.000,184.000,0),(0,791,1,12,'Survey',1,2,400.000,0.000,0,0,0,1,'loan officer',0.000,400.000,0),(0,791,1,1,'UFMIP (FHA)',1,1,0.000,1.750,0,0,0,0,'loan officer',NULL,NULL,3),(0,791,1,2,'VA - (Purchase)',1,1,0.000,2.150,0,0,0,0,'loan officer',NULL,NULL,4),(0,791,1,3,'VA - (Re-Finance)',1,1,0.000,0.500,0,0,0,0,'loan officer',NULL,NULL,5),(0,791,1,4,'Title Insurance Binder',2,2,2260.000,0.000,0,0,0,1,'loan officer',0.000,2260.000,0),(0,791,1,5,'Appraisal Fee',1,2,550.000,0.000,0,0,0,1,'loan officer',0.000,550.000,0),(0,791,1,6,'Credit Report',1,2,46.000,0.000,0,0,0,1,'loan officer',0.000,46.000,0),(0,791,1,7,'Processing Fee',1,2,595.000,0.000,1,0,0,1,'loan officer',0.000,595.000,0),(0,791,1,8,'Underwriting Fee',1,2,995.000,0.000,1,0,0,1,'loan officer',0.000,995.000,0),(0,791,1,9,'Attorney Fee',1,2,125.000,0.000,0,0,0,1,'loan officer',0.000,125.000,0),(0,791,1,10,'Title Insurance Binder',1,2,650.000,0.000,1,0,0,1,'loan officer',0.000,650.000,0),(0,791,1,11,'Recording Fees',1,2,184.000,0.000,0,0,0,1,'loan officer',0.000,184.000,0),(0,791,1,12,'Survey',1,2,400.000,0.000,0,0,0,1,'loan officer',0.000,400.000,0),(0,381,1,1,'UFMIP (FHA)',1,1,0.000,1.750,0,0,0,0,'loan officer',NULL,NULL,3),(0,381,1,2,'VA - (Purchase)',1,1,0.000,2.150,0,0,0,0,'loan officer',NULL,NULL,4),(0,381,1,3,'VA - (Re-Finance)',1,1,0.000,0.500,0,0,0,0,'loan officer',NULL,NULL,5),(0,381,1,4,'Origination Fee',1,2,0.000,1.000,1,0,0,1,'loan officer',3800.000,3800.000,0),(0,381,1,5,'Processing Fee',1,2,500.000,0.000,1,0,0,1,'loan officer',0.000,500.000,0),(0,381,1,6,'Escrow Service Fee',1,2,500.000,0.000,0,0,0,1,'loan officer',0.000,500.000,0),(0,381,1,7,'Tax Service Fee',1,2,75.000,0.000,1,0,0,1,'loan officer',0.000,75.000,0),(0,381,1,8,'Title Insurance ',1,2,2426.000,0.000,1,0,0,1,'loan officer',0.000,2426.000,1),(0,381,1,9,'Discount Points',1,2,0.000,1.500,1,0,0,1,'loan officer',5700.000,5700.000,2),(0,891,1,1,'UFMIP (FHA)',1,1,0.000,1.750,0,0,0,0,'loan officer',NULL,NULL,3),(0,891,1,2,'VA - (Purchase)',1,1,0.000,2.150,0,0,0,0,'loan officer',NULL,NULL,4),(0,891,1,3,'VA - (Re-Finance)',1,1,0.000,0.500,0,0,0,0,'loan officer',NULL,NULL,5),(0,891,1,4,'Tax Service Fee',1,2,5.000,0.000,0,0,0,1,'loan officer',0.000,5.000,0),(0,891,1,5,'__________________________________________',1,2,0.000,0.000,0,0,0,1,'loan officer',0.000,0.000,6),(0,891,1,6,'Title Insurance ',1,2,5695.000,0.000,0,0,0,1,'loan officer',0.000,5695.000,1),(0,891,1,1,'UFMIP (FHA)',1,1,0.000,1.750,0,0,0,0,'loan officer',NULL,NULL,3),(0,891,1,2,'VA - (Purchase)',1,1,0.000,2.150,0,0,0,0,'loan officer',NULL,NULL,4),(0,891,1,3,'VA - (Re-Finance)',1,1,0.000,0.500,0,0,0,0,'loan officer',NULL,NULL,5),(0,891,1,4,'Tax Service Fee',1,2,5.000,0.000,0,0,0,1,'loan officer',0.000,5.000,0),(0,891,1,5,'__________________________________________',1,2,0.000,0.000,0,0,0,1,'loan officer',0.000,0.000,6),(0,891,1,6,'Title Insurance ',1,2,5695.000,0.000,0,0,0,1,'loan officer',0.000,5695.000,1),(0,891,1,1,'UFMIP (FHA)',1,1,0.000,1.750,0,0,0,0,'loan officer',NULL,NULL,3),(0,891,1,2,'VA - (Purchase)',1,1,0.000,2.150,0,0,0,0,'loan officer',NULL,NULL,4),(0,891,1,3,'VA - (Re-Finance)',1,1,0.000,0.500,0,0,0,0,'loan officer',NULL,NULL,5),(0,891,1,4,'Tax Service Fee',1,2,5.000,0.000,0,0,0,1,'loan officer',0.000,5.000,0),(0,891,1,5,'__________________________________________',1,2,0.000,0.000,0,0,0,1,'loan officer',0.000,0.000,6),(0,891,1,6,'Title Insurance ',1,2,5695.000,0.000,0,0,0,1,'loan officer',0.000,5695.000,1),(0,891,1,1,'UFMIP (FHA)',1,1,0.000,1.750,0,0,0,0,'loan officer',NULL,NULL,3),(0,891,1,2,'VA - (Purchase)',1,1,0.000,2.150,0,0,0,0,'loan officer',NULL,NULL,4),(0,891,1,3,'VA - (Re-Finance)',1,1,0.000,0.500,0,0,0,0,'loan officer',NULL,NULL,5),(0,891,1,4,'Tax Service Fee',1,2,5.000,0.000,0,0,0,1,'loan officer',0.000,5.000,0),(0,891,1,5,'__________________________________________',1,2,0.000,0.000,0,0,0,1,'loan officer',0.000,0.000,6),(0,891,1,6,'Title Insurance ',1,2,5695.000,0.000,0,0,0,1,'loan officer',0.000,5695.000,1),(0,891,1,1,'UFMIP (FHA)',1,1,0.000,1.750,0,0,0,0,'loan officer',NULL,NULL,3),(0,891,1,2,'VA - (Purchase)',1,1,0.000,2.150,0,0,0,0,'loan officer',NULL,NULL,4),(0,891,1,3,'VA - (Re-Finance)',1,1,0.000,0.500,0,0,0,0,'loan officer',NULL,NULL,5),(0,891,1,4,'Tax Service Fee',1,2,5.000,0.000,0,0,0,1,'loan officer',0.000,5.000,0),(0,891,1,5,'__________________________________________',1,2,0.000,0.000,0,0,0,1,'loan officer',0.000,0.000,6),(0,891,1,6,'Title Insurance ',1,2,5695.000,0.000,0,0,0,1,'loan officer',0.000,5695.000,1),(0,891,1,1,'UFMIP (FHA)',1,1,0.000,1.750,0,0,0,0,'loan officer',NULL,NULL,3),(0,891,1,2,'VA - (Purchase)',1,1,0.000,2.150,0,0,0,0,'loan officer',NULL,NULL,4),(0,891,1,3,'VA - (Re-Finance)',1,1,0.000,0.500,0,0,0,0,'loan officer',NULL,NULL,5),(0,891,1,4,'Tax Service Fee',1,2,5.000,0.000,0,0,0,1,'loan officer',0.000,5.000,0),(0,891,1,5,'__________________________________________',1,2,0.000,0.000,0,0,0,1,'loan officer',0.000,0.000,6),(0,891,1,6,'Title Insurance ',1,2,5695.000,0.000,0,0,0,1,'loan officer',0.000,5695.000,1),(0,791,1,1,'UFMIP (FHA)',1,1,0.000,1.750,0,0,0,0,'loan officer',NULL,NULL,3),(0,791,1,2,'VA - (Purchase)',1,1,0.000,2.150,0,0,0,0,'loan officer',NULL,NULL,4),(0,791,1,3,'VA - (Re-Finance)',1,1,0.000,0.500,0,0,0,0,'loan officer',NULL,NULL,5),(0,791,1,4,'Title Insurance Binder',2,2,2260.000,0.000,0,0,0,1,'loan officer',0.000,2260.000,0),(0,791,1,5,'Appraisal Fee',1,2,550.000,0.000,0,0,0,1,'loan officer',0.000,550.000,0),(0,791,1,6,'Credit Report',1,2,46.000,0.000,0,0,0,1,'loan officer',0.000,46.000,0),(0,791,1,7,'Processing Fee',1,2,595.000,0.000,1,0,0,1,'loan officer',0.000,595.000,0),(0,791,1,8,'Underwriting Fee',1,2,995.000,0.000,1,0,0,1,'loan officer',0.000,995.000,0),(0,791,1,9,'Attorney Fee',1,2,125.000,0.000,0,0,0,1,'loan officer',0.000,125.000,0),(0,791,1,10,'Title Insurance Binder',1,2,650.000,0.000,1,0,0,1,'loan officer',0.000,650.000,0),(0,791,1,11,'Recording Fees',1,2,184.000,0.000,0,0,0,1,'loan officer',0.000,184.000,0),(0,791,1,12,'Survey',1,2,400.000,0.000,0,0,0,1,'loan officer',0.000,400.000,0),(0,911,1,1,'UFMIP (FHA)',1,2,0.000,1.750,0,0,0,0,'loan officer',NULL,NULL,3),(0,911,1,2,'VA - (Purchase)',1,2,0.000,2.150,0,0,0,0,'loan officer',NULL,NULL,4),(0,911,1,3,'VA - (Re-Finance)',1,2,0.000,0.500,0,0,0,0,'loan officer',NULL,NULL,5),(0,911,1,1,'UFMIP (FHA)',1,2,0.000,1.750,0,0,0,0,'loan officer',NULL,NULL,3),(0,911,1,2,'VA - (Purchase)',1,2,0.000,2.150,0,0,0,0,'loan officer',NULL,NULL,4),(0,911,1,3,'VA - (Re-Finance)',1,2,0.000,0.500,0,0,0,0,'loan officer',NULL,NULL,5),(0,911,1,1,'UFMIP (FHA)',1,2,0.000,1.750,0,0,0,0,'loan officer',NULL,NULL,3),(0,911,1,2,'VA - (Purchase)',1,2,0.000,2.150,0,0,0,0,'loan officer',NULL,NULL,4),(0,911,1,3,'VA - (Re-Finance)',1,2,0.000,0.500,0,0,0,0,'loan officer',NULL,NULL,5),(0,891,1,1,'UFMIP (FHA)',1,1,0.000,1.750,0,0,0,0,'loan officer',NULL,NULL,3),(0,891,1,2,'VA - (Purchase)',1,1,0.000,2.150,0,0,0,0,'loan officer',NULL,NULL,4),(0,891,1,3,'VA - (Re-Finance)',1,1,0.000,0.500,0,0,0,0,'loan officer',NULL,NULL,5),(0,891,1,4,'Tax Service Fee',1,2,5.000,0.000,0,0,0,1,'loan officer',0.000,5.000,0),(0,891,1,5,'__________________________________________',1,2,0.000,0.000,0,0,0,1,'loan officer',0.000,0.000,6),(0,891,1,6,'Title Insurance ',1,2,5695.000,0.000,0,0,0,1,'loan officer',0.000,5695.000,1),(0,791,1,1,'UFMIP (FHA)',1,1,0.000,1.750,0,0,1,1,'loan officer',2533.130,2533.130,3),(0,791,1,2,'VA - (Purchase)',1,1,0.000,2.150,0,0,0,0,'loan officer',NULL,NULL,4),(0,791,1,3,'VA - (Re-Finance)',1,1,0.000,0.500,0,0,0,0,'loan officer',NULL,NULL,5),(0,791,1,4,'Title Insurance Binder',2,2,2260.000,0.000,0,0,0,1,'loan officer',0.000,2260.000,0),(0,791,1,5,'Appraisal Fee',1,2,550.000,0.000,0,0,0,1,'loan officer',0.000,550.000,0),(0,791,1,6,'Credit Report',1,2,46.000,0.000,0,0,0,1,'loan officer',0.000,46.000,0),(0,791,1,7,'Processing Fee',1,2,595.000,0.000,1,0,0,1,'loan officer',0.000,595.000,0),(0,791,1,8,'Underwriting Fee',1,2,995.000,0.000,1,0,0,1,'loan officer',0.000,995.000,0),(0,791,1,9,'Attorney Fee',1,2,125.000,0.000,0,0,0,1,'loan officer',0.000,125.000,0),(0,791,1,10,'Title Insurance Binder',1,2,650.000,0.000,1,0,0,1,'loan officer',0.000,650.000,0),(0,791,1,11,'Recording Fees',1,2,184.000,0.000,0,0,0,1,'loan officer',0.000,184.000,0),(0,791,1,12,'Survey',1,2,400.000,0.000,0,0,0,1,'loan officer',0.000,400.000,0);
/*!40000 ALTER TABLE `rl_loan_option_closing_cost_history` ENABLE KEYS */;
UNLOCK TABLES;

--
-- Table structure for table `settings`
--

DROP TABLE IF EXISTS `settings`;
/*!40101 SET @saved_cs_client     = @@character_set_client */;
/*!40101 SET character_set_client = utf8 */;
CREATE TABLE `settings` (
  `monthsOfTax` int(11) DEFAULT NULL,
  `monthsOfInsurance` int(11) DEFAULT NULL,
  `daysOfInterest` int(11) DEFAULT NULL,
  `userId` int(11) DEFAULT NULL,
  `id` int(11) NOT NULL AUTO_INCREMENT,
  PRIMARY KEY (`id`)
) ENGINE=InnoDB DEFAULT CHARSET=latin1;
/*!40101 SET character_set_client = @saved_cs_client */;

--
-- Dumping data for table `settings`
--

LOCK TABLES `settings` WRITE;
/*!40000 ALTER TABLE `settings` DISABLE KEYS */;
/*!40000 ALTER TABLE `settings` ENABLE KEYS */;
UNLOCK TABLES;

--
-- Table structure for table `state_table`
--

DROP TABLE IF EXISTS `state_table`;
/*!40101 SET @saved_cs_client     = @@character_set_client */;
/*!40101 SET character_set_client = utf8 */;
CREATE TABLE `state_table` (
  `id` int(10) NOT NULL AUTO_INCREMENT,
  `state_name` varchar(100) NOT NULL,
  PRIMARY KEY (`id`)
) ENGINE=InnoDB AUTO_INCREMENT=52 DEFAULT CHARSET=latin1;
/*!40101 SET character_set_client = @saved_cs_client */;

--
-- Dumping data for table `state_table`
--

LOCK TABLES `state_table` WRITE;
/*!40000 ALTER TABLE `state_table` DISABLE KEYS */;
INSERT INTO `state_table` VALUES (1,'Alabama'),(2,'Alaska'),(3,'Arizona'),(4,'Arkansas'),(5,'California'),(6,'Colorado'),(7,'Connecticut'),(8,'Delaware'),(9,'District of Columbia'),(10,'Florida'),(11,'Georgia'),(12,'Hawaii'),(13,'Idaho'),(14,'Illinois'),(15,'Indiana'),(16,'Iowa'),(17,'Kansas'),(18,'Kentucky'),(19,'Louisiana'),(20,'Maine'),(21,'Maryland'),(22,'Massachusetts'),(23,'Michigan'),(24,'Minnesota'),(25,'Mississippi'),(26,'Missouri'),(27,'Montana'),(28,'Nebraska'),(29,'Nevada'),(30,'New Hampshire'),(31,'New Jersey'),(32,'New Mexico'),(33,'New York'),(34,'North Carolina'),(35,'North Dakota'),(36,'Ohio'),(37,'Oklahoma'),(38,'Oregon'),(39,'Pennsylvania'),(40,'Rhode Island'),(41,'South Carolina'),(42,'South Dakota'),(43,'Tennessee'),(44,'Texas'),(45,'Utah'),(46,'Vermont'),(47,'Virginia'),(48,'Washington'),(49,'West Virginia'),(50,'Wisconsin'),(51,'Wyoming');
/*!40000 ALTER TABLE `state_table` ENABLE KEYS */;
UNLOCK TABLES;

--
-- Table structure for table `states`
--

DROP TABLE IF EXISTS `states`;
/*!40101 SET @saved_cs_client     = @@character_set_client */;
/*!40101 SET character_set_client = utf8 */;
CREATE TABLE `states` (
  `id` int(11) NOT NULL AUTO_INCREMENT,
  `name` varchar(55) DEFAULT NULL,
  `amount` decimal(15,2) DEFAULT NULL,
  PRIMARY KEY (`id`)
) ENGINE=InnoDB DEFAULT CHARSET=latin1;
/*!40101 SET character_set_client = @saved_cs_client */;

--
-- Dumping data for table `states`
--

LOCK TABLES `states` WRITE;
/*!40000 ALTER TABLE `states` DISABLE KEYS */;
/*!40000 ALTER TABLE `states` ENABLE KEYS */;
UNLOCK TABLES;

--
-- Table structure for table `title_insurance_basic_premium_rates`
--

DROP TABLE IF EXISTS `title_insurance_basic_premium_rates`;
/*!40101 SET @saved_cs_client     = @@character_set_client */;
/*!40101 SET character_set_client = utf8 */;
CREATE TABLE `title_insurance_basic_premium_rates` (
  `id` int(11) NOT NULL AUTO_INCREMENT,
  `policiesUpToAndIncluding` decimal(15,2) DEFAULT NULL,
  `basicPremium` decimal(15,2) DEFAULT NULL,
  PRIMARY KEY (`id`)
) ENGINE=InnoDB AUTO_INCREMENT=182 DEFAULT CHARSET=latin1;
/*!40101 SET character_set_client = @saved_cs_client */;

--
-- Dumping data for table `title_insurance_basic_premium_rates`
--

LOCK TABLES `title_insurance_basic_premium_rates` WRITE;
/*!40000 ALTER TABLE `title_insurance_basic_premium_rates` DISABLE KEYS */;
INSERT INTO `title_insurance_basic_premium_rates` VALUES (1,10000.00,238.00),(2,10500.00,242.00),(3,11000.00,244.00),(4,11500.00,248.00),(5,12000.00,252.00),(6,12500.00,255.00),(7,13000.00,260.00),(8,13500.00,264.00),(9,14000.00,267.00),(10,14500.00,270.00),(11,15000.00,272.00),(12,15500.00,276.00),(13,16000.00,280.00),(14,16500.00,284.00),(15,17000.00,288.00),(16,17500.00,292.00),(17,18000.00,296.00),(18,18500.00,298.00),(19,19000.00,301.00),(20,19500.00,304.00),(21,20000.00,309.00),(22,20500.00,312.00),(23,21000.00,317.00),(24,21500.00,320.00),(25,22000.00,324.00),(26,22500.00,327.00),(27,23000.00,330.00),(28,23500.00,333.00),(29,24000.00,337.00),(30,24500.00,340.00),(31,25000.00,345.00),(32,25500.00,348.00),(33,26000.00,352.00),(34,26500.00,355.00),(35,27000.00,358.00),(36,27500.00,361.00),(37,28000.00,365.00),(38,28500.00,368.00),(39,29000.00,373.00),(40,29500.00,376.00),(41,30000.00,380.00),(42,30500.00,383.00),(43,31000.00,387.00),(44,31500.00,390.00),(45,32000.00,393.00),(46,32500.00,398.00),(47,33000.00,401.00),(48,33500.00,405.00),(49,34000.00,408.00),(50,34500.00,412.00),(51,35000.00,415.00),(52,35500.00,419.00),(53,36000.00,422.00),(54,36500.00,426.00),(55,37000.00,429.00),(56,37500.00,433.00),(57,38000.00,437.00),(58,38500.00,441.00),(59,39000.00,443.00),(60,39500.00,447.00),(61,40000.00,450.00),(62,40500.00,455.00),(63,41000.00,457.00),(64,41500.00,462.00),(65,42000.00,465.00),(66,42500.00,469.00),(67,43000.00,471.00),(68,43500.00,475.00),(69,44000.00,479.00),(70,44500.00,483.00),(71,45000.00,487.00),(72,45500.00,490.00),(73,46000.00,493.00),(74,46500.00,497.00),(75,47000.00,499.00),(76,47500.00,503.00),(77,48000.00,508.00),(78,48500.00,512.00),(79,49000.00,515.00),(80,49500.00,518.00),(81,50000.00,522.00),(82,50500.00,525.00),(83,51000.00,527.00),(84,51500.00,531.00),(85,52000.00,536.00),(86,52500.00,540.00),(87,53000.00,543.00),(88,53500.00,547.00),(89,54000.00,550.00),(90,54500.00,553.00),(91,55000.00,556.00),(92,55500.00,559.00),(93,56000.00,565.00),(94,56500.00,568.00),(95,57000.00,571.00),(96,57500.00,575.00),(97,58000.00,579.00),(98,58500.00,581.00),(99,59000.00,585.00),(100,59500.00,589.00),(101,60000.00,593.00),(102,60500.00,597.00),(103,61000.00,600.00),(104,61500.00,603.00),(105,62000.00,607.00),(106,62500.00,611.00),(107,63000.00,613.00),(108,63500.00,617.00),(109,64000.00,621.00),(110,64500.00,625.00),(111,65000.00,628.00),(112,65500.00,631.00),(113,66000.00,635.00),(114,66500.00,640.00),(115,67000.00,644.00),(116,67500.00,645.00),(117,68000.00,649.00),(118,68500.00,653.00),(119,69000.00,656.00),(120,69500.00,659.00),(121,70000.00,664.00),(122,70500.00,668.00),(123,71000.00,672.00),(124,71500.00,674.00),(125,72000.00,677.00),(126,72500.00,681.00),(127,73000.00,685.00),(128,73500.00,688.00),(129,74000.00,692.00),(130,74500.00,696.00),(131,75000.00,700.00),(132,75500.00,702.00),(133,76000.00,706.00),(134,76500.00,709.00),(135,77000.00,713.00),(136,77500.00,716.00),(137,78000.00,720.00),(138,78500.00,725.00),(139,79000.00,729.00),(140,79500.00,730.00),(141,80000.00,734.00),(142,80500.00,738.00),(143,81000.00,742.00),(144,81500.00,744.00),(145,82000.00,748.00),(146,82500.00,753.00),(147,83000.00,757.00),(148,83500.00,759.00),(149,84000.00,762.00),(150,84500.00,767.00),(151,85000.00,770.00),(152,85500.00,773.00),(153,86000.00,776.00),(154,86500.00,781.00),(155,87000.00,785.00),(156,87500.00,788.00),(157,88000.00,791.00),(158,88500.00,795.00),(159,89000.00,799.00),(160,89500.00,801.00),(161,90000.00,804.00),(162,90500.00,809.00),(163,91000.00,813.00),(164,91500.00,817.00),(165,92000.00,819.00),(166,92500.00,823.00),(167,93000.00,827.00),(168,93500.00,831.00),(169,94000.00,832.00),(170,94500.00,837.00),(171,95000.00,842.00),(172,95500.00,845.00),(173,96000.00,847.00),(174,96500.00,851.00),(175,97000.00,855.00),(176,97500.00,859.00),(177,98000.00,862.00),(178,98500.00,866.00),(179,99000.00,870.00),(180,99500.00,873.00),(181,100000.00,875.00);
/*!40000 ALTER TABLE `title_insurance_basic_premium_rates` ENABLE KEYS */;
UNLOCK TABLES;

--
-- Table structure for table `title_insurance_range`
--

DROP TABLE IF EXISTS `title_insurance_range`;
/*!40101 SET @saved_cs_client     = @@character_set_client */;
/*!40101 SET character_set_client = utf8 */;
CREATE TABLE `title_insurance_range` (
  `id` int(11) NOT NULL AUTO_INCREMENT,
  `policyRangeFrom` decimal(15,2) DEFAULT NULL,
  `policyRangeTo` decimal(15,2) DEFAULT NULL,
  `subtract` decimal(15,2) DEFAULT NULL,
  `multiplyBy` decimal(15,5) DEFAULT NULL,
  `add` decimal(15,2) DEFAULT NULL,
  PRIMARY KEY (`id`)
) ENGINE=InnoDB AUTO_INCREMENT=6 DEFAULT CHARSET=latin1;
/*!40101 SET character_set_client = @saved_cs_client */;

--
-- Dumping data for table `title_insurance_range`
--

LOCK TABLES `title_insurance_range` WRITE;
/*!40000 ALTER TABLE `title_insurance_range` DISABLE KEYS */;
INSERT INTO `title_insurance_range` VALUES (1,100001.00,1000000.00,100000.00,0.00554,875.00),(2,1000001.00,5000000.00,1000000.00,0.00456,5861.00),(3,5000001.00,15000000.00,5000000.00,0.00376,24101.00),(4,15000001.00,25000000.00,15000000.00,0.00267,61701.00),(5,25000001.00,NULL,25000000.00,0.00160,88401.00);
/*!40000 ALTER TABLE `title_insurance_range` ENABLE KEYS */;
UNLOCK TABLES;

--
-- Table structure for table `trusted_partner`
--

DROP TABLE IF EXISTS `trusted_partner`;
/*!40101 SET @saved_cs_client     = @@character_set_client */;
/*!40101 SET character_set_client = utf8 */;
CREATE TABLE `trusted_partner` (
  `id` int(10) NOT NULL AUTO_INCREMENT,
  `photo` varchar(250) NOT NULL,
  `email` varchar(100) NOT NULL,
  `phone` bigint(10) NOT NULL,
  `business_name` varchar(200) NOT NULL,
  `contact_name` varchar(200) NOT NULL,
  `address` varchar(250) NOT NULL,
  `facebook_profile` varchar(250) NOT NULL,
  `linkedin_profile` varchar(250) NOT NULL,
  `business_hours` varchar(100) NOT NULL,
  `note` varchar(250) NOT NULL,
  `business_type` int(10) NOT NULL,
  `twitter_handle` varchar(100) NOT NULL,
  `user` varchar(50) NOT NULL,
  `forcedisplay` varchar(10) NOT NULL,
  `display_date` date NOT NULL,
  `freetext1` varchar(50) DEFAULT NULL,
  `freetext2` varchar(50) DEFAULT NULL,
  PRIMARY KEY (`id`)
) ENGINE=InnoDB AUTO_INCREMENT=21 DEFAULT CHARSET=latin1;
/*!40101 SET character_set_client = @saved_cs_client */;

--
-- Dumping data for table `trusted_partner`
--

LOCK TABLES `trusted_partner` WRITE;
/*!40000 ALTER TABLE `trusted_partner` DISABLE KEYS */;
INSERT INTO `trusted_partner` VALUES (1,'images/photo/CB-8080.png','vishalpatel16@gmail.com',7574865414,'Ally trading','Vishal PAtel','Rajkot','www.facebook.com','www.linkedin.com','9:00 Am To 8:00 PM','',1,'www.twitter.com','Admin','Yes','2017-10-07','Realtor','vishalpatel16@gmail.com'),(2,'images/photo/CB-7979.png','rohit.bhalara123@gmail.com',9909131543,'Ally trading','Raj Kotadiya','bhole pan street','www.facebook.com','www.linkedin.com','9:00 Am To 8:00 PM','',4,'www.twitter.com','Admin','Yes','2017-10-07',NULL,NULL),(3,'images/photo/CB-7676.png','arzoo@gmail.com',8866152292,'Ally trading','Arzoo','Rajkot','www.facebook.com','www.linkedin.com','9:00 Am To 8:00 PM','',3,'www.twitter.com','Admin','Yes','2017-09-26',NULL,NULL),(4,'images/photo/CB-7578.png','vivek@gmail.com',9909131543,'Ally trading','Vivel Patel','Rajkot','www.facebook.com','www.linkedin.com','9:00 Am To 8:00 PM','',4,'www.twitter.com','Admin','Yes','1970-01-01',NULL,NULL),(5,'images/photo/CB-7475.png','hitesh@gmail.com',9909131543,'Ally trading','HItesh Patel','Rajkot','www.facebook.com','www.linkedin.com','Ally trading','',1,'www.twitter.com','Vishal AKbari','No','0000-00-00',NULL,NULL),(6,'images/photo/CB-7874.png','Subhash@gmail.com',9727257906,'Ally trading','Subhsh Patel','Rajkot','www.facebook.com','www.linkedin.com','9:00 Am To 8:00 PM','Nothing',4,'www.twitter.com','Vishal AKbari','Yes','2017-09-18',NULL,NULL),(7,'images/photo/CB-7777.png','hardik@gmail.com',9988556622,'Ally trading','Hardik Patel','Rajkot','www.facebook.com','www.linkedin.com','Ally trading','',3,'www.twitter.com','Admin','Yes','2017-09-18',NULL,NULL),(8,'images/photo/CB-7373.png','manish@gmail.com',9909131543,'Ally trading','Manish Patel','Rajkot','www.facebook.com','www.linkedin.com','Ally trading','',4,'www.twitter.com','Admin','Yes','2017-09-20',NULL,NULL),(11,'images/photo/1520454573.png','car@pent.er',2145256644,'New test','Mr. Carpent','102, Narle Place','abcd','124124','10-5','',1,'asfsafs','Admin','Yes','2018-03-15',NULL,NULL);
/*!40000 ALTER TABLE `trusted_partner` ENABLE KEYS */;
UNLOCK TABLES;

--
-- Table structure for table `url_master`
--

DROP TABLE IF EXISTS `url_master`;
/*!40101 SET @saved_cs_client     = @@character_set_client */;
/*!40101 SET character_set_client = utf8 */;
CREATE TABLE `url_master` (
  `id` int(10) NOT NULL AUTO_INCREMENT,
  `loanofficer_id` int(10) NOT NULL,
  `url` varchar(250) NOT NULL,
  `shorturl` varchar(100) NOT NULL,
  PRIMARY KEY (`id`)
) ENGINE=InnoDB AUTO_INCREMENT=2 DEFAULT CHARSET=latin1;
/*!40101 SET character_set_client = @saved_cs_client */;

--
-- Dumping data for table `url_master`
--

LOCK TABLES `url_master` WRITE;
/*!40000 ALTER TABLE `url_master` DISABLE KEYS */;
INSERT INTO `url_master` VALUES (1,1,'http://localhost:8080/1','b0x2');
/*!40000 ALTER TABLE `url_master` ENABLE KEYS */;
UNLOCK TABLES;
/*!40103 SET TIME_ZONE=@OLD_TIME_ZONE */;

/*!40101 SET SQL_MODE=@OLD_SQL_MODE */;
/*!40014 SET FOREIGN_KEY_CHECKS=@OLD_FOREIGN_KEY_CHECKS */;
/*!40014 SET UNIQUE_CHECKS=@OLD_UNIQUE_CHECKS */;
/*!40101 SET CHARACTER_SET_CLIENT=@OLD_CHARACTER_SET_CLIENT */;
/*!40101 SET CHARACTER_SET_RESULTS=@OLD_CHARACTER_SET_RESULTS */;
/*!40101 SET COLLATION_CONNECTION=@OLD_COLLATION_CONNECTION */;
/*!40111 SET SQL_NOTES=@OLD_SQL_NOTES */;

-- Dump completed on 2018-03-28  8:54:51
